inst_filia_str,n_apariciones,pct,pct_acum,nombre_canonico,sigla,departamento_sede,naturaleza,estado
FUNDACION UNIVERSITARIA CAFAM,19,0.028,90.75,,,,,pendiente_revision
UNIVERSIDAD DE CHILE,19,0.028,90.78,,,,,pendiente_revision
CORPORACION UNIVERSITARIA ANTONIO JOSE DE SUCRE,19,0.028,90.8,,,,,pendiente_revision
UNIVERSIDAD LIBRE SECCIONAL CALI (UNIVERSIDAD LIBRE DE COLOMBIA),19,0.028,90.83,,,,,pendiente_revision
UNIVERSIDAD DE LA COSTA CUC,19,0.028,90.86,,,,,pendiente_revision
CIDET,18,0.026,90.89,,,,,pendiente_revision
ICONTEC INTERNACIONAL,18,0.026,90.91,,,,,pendiente_revision
INSTITUTO DE CANCEROLOGIA S A,18,0.026,90.94,,,,,pendiente_revision
CENTRO DE BIOINFORMATICA Y BIOLOGIA COMPUTACIONAL DE COLOMBIA,18,0.026,90.96,,,,,pendiente_revision
SERVICIO NACIONAL DE APRENDIZAJESENA (SERVICIO NACIONAL DE APRENDIZAJE SENA),18,0.026,90.99,,,,,pendiente_revision
UNIVERSIDAD DE LA COSTA (CORPORACION UNIVERSIDAD DE LA COSTA),18,0.026,91.02,,,,,pendiente_revision
UNIVERSIDAD AUTONOMA DE MADRID,17,0.025,91.04,,,,,pendiente_revision
FUNDACION CENTRO DE INVESTIGACION Y EDUCACION POPULAR C I N E P,17,0.025,91.07,,,,,pendiente_revision
ESCUELA MILITAR DE CADETES GENERAL JOSE MARIA CORDOVA,17,0.025,91.09,,,,,pendiente_revision
INSTITUTO DEPARTAMENTAL DE BELLAS ARTES,17,0.025,91.12,,,,,pendiente_revision
HOSPITAL UNIVERSITARIO DEL VALLE EVARISTO GARCIA E S E,17,0.025,91.14,,,,,pendiente_revision
CLINICA COLSANITAS S A,17,0.025,91.17,,,,,pendiente_revision
FUNDACION CENTRO INTERNACIONAL DE VACUNAS,17,0.025,91.19,,,,,pendiente_revision
ESCUELA COLOMBIANA DE REHABILITACION E C R,17,0.025,91.22,,,,,pendiente_revision
INSTITUCION UNIVERSITARIA BELLAS ARTES Y CIENCIAS DE BOLIVAR,17,0.025,91.24,,,,,pendiente_revision
CORPORACION DE ALTA TECNOLOGIA PARA LA DEFENSA,17,0.025,91.27,,,,,pendiente_revision
INSTITUTO TECNOLOGICO METROPOLITANO,17,0.025,91.29,,,,,pendiente_revision
FUNDACION INTAL,16,0.023,91.31,,,,,pendiente_revision
UNIVERSIDAD DE SANTANDER CAMPUS VALLEDUPAR (UNIVERSIDAD DE SANTANDER),16,0.023,91.34,,,,,pendiente_revision
SOCIEDAD COLOMBIANA DE ANESTESIOLOGIA Y REANIMACION S C A R E,16,0.023,91.36,,,,,pendiente_revision
FUNDACION SALUTIA CENTRO DE ESTUDIOS INNOVACION E INVESTIGACIONES EN SALUD,16,0.023,91.38,,,,,pendiente_revision
FUNDACION UNIVERSITARIA CATOLICA DEL NORTE,16,0.023,91.41,,,,,pendiente_revision
INSTITUTO DE EVALUACION TECNOLOGICA EN SALUD,16,0.023,91.43,,,,,pendiente_revision
PROMIGAS S A E S P,16,0.023,91.45,,,,,pendiente_revision
COLEGIO MAYOR DEL CAUCA INSTITUCION UNIVERSITARIA,16,0.023,91.48,,,,,pendiente_revision
INSTITUTO TOLIMENSE DE FORMACION TECNICA PROFESIONAL ITFIP,16,0.023,91.5,,,,,pendiente_revision
UNIVERSIDAD DE BARCELONA,15,0.022,91.52,,,,,pendiente_revision
UNIVERSIDAD AUTONOMA DE OCCIDENTE SEDE VALLE DEL LILI (UNIVERSIDAD AUTONOMA DE OCCIDENTE),15,0.022,91.54,,,,,pendiente_revision
CENTRO PARA LA FORMACION CAFETERA SENA REGIONAL CALDAS (SERVICIO NACIONAL DE APRENDIZAJE SENA),15,0.022,91.56,,,,,pendiente_revision
UNIVERSIDAD NACIONAL DE COLOMBIA SEDE SAN ANDRES (UNIVERSIDAD NACIONAL DE COLOMBIA),15,0.022,91.59,,,,,pendiente_revision
CORPORACION UNIVERSITARIA AUTONOMA DE NARINO,15,0.022,91.61,,,,,pendiente_revision
UNIVERSIDAD DE SEVILLA,15,0.022,91.63,,,,,pendiente_revision
OBSERVATORIO COLOMBIANO DE CIENCIA Y TECNOLOGIA OCYT,15,0.022,91.65,,,,,pendiente_revision
FUNDACION UNIVERSITARIA SEMINARIO BIBLICO DE COLOMBIA,15,0.022,91.67,,,,,pendiente_revision
CORPORACION UNIVERSITARIA DE ASTURIAS,15,0.022,91.7,,,,,pendiente_revision
INSTITUTO DE CIENCIAS NATURALES U NACIONAL (UNIVERSIDAD NACIONAL DE COLOMBIA),15,0.022,91.72,,,,,pendiente_revision
CENTRO DE INVESTIGACIONES OCEANOGRAFICAS E HIDROGRAFICAS CIOH,14,0.02,91.74,,,,,pendiente_revision
UNIVERSIDAD DE BUENOS AIRES,14,0.02,91.76,,,,,pendiente_revision
ALCALDIA DE MEDELLIN,14,0.02,91.78,,,,,pendiente_revision
CORPORACION DE CIENCIA Y TECNOLOGIA PARA EL DESARROLLO DE LA INDUSTRIA NAVAL MARITIMA Y FLUVIAL COTECMAR,14,0.02,91.8,,,,,pendiente_revision
UNIVERSIDAD DE BOGOTA JORGE TADEO LOZANO SECCIONAL DEL CARIBE (UNIVERSIDAD JORGE TADEO LOZANO),14,0.02,91.82,,,,,pendiente_revision
PROCURADURIA GENERAL DE LA NACION,14,0.02,91.84,,,,,pendiente_revision
UNIVERSIDADE ESTADUAL DE CAMPINAS,14,0.02,91.86,,,,,pendiente_revision
FUERZA AEREA COLOMBIANA,14,0.02,91.88,,,,,pendiente_revision
FUNDACION UNIVERSITARIA EMPRESARIAL DE LA CAMARA DE COMERCIO DE BOGOTA UNIEMPRESARIAL,14,0.02,91.9,,,,,pendiente_revision
CENTRO DE CONTROL DE CANCER LTDA,14,0.02,91.92,,,,,pendiente_revision
HOSPITAL GENERAL DE MEDELLIN LUZ CASTRO DE GUTIERREZ ESE,14,0.02,91.94,,,,,pendiente_revision
FUNDACION UNIVERSITARIA MONSERRATE,14,0.02,91.96,,,,,pendiente_revision
UNIVERSIDAD DE SANTANDER CAMPUS CUCUTA (UNIVERSIDAD DE SANTANDER),14,0.02,91.98,,,,,pendiente_revision
ESCUELA TECNOLOGICA INSTITUTO TECNICO CENTRAL,14,0.02,92.0,,,,,pendiente_revision
UNIVERSIDAD DE ANTIOQUIA SEDE CARMEN DE VIBORAL (UNIVERSIDAD DE ANTIOQUIA),13,0.019,92.02,,,,,pendiente_revision
CENTRO INTERNACIONAL DE FISICA CIF,13,0.019,92.04,,,,,pendiente_revision
CENTRO REGIONAL DE GESTION PARA LA PRODUCTIVIDAD Y LA INNOVACION DE BOYACA CREPIB,13,0.019,92.06,,,,,pendiente_revision
FUNDACION OFTALMOLOGICA NACIONAL,13,0.019,92.07,,,,,pendiente_revision
CENTRO DE INVESTIGACION Y DESARROLLO TECNOLOGICO DE LA INDUSTRIA ELECTRO ELECTRONICA Y TIC,13,0.019,92.09,,,,,pendiente_revision
CAJA DE COMPENSACION FAMILIAR DE RISARALDA,13,0.019,92.11,,,,,pendiente_revision
SERVICIO NACIONAL DE APRENDIZAJE REGIONAL ANTIOQUIA (SERVICIO NACIONAL DE APRENDIZAJE SENA),13,0.019,92.13,,,,,pendiente_revision
ESCUELA DE ADMINISTRACION Y MERCADOTECNIA DEL QUINDIO,13,0.019,92.15,,,,,pendiente_revision
PURDUE UNIVERSITY,13,0.019,92.17,,,,,pendiente_revision
HOSPITAL SIMON BOLIVAR III NIVEL E S E,13,0.019,92.19,,,,,pendiente_revision
ORGANIZACION SANITAS INTERNACIONAL,13,0.019,92.21,,,,,pendiente_revision
UNIVERSIDAD NACIONAL DE COLOMBIA SEDE CARIBE (UNIVERSIDAD NACIONAL DE COLOMBIA),13,0.019,92.23,,,,,pendiente_revision
OBSERVATORIO DEL CARIBE COLOMBIANO,13,0.019,92.25,,,,,pendiente_revision
CORPORACION UNIVERSITARIA UNITEC,13,0.019,92.26,,,,,pendiente_revision
INSTITUTO PARA LA EVALUACION DE LA CALIDAD Y ATENCION EN SALUD IECAS,13,0.019,92.28,,,,,pendiente_revision
ECOPETROL S A,13,0.019,92.3,,,,,pendiente_revision
COLEGIATURA COLOMBIANA INSTITUCION UNIVERSITARIA,13,0.019,92.32,,,,,pendiente_revision
COLOMBIANA DE TRASPLANTES,13,0.019,92.34,,,,,pendiente_revision
VEDAS CORPORACION DE INVESTIGACION E INNOVACION,13,0.019,92.36,,,,,pendiente_revision
CENTRO DE INVESTIGACION Y DE ESTUDIOS AVANZADOS DEL IPN,12,0.018,92.38,,,,,pendiente_revision
UNIVERSIDAD CARLOS III DE MADRID,12,0.018,92.4,,,,,pendiente_revision
INSTITUTO COLOMBIANO PARA LA EVALUACION DE LA EDUCACION,12,0.018,92.41,,,,,pendiente_revision
INSTITUTO DE INVESTIGACIONES AMBIENTALES DEL PACIFICO,12,0.018,92.43,,,,,pendiente_revision
UNIVERSIDAD ANTONIO NARINO POPAYAN (UNIVERSIDAD ANTONIO NARINO),12,0.018,92.45,,,,,pendiente_revision
HOSPITAL DEPARTAMENTAL UNIVERSITARIO DEL QUINDIO SAN JUAN DE DIOS,12,0.018,92.47,,,,,pendiente_revision
ASOCIACION COLOMBIANA PARA EL AVANCE DE LA CIENCIA ACAC,12,0.018,92.49,,,,,pendiente_revision
INSTITUCION PRESTADORA DE SERVICIOS DE SALUD UNIVERSIDAD DE ANTIOQUIA I P S UNIVERSITARIA,12,0.018,92.5,,,,,pendiente_revision
FUND COLOMBIANA PARA LA INVESTIGACION Y CONSERVACION DE TIBURONES Y RAYAS,12,0.018,92.52,,,,,pendiente_revision
CLINICA DE OFTALMOLOGIA DE CALI S A,12,0.018,92.54,,,,,pendiente_revision
FUNDACION UNIVERSITARIA UNITROPICO SEDE YOPAL,12,0.018,92.56,,,,,pendiente_revision
CEMENTOS ARGOS SA,12,0.018,92.58,,,,,pendiente_revision
UNIVERSIDAD COOPERATIVA DE COLOMBIA BUCARAMANGA (UNIVERSIDAD COOPERATIVA DE COLOMBIA),12,0.018,92.59,,,,,pendiente_revision
INSTITUTO DE INVESTIGACIONES INMUNOLOGICAS DE LA UNIVERSIDAD DE CARTAGENA,12,0.018,92.61,,,,,pendiente_revision
UNIVERSIDAD COMPLUTENSE DE MADRID,11,0.016,92.63,,,,,pendiente_revision
CORPORACION REGION,11,0.016,92.64,,,,,pendiente_revision
ESCUELA DE ADMINISTRACION DE NEGOCIOS E A N (UNIVERSIDAD EAN),11,0.016,92.66,,,,,pendiente_revision
ESCUELA MILITAR DE AVIACION MARCO FIDEL SUAREZ EMAVI,11,0.016,92.68,,,,,pendiente_revision
CLINICA MEDELLIN,11,0.016,92.69,,,,,pendiente_revision
FUNDACION UNIVERSITARIA CIEO UNICIEO,11,0.016,92.71,,,,,pendiente_revision
FUNDACION OMACHA 6502,11,0.016,92.72,,,,,pendiente_revision
CORPORACION GEOLOGICA ARES,11,0.016,92.74,,,,,pendiente_revision
UNIVERSIDAD ANTONIO NARINO BARRANQUILLA (UNIVERSIDAD ANTONIO NARINO),11,0.016,92.76,,,,,pendiente_revision
NEW STETIC S A,11,0.016,92.77,,,,,pendiente_revision
CLINICA OFTALMOLOGICA DEL CARIBE SAS,11,0.016,92.79,,,,,pendiente_revision
FUNDACION DE ESTUDIOS SUPERIORES COMFANORTE,11,0.016,92.8,,,,,pendiente_revision
UNIVERSIDAD NACIONAL AUTONOMA DE MEXICO,11,0.016,92.82,,,,,pendiente_revision
UNIVERSIDAD DEL VALLE SEDE PALMIRA (UNIVERSIDAD DEL VALLE),10,0.015,92.83,,,,,pendiente_revision
UNIVERSIDAD ANTONIO NARINO BUCARAMANGA (UNIVERSIDAD ANTONIO NARINO),10,0.015,92.85,,,,,pendiente_revision
KAROLINSKA INSTITUTET,10,0.015,92.86,,,,,pendiente_revision
CORPORACION INSTITUTO LATINOAMERICANO DE ALTOS ESTUDIOS,10,0.015,92.88,,,,,pendiente_revision
UNIVERSIDAD SANTO TOMAS MEDELLIN (UNIVERSIDAD SANTO TOMAS),10,0.015,92.89,,,,,pendiente_revision
SERVICIO NACIONAL DE APRENDIZAJE SENA SEDE MOSQUERA (SERVICIO NACIONAL DE APRENDIZAJE SENA),10,0.015,92.91,,,,,pendiente_revision
COMPANIA NACIONAL DE CHOCOLATES SAS,10,0.015,92.92,,,,,pendiente_revision
INSTITUTO COLOMBIANO DE NEUROPEDAGOGIA,10,0.015,92.94,,,,,pendiente_revision
SELVA INVESTIGACION PARA LA CONSERVACION EN EL NEOTROPICO,10,0.015,92.95,,,,,pendiente_revision
HOSPITAL UNIVERSITARIO CLINICA SAN RAFAEL,10,0.015,92.97,,,,,pendiente_revision
PROYECTO DE CONSERVACION DE AGUAS Y TIERRAS,10,0.015,92.98,,,,,pendiente_revision
FUNDACION CENTRO DE INVESTIGACION EN MODELACION EMPRESARIAL DEL CARIBE,10,0.015,93.0,,,,,pendiente_revision
SERVICIO NACIONAL DE APRENDIZAJE SENA REGIONAL GUAJIRA (SERVICIO NACIONAL DE APRENDIZAJE SENA),10,0.015,93.01,,,,,pendiente_revision
CORPORACION ESCUELA DE ARTES Y LETRAS INSTITUCION UNIVERSITARIA,10,0.015,93.03,,,,,pendiente_revision
DISTRITO ESPECIAL INDUSTRIAL Y PORTUARIO DE BARRANQUILLA (ALCALDIA DISTRITAL DE BARRANQUILLA),10,0.015,93.04,,,,,pendiente_revision
FUNDACION IDEAL PARA LA REHABILITACION INTEGRAL JULIO H CALONJE,10,0.015,93.06,,,,,pendiente_revision
EJERCITO NACIONAL DE COLOMBIA DIRECCION DE SANIDAD,10,0.015,93.07,,,,,pendiente_revision
POLICIA NACIONAL DE COLOMBIA,10,0.015,93.09,,,,,pendiente_revision
ESCUELA SUPERIOR DE ADMINISTRACION PUBLICA ESAP,10,0.015,93.1,,,,,pendiente_revision
CLINICA LAS AMERICAS,10,0.015,93.12,,,,,pendiente_revision
CENTRO CARDIOVASCULAR COLOMBIANO CLINICA SANTA MARIA,10,0.015,93.13,,,,,pendiente_revision
FUNDACION PARA LA EDUCACION SUPERIOR Y EL DESARROLLO FEDESARROLLO,9,0.013,93.15,,,,,pendiente_revision
ASOCIACION DE BANANEROS DE COLOMBIA (CENTRO DE INVESTIGACIONES DEL BANANO CENIBANANO),9,0.013,93.16,,,,,pendiente_revision
HARVARD UNIVERSITY,9,0.013,93.17,,,,,pendiente_revision
CENTRO NACIONAL DE CONSULTORIA,9,0.013,93.19,,,,,pendiente_revision
INSTITUTO PARA LA INVESTIGACION EDUCATIVA Y EL DESARROLLO PEDAGOGICO,9,0.013,93.2,,,,,pendiente_revision
CENTRO DE DESARROLLO TECNOLOGICO DE ASISTENCIA TECNICA A LA INDUSTRIA SENA ASTIN (SERVICIO NACIONAL DE APRENDIZAJE SENA),9,0.013,93.21,,,,,pendiente_revision
FUNDACION PROMIGAS,9,0.013,93.23,,,,,pendiente_revision
DEPARTAMENTO ADMINISTRATIVO NACIONAL DE ESTADISTICA DANE,9,0.013,93.24,,,,,pendiente_revision
INSTITUTO TECNOLOGICO Y DE ESTUDIOS SUPERIORES DE MONTERREY ITESM,9,0.013,93.25,,,,,pendiente_revision
MALOKA CENTRO INTERACTIVO DE CIENCIA Y TECNOLOGIA,9,0.013,93.26,,,,,pendiente_revision
CORPORACION INDUSTRIAL MINUTO DE DIOS,9,0.013,93.28,,,,,pendiente_revision
UNIVERSIDADE FEDERAL DE MINAS GERAIS,9,0.013,93.29,,,,,pendiente_revision
INSTITUTO ROOSEVELT,9,0.013,93.3,,,,,pendiente_revision
FUNDACION DE EDUCACION SUPERIOR SAN JOSE,9,0.013,93.32,,,,,pendiente_revision
HOSPITAL INFANTIL NAPOLEON FRANCO PAREJA,9,0.013,93.33,,,,,pendiente_revision
ONE SOLUTION POSITION,9,0.013,93.34,,,,,pendiente_revision
INSTITUTO TECNICO AGRICOLA,9,0.013,93.36,,,,,pendiente_revision
CONICET,9,0.013,93.37,,,,,pendiente_revision
UNIVERSIDAD SANTIAGO DE CALI SEDE PRINCIPAL (UNIVERSIDAD SANTIAGO DE CALI),9,0.013,93.38,,,,,pendiente_revision
MINISTERIO DE SALUD Y PROTECCION SOCIAL,9,0.013,93.39,,,,,pendiente_revision
NANOMAT SAS,9,0.013,93.41,,,,,pendiente_revision
CENTRO DE INVESTIGACIONES UNIVERSIDAD MANUELA BELTRAN C I U M B,9,0.013,93.42,,,,,pendiente_revision
UNIVERSIDAD NACIONAL DE COLOMBIA SEDE MANIZALES,9,0.013,93.43,,,,,pendiente_revision
UNIVERSIDAD DE BOGOTA JORGE TADEO LOZANO (UNIVERSIDAD JORGE TADEO LOZANO),9,0.013,93.45,,,,,pendiente_revision
CENTRO DE BIOTECNOLOGIA INDUSTRIAL SENA (SERVICIO NACIONAL DE APRENDIZAJE SENA),9,0.013,93.46,,,,,pendiente_revision
COLCAFE SAS,9,0.013,93.47,,,,,pendiente_revision
UNIVERSIDAD COOPERATIVA DE COLOMBIA CAMPUS BOGOTA (UNIVERSIDAD COOPERATIVA DE COLOMBIA),9,0.013,93.49,,,,,pendiente_revision
UNIVERSITY OF ILLINOIS,8,0.012,93.5,,,,,pendiente_revision
JOHNS HOPKINS UNIVERSITY,8,0.012,93.51,,,,,pendiente_revision
UNIVERSITAT ROVIRA I VIRGILI,8,0.012,93.52,,,,,pendiente_revision
CORNELL UNIVERSITY DYSON SCHOOL OF APPLIED ECONOMICS AND MANAGEMENT,8,0.012,93.53,,,,,pendiente_revision
BIOTECNOLOGIA Y GENETICA S A,8,0.012,93.55,,,,,pendiente_revision
FUNDACION NATURA COLOMBIA,8,0.012,93.56,,,,,pendiente_revision
CENTRO DE ESTUDIOS EN PROTECCION SOCIAL Y ECONOMIA DE LA SALUD,8,0.012,93.57,,,,,pendiente_revision
CORPORACION PARA LA INVESTIGACION Y DESARROLLO EN ASFALTOS EN EL SECTOR TRANSPORTE E INDUSTRIAL CORASFALTOS,8,0.012,93.58,,,,,pendiente_revision
UNIVERSIDAD NACIONAL DE COLOMBIA SEDE ARAUCA (UNIVERSIDAD NACIONAL DE COLOMBIA),8,0.012,93.59,,,,,pendiente_revision
CENTRO DE LA CIENCIA Y LA INVESTIGACION FARMACEUTICA,8,0.012,93.61,,,,,pendiente_revision
CORPORACION HOSPITALARIA JUAN CIUDAD,8,0.012,93.62,,,,,pendiente_revision
INSTITUTO COLOMBIANO AGROPECUARIO ICA,8,0.012,93.63,,,,,pendiente_revision
CLINICA UNIVERSIDAD DE LA SABANA,8,0.012,93.64,,,,,pendiente_revision
MISION VERDE AMAZONIA CORPORACION PARA EL DESARROLLO SOSTENIBLE Y MITIGACION DE CAMBIO CLIMATICO,8,0.012,93.65,,,,,pendiente_revision
SERVICIO NACIONAL DE APRENDIZAJE REGIONAL BOLIVAR SENA (SERVICIO NACIONAL DE APRENDIZAJE SENA),8,0.012,93.67,,,,,pendiente_revision
HOSPITAL UNIVERSITARIO HERNANDO MONCALEANO PERDOMO,8,0.012,93.68,,,,,pendiente_revision
FUNDACION CSTAR SCIENCE TEHNOLOGY ADVANCED RESEARCH,8,0.012,93.69,,,,,pendiente_revision
UNIVERSITY OF PITTSBURGH,8,0.012,93.7,,,,,pendiente_revision
GRUPO ZAMBRANO S A S,8,0.012,93.71,,,,,pendiente_revision
CLINICA UNIVERSITARIA COLOMBIA,8,0.012,93.73,,,,,pendiente_revision
ALZAK FOUNDATION,8,0.012,93.74,,,,,pendiente_revision
CORPORACIÓN COLOMBIANA DE INVESTIGACIÓN AGROPECUARIA AGROSAVIA CENTRO DE INVESTIGACIÓN TIBAITATÁ (CORPORACION COLOMBIANA DE INVESTIGACION AGROPECUARIA AGROSAVIA),8,0.012,93.75,,,,,pendiente_revision
COLEGIO MAYOR DE BOLIVAR,8,0.012,93.76,,,,,pendiente_revision
TALLER CINCO CENTRO DE DISENO,8,0.012,93.77,,,,,pendiente_revision
UNIVERSIDAD DE GUADALAJARA,8,0.012,93.79,,,,,pendiente_revision
UNIVERSIDAD NACIONAL DE COLOMBIA SEDE PALMIRA,8,0.012,93.8,,,,,pendiente_revision
BANCO DE LA REPUBLICA BOGOTA,7,0.01,93.81,,,,,pendiente_revision
CORPORACION PARQUE EXPLORA,7,0.01,93.82,,,,,pendiente_revision
ALCALDIA MAYOR DE BOGOTA,7,0.01,93.83,,,,,pendiente_revision
SOCIEDAD COLOMBIANA DE FISICA,7,0.01,93.84,,,,,pendiente_revision
INSTITUTO VALLECAUCANO DE INVESTIGACIONES CIENTIFICAS INCIVA (INSTITUTO PARA LA INVESTIGACION Y PRESERVACION DEL PATRIMONIO CULTURAL Y NATURAL DEL VALLE DEL CAUCA),7,0.01,93.85,,,,,pendiente_revision
CAMARA DE COMERCIO DE BOGOTA,7,0.01,93.86,,,,,pendiente_revision
INSTITUTO DE EPILEPSIA Y PARKINSON DEL EJE CAFETERO SA,7,0.01,93.87,,,,,pendiente_revision
FUNDACION PARA LA INVESTIGACION Y EL DESARROLLO SOSTENIBLE,7,0.01,93.88,,,,,pendiente_revision
UNIVERSIDAD POLITECNICA DE VALENCIA INTERNACIONAL,7,0.01,93.89,,,,,pendiente_revision
CENTRO NACIONAL DE INVESTIGACIONES PARA LA AGROINDUSTRIALIZACION DE ESPECIES VEGETALES AROMATICAS Y MEDICINALES TROPICALES,7,0.01,93.9,,,,,pendiente_revision
SECRETARIA DE EDUCACION DISTRITO CAPITAL (ALCALDIA MAYOR DE BOGOTA),7,0.01,93.91,,,,,pendiente_revision
UNIVERSIDAD DE MURCIA,7,0.01,93.92,,,,,pendiente_revision
GRUPO DE INVESTIGACION Y EDITORIAL KAVILANDO,7,0.01,93.93,,,,,pendiente_revision
UNIVERSIDAD DE VIGO,7,0.01,93.94,,,,,pendiente_revision
GEORGIA INSTITUTE OF TECHNOLOGY,7,0.01,93.95,,,,,pendiente_revision
FUNDACION JARDIN BOTANICO JOAQUIN ANTONIO URIBE COD ANTIGUO 2107,7,0.01,93.96,,,,,pendiente_revision
UNIVERSIDAD NACIONAL DE COLOMBIA SEDE NARINO (UNIVERSIDAD NACIONAL DE COLOMBIA),7,0.01,93.97,,,,,pendiente_revision
UNIVERSIDAD DE ZARAGOZA,7,0.01,93.98,,,,,pendiente_revision
CORPORACION INSTITUTO ANTIOQUENO DE INVESTIGACION,7,0.01,93.99,,,,,pendiente_revision
LOGYCAINVESTIGACION,7,0.01,94.0,,,,,pendiente_revision
UNIVERSIDAD DE GRANADA,7,0.01,94.01,,,,,pendiente_revision
INDUSTRIAS TECSOL LTDA,7,0.01,94.02,,,,,pendiente_revision
FUNDACION ESCUELA TECNOLOGICA DE NEIVA JESUS OVIEDO PEREZ,7,0.01,94.03,,,,,pendiente_revision
UNIVERSIDAD ANTONIO NARINO ARMENIA (UNIVERSIDAD ANTONIO NARINO),7,0.01,94.04,,,,,pendiente_revision
CEDIUL SA,7,0.01,94.05,,,,,pendiente_revision
FUNDACION UNIVERSITARIA BELLAS ARTES,7,0.01,94.06,,,,,pendiente_revision
CORPORACION MAVI,7,0.01,94.07,,,,,pendiente_revision
INSTITUTO DE PROGRAMACION Y SISTEMAS DEL NORTE S A S,7,0.01,94.08,,,,,pendiente_revision
PROGRAMA DE ESTUDIO Y CONTROL DE ENFERMEDADES TROPICALES,7,0.01,94.09,,,,,pendiente_revision
UNIVERSIDAD LIBRE SEDE BOGOTA (UNIVERSIDAD LIBRE DE COLOMBIA),7,0.01,94.1,,,,,pendiente_revision
SECRETARIA DISTRITAL DE SALUD,7,0.01,94.11,,,,,pendiente_revision
SUB RED INTEGRADA DE SERVICIOS DE SALUD CENTRO ORIENTE ESE,7,0.01,94.12,,,,,pendiente_revision
UNIVERSIDAD SUR COLOMBIANA DE NEIVA (UNIVERSIDAD SURCOLOMBIANA),7,0.01,94.13,,,,,pendiente_revision
UNIVERSIDAD SAN BUENAVENTURA CALI,7,0.01,94.14,,,,,pendiente_revision
UNIVERSITAT DE VALENCIA,7,0.01,94.15,,,,,pendiente_revision
HOSPITAL SAN JOSE (SOCIEDAD DE CIRUGIA DE BOGOTA HOSPITAL DE SAN JOSE),7,0.01,94.16,,,,,pendiente_revision
CORPORACION UNIVERSITARIA MINUTO DE DIOS (CORPORACION UNIVERSITARIA MINUTO DE DIOS UNIMINUTO),7,0.01,94.17,,,,,pendiente_revision
PONTIFICIA UNIVERSIDAD CATOLICA DE CHILE,7,0.01,94.18,,,,,pendiente_revision
PUNTO ESTRATEGICO RED DE CONSULTORES SAS,7,0.01,94.19,,,,,pendiente_revision
CLINICA RAFAEL URIBE URIBE ISS,6,0.009,94.2,,,,,pendiente_revision
CENTRO DE INVESTIGACION CIENTIFICA CAUCASECO LTDA,6,0.009,94.21,,,,,pendiente_revision
FUNDACION CANGURO,6,0.009,94.21,,,,,pendiente_revision
ACADEMIA NACIONAL DE MEDICINA,6,0.009,94.22,,,,,pendiente_revision
ASOCIACION COLOMBIANA DE FISIOTERAPIA ASCOFI,6,0.009,94.23,,,,,pendiente_revision
ASOCIACION COLOMBIANA DE INGENIEROS ELECTRICISTAS MECANICOS Y ELECTRONICOS ACIEM,6,0.009,94.24,,,,,pendiente_revision
ASOCIACION COLOMBIANA DE INFECTOLOGIA,6,0.009,94.25,,,,,pendiente_revision
CORPORACION AUTONOMA REGIONAL DE CUNDINAMARCA,6,0.009,94.26,,,,,pendiente_revision
FUNDACION UNIVERSITARIA CLARETIANA,6,0.009,94.27,,,,,pendiente_revision
UNIVERSIDAD POLITECNICA DE MADRID,6,0.009,94.28,,,,,pendiente_revision
INSTITUCION UNIVERSITARIA COLOMBO AMERICANA,6,0.009,94.29,,,,,pendiente_revision
HOSPITAL SANTA CLARA E S E,6,0.009,94.3,,,,,pendiente_revision
ASOCIACION COLOMBIANA DE PORCICULTORES,6,0.009,94.3,,,,,pendiente_revision
CENTRO DE INVESTIGACION DE LAS TELECOMUNICACIONES CINTEL,6,0.009,94.31,,,,,pendiente_revision
UNIVERSIDAD NACIONAL ABIERTA Y A DISTANCIA UNAD SEDE PASTO (UNIVERSIDAD NACIONAL ABIERTA Y A DISTANCIA),6,0.009,94.32,,,,,pendiente_revision
COLMEDICA MEDICINA PREPAGADA S A,6,0.009,94.33,,,,,pendiente_revision
UNIVERSIDAD FEDERAL DE RIO DE JANEIRO UFRJ,6,0.009,94.34,,,,,pendiente_revision
UNIVERSIDADE FEDERAL DO RIO GRANDE DO NORTE,6,0.009,94.35,,,,,pendiente_revision
SOLLA SA,6,0.009,94.36,,,,,pendiente_revision
INSTITUTO DE ESTUDIOS DEL MINISTERIO PUBLICO,6,0.009,94.37,,,,,pendiente_revision
TEAM INGENIERIA DE CONOCIMIENTO LTDA,6,0.009,94.38,,,,,pendiente_revision
UNIVERSITY OF GRONINGEN,6,0.009,94.39,,,,,pendiente_revision
RENSSELAER POLYTECHNIC INSTITUTE,6,0.009,94.39,,,,,pendiente_revision
INNOVACION Y COMPETITIVIDAD SAS,6,0.009,94.4,,,,,pendiente_revision
ESCUELA NAVAL DE SUBOFICIALES ARC BARRANQUILLA,6,0.009,94.41,,,,,pendiente_revision
INSTITUCION UNIVERSITARIA ESCOLME,6,0.009,94.42,,,,,pendiente_revision
EMPRESA COLOMBIANA DE PRODUCTOS VETERINARIOS,6,0.009,94.43,,,,,pendiente_revision
CONSTRUCTORA CONCONCRETO S A,6,0.009,94.44,,,,,pendiente_revision
FISCALIA GENERAL DE LA NACION,6,0.009,94.45,,,,,pendiente_revision
UNIVERSIDAD DE LA GUAJIRA SEDE FONSECA (UNIVERSIDAD DE LA GUAJIRA),6,0.009,94.46,,,,,pendiente_revision
CORPORACION UNIVERSITARIA EMPRESARIAL DE SALAMANCA,6,0.009,94.47,,,,,pendiente_revision
FUNDACION UNIVERSITARIA CERVANTES SAN AGUSTIN,6,0.009,94.48,,,,,pendiente_revision
CORPORACION DE ESTUDIOS TECNOLOGICOS DEL NORTE DEL VALLE,6,0.009,94.48,,,,,pendiente_revision
HELPHARMA,6,0.009,94.49,,,,,pendiente_revision
CENTRO DE INVESTIGACION CORPOICA C I LA LIBERTAD (CORPORACION COLOMBIANA DE INVESTIGACION AGROPECUARIA AGROSAVIA),6,0.009,94.5,,,,,pendiente_revision
INSTITUTO TOBIAS EMANUEL,6,0.009,94.51,,,,,pendiente_revision
SECRETARIA DE EDUCACION DEL DISTRITO (ALCALDIA MAYOR DE BOGOTA),6,0.009,94.52,,,,,pendiente_revision
UNIVERSIDAD DE LA GUAJIRA UNIGUAJIRA,6,0.009,94.53,,,,,pendiente_revision
UNIVERSIDAD PEDAGOGICA Y TECNOLOGICA DE COLOMBIA UPTC SEDE SOGAMOSO (UNIVERSIDAD PEDAGOGICA Y TECNOLOGICA DE COLOMBIA),6,0.009,94.54,,,,,pendiente_revision
ESCUELA COLOMBIANA DE CARRERAS INDUSTRIALES,6,0.009,94.55,,,,,pendiente_revision
SERVICIO NACIONAL DE APRENDIZAJE SENA CENTRO DE COMERCIO (SERVICIO NACIONAL DE APRENDIZAJE SENA),6,0.009,94.56,,,,,pendiente_revision
INSTITUTO DISTRITAL DE CIENCIA BIOTECNOLOGIA E INNOVACION EN SALUD,6,0.009,94.57,,,,,pendiente_revision
UNIVERSIDAD DE CUNDINAMARCA FGGA,6,0.009,94.57,,,,,pendiente_revision
INSTITUTO NACIONAL DE FORMACION TECNICA PROFESIONAL HUMBERTO VELASQUEZ GARCIA,6,0.009,94.58,,,,,pendiente_revision
UNIVERSIDAD DEL ROSARIO,6,0.009,94.59,,,,,pendiente_revision
GRUPO DE NEUROCIENCIAS DE ANTIOQUIA,6,0.009,94.6,,,,,pendiente_revision
ESCUELA DE INTELIGENCIA Y CONTRAINTELIGENCIA BG RICARDO CHARRY SOLANO,6,0.009,94.61,,,,,pendiente_revision
CORPORACION UNIVERSITARIA DE LA COSTA,6,0.009,94.62,,,,,pendiente_revision
EJERCITO DE COLOMBIA DIRECCION DE CIENCIA Y TECNOLOGIA,6,0.009,94.63,,,,,pendiente_revision
UNIVERSIDAD DE ANDALUCIA,6,0.009,94.64,,,,,pendiente_revision
UNIVERSIDAD LIBRE SECCIONAL BARRANQUILLA (UNIVERSIDAD LIBRE DE COLOMBIA),6,0.009,94.65,,,,,pendiente_revision
CORPORACION UNIVERSITARIA MINUTO DE DIOS SEDE BELLO (CORPORACION UNIVERSITARIA MINUTO DE DIOS UNIMINUTO),6,0.009,94.66,,,,,pendiente_revision
AUDITORIA GENERAL DE LA REPUBLICA,6,0.009,94.66,,,,,pendiente_revision
COLEGIO MAYOR DE NUESTRA SENORA DEL ROSARIO,6,0.009,94.67,,,,,pendiente_revision
UNIVERSITAT POMPEU FABRA,5,0.007,94.68,,,,,pendiente_revision
UNIVERSITY OF WISCONSIN MADISON,5,0.007,94.69,,,,,pendiente_revision
ASOCIACION COLOMBIANA DE LA SALUD ASSALUD,5,0.007,94.69,,,,,pendiente_revision
SOCIEDAD COLOMBIANA DE LA CIENCIA DEL SUELO,5,0.007,94.7,,,,,pendiente_revision
ESCUELA NACIONAL SINDICAL ENS,5,0.007,94.71,,,,,pendiente_revision
CORPORACION CENTRO DE CIENCIA Y TECNOLOGIA DE ANTIOQUIA,5,0.007,94.72,,,,,pendiente_revision
CORPORACION PARA LA EDUCACION Y LAS TICS,5,0.007,94.72,,,,,pendiente_revision
FACULDADE DE CIENCIAS AGRARIAS E VETERINARIAS DE JABOTICABAL (UNIVERSIDADE ESTADUAL PAULISTA JULIO DE MESQUITA FILHO),5,0.007,94.73,,,,,pendiente_revision
ESCUELA SUPERIOR DE ADMINISTRACION PUBLICA ESAP SEDE BOYACA (ESCUELA SUPERIOR DE ADMINISTRACION PUBLICA),5,0.007,94.74,,,,,pendiente_revision
MINISTERIO DE RELACIONES EXTERIORES MINRELEXT,5,0.007,94.74,,,,,pendiente_revision
INTERNATIONAL CORPORATION OF NETWORKS OF KNOWLEDGE ICONK,5,0.007,94.75,,,,,pendiente_revision
INTERCONEXION ELECTRICA S A ISA,5,0.007,94.76,,,,,pendiente_revision
EMURACENTER LATINOAMERICA,5,0.007,94.76,,,,,pendiente_revision
CORPORACION UNIVERSITARIA DE COLOMBIA IDEAS,5,0.007,94.77,,,,,pendiente_revision
TECNAS S A,5,0.007,94.78,,,,,pendiente_revision
ESCUELA SUPERIOR DE ADMINISTRACION PUBLICA ESAP SEDE CALI (ESCUELA SUPERIOR DE ADMINISTRACION PUBLICA),5,0.007,94.79,,,,,pendiente_revision
GENES,5,0.007,94.79,,,,,pendiente_revision
UNIVERSIDAD DE BRASILIA,5,0.007,94.8,,,,,pendiente_revision
MASSACHUSETTS INSTITUTE OF TECHNOLOGY MIT,5,0.007,94.81,,,,,pendiente_revision
CAMARA DE COMERCIO DE CARTAGENA,5,0.007,94.81,,,,,pendiente_revision
DIRECCION GENERAL MARITIMA DIMAR,5,0.007,94.82,,,,,pendiente_revision
CENTRO DE PRODUCTIVIDAD Y COMPETITIVIDAD DEL ORIENTE,5,0.007,94.83,,,,,pendiente_revision
MINISTERIO DEL INTERIOR MININTERIOR,5,0.007,94.83,,,,,pendiente_revision
INTER TELCO S A S,5,0.007,94.84,,,,,pendiente_revision
UNIVERSIDAD DE LA LAGUNA,5,0.007,94.85,,,,,pendiente_revision
FUNDACION HOSPITAL INFANTIL UNIVERSITARIO DE SAN JOSE,5,0.007,94.86,,,,,pendiente_revision
CORPORACION AUTONOMA REGIONAL DE LA GUAJIRA,5,0.007,94.86,,,,,pendiente_revision
CLINICA PULMONAR Y DEL SUENO SAS,5,0.007,94.87,,,,,pendiente_revision
MINISTERIO DE SALUD PUBLICA MINSALUD,5,0.007,94.88,,,,,pendiente_revision
ANGIOGRAFIA DE OCCIDENTE,5,0.007,94.88,,,,,pendiente_revision
ESCUELA DE INGENIEROS MILITARES,5,0.007,94.89,,,,,pendiente_revision
CORPORACION CLAYUCA,5,0.007,94.9,,,,,pendiente_revision
FUNDACION DEL CARIBE PARA LA INVESTIGACION BIOMEDICA,5,0.007,94.9,,,,,pendiente_revision
UNIVERSITY OF TORONTO,5,0.007,94.91,,,,,pendiente_revision
CORPORACION CENTRO DE DESARROLLO TECNOLOGICO DEL GAS,5,0.007,94.92,,,,,pendiente_revision
UNIVERSIDAD AUTONOMA DE NUEVO LEON,5,0.007,94.93,,,,,pendiente_revision
FUNDACION HUMEDALES,5,0.007,94.93,,,,,pendiente_revision
FUNDACION SALUD DE LOS ANDES,5,0.007,94.94,,,,,pendiente_revision
ACADEMIA COLOMBIANA DE HISTORIA,5,0.007,94.95,,,,,pendiente_revision
ASOCIACION FUNDACION DE INVESTIGACION MICROBIOMAS,5,0.007,94.95,,,,,pendiente_revision
INSTITUTO NACIONAL DE FORMACION TECNICA PROFESIONAL DE SAN JUAN DEL CESAR,5,0.007,94.96,,,,,pendiente_revision
FUNDACION MENTES EN TRANSICION,5,0.007,94.97,,,,,pendiente_revision
INSTITUTO SUPERIOR DE EDUCACION RURAL ISER,5,0.007,94.97,,,,,pendiente_revision
FUNDACION UNIVERSITARIA SEMINARIO TEOLOGICO BAUTISTA INTERNACIONAL,5,0.007,94.98,,,,,pendiente_revision
ASOCIACION PROBIENESTAR DE LA FAMILIA COLOMBIANA PROFAMILIA,5,0.007,94.99,,,,,pendiente_revision
RYMEL INGENIERIA ELECTRICA S A S,5,0.007,95.0,,,,,pendiente_revision
FUNDACION UNIVERSITARIA COMFAMILIAR RISARALDA,5,0.007,95.0,,,,,pendiente_revision
INTEGRA SA,5,0.007,95.01,,,,,pendiente_revision
CAMARA DE COMERCIO DE IBAGUE,5,0.007,95.02,,,,,pendiente_revision
UNIVERSIDAD LIBRE DE COLOMBIA SOCORRO (UNIVERSIDAD LIBRE DE COLOMBIA),5,0.007,95.02,,,,,pendiente_revision
ESCUELA DE POSTGRADOS DE POLICIA MIGUEL ANTONIO LLERAS PIZARRO,5,0.007,95.03,,,,,pendiente_revision
UNIVERSIDADE FEDERAL DE VICOSA,5,0.007,95.04,,,,,pendiente_revision
ESCUELA SUPERIOR DE OFTALMOLOGIA DEL INSTITUTO BARRAQUER DE AMERICA,5,0.007,95.04,,,,,pendiente_revision
INSTITUCION TECNOLOGICA COLEGIO MAYOR DE BOLIVAR,5,0.007,95.05,,,,,pendiente_revision
CLINICA DEL PRADO,5,0.007,95.06,,,,,pendiente_revision
UNIVERSITY OF FLORIDA,5,0.007,95.07,,,,,pendiente_revision
UNIVERSIDAD DISTRITAL FRANCISCO JOSE DE CALDAS FACULTAD TECNOLOGICA (UNIVERSIDAD DISTRITAL FRANCISCO JOSE DE CALDAS),5,0.007,95.07,,,,,pendiente_revision
HOSPITAL UNIVERSITARIO SAN JOSE DE POPAYAN,5,0.007,95.08,,,,,pendiente_revision
FUNDACION UNIVERSITARIA DEL AREA ANDINA VALLEDUPAR (FUNDACION UNIVERSITARIA DEL AREA ANDINA),5,0.007,95.09,,,,,pendiente_revision
FUNDACION UNIVERSITARIA DEL AREA ANDINA SECCIONAL PEREIRA (FUNDACION UNIVERSITARIA DEL AREA ANDINA),5,0.007,95.09,,,,,pendiente_revision
CLINICA CES,5,0.007,95.1,,,,,pendiente_revision
UNITEC,5,0.007,95.11,,,,,pendiente_revision
UNIVERSIDAD DE SALAMANCA,5,0.007,95.11,,,,,pendiente_revision
UNIVERSIDAD DE CUNDINAMARCA SEDE GIRARDOT UDEC (UNIVERSIDAD DE CUNDINAMARCA),5,0.007,95.12,,,,,pendiente_revision
HOSPITAL DEPARTAMENTAL UNIVERSITARIO SANTA SOFIA DE CALDAS,5,0.007,95.13,,,,,pendiente_revision
UNIVERSIDAD DEL VALLE SEDE ZARZAL (UNIVERSIDAD DEL VALLE),5,0.007,95.14,,,,,pendiente_revision
UNIVERSIDAD DE OVIEDO,5,0.007,95.14,,,,,pendiente_revision
ESENTTIA SA,5,0.007,95.15,,,,,pendiente_revision
NEUROECONOMIX SAS,5,0.007,95.16,,,,,pendiente_revision
EJERCITO DE COLOMBIA,5,0.007,95.16,,,,,pendiente_revision
CORPORACION TECNOLOGICA INDOAMERICA,5,0.007,95.17,,,,,pendiente_revision
FUNDACION CALIMA,5,0.007,95.18,,,,,pendiente_revision
CENTRO DE EXCELENCIA EN NUEVOS MATERIALES CENM,4,0.006,95.18,,,,,pendiente_revision
ASOCIACION COLOMBIANA DE PSIQUIATRIA,4,0.006,95.19,,,,,pendiente_revision
DEPARTAMENTO NACIONAL DE PLANEACION DNP,4,0.006,95.2,,,,,pendiente_revision
CENTRO DE INVESTIGACIONES DE LA UNIVERSIDAD PEDAGOGICA NACIONAL (UNIVERSIDAD PEDAGOGICA NACIONAL),4,0.006,95.2,,,,,pendiente_revision
ASOCIACION COLOMBIANA DE HISTORIADORES,4,0.006,95.21,,,,,pendiente_revision
EMPRESA SOCIAL DEL ESTADO HOSPITAL SAN VICENTE DE PAUL DE SANTA ROSA DE CABAL,4,0.006,95.21,,,,,pendiente_revision
AUBURN UNIVERSITY,4,0.006,95.22,,,,,pendiente_revision
UNIVERSIDAD AUTONOMA METROPOLITANA,4,0.006,95.23,,,,,pendiente_revision
EMPRESA DE ACUEDUCTO Y ALCANTARILLADO DE BOGOTA E A A B,4,0.006,95.23,,,,,pendiente_revision
ASOCIACION TURMEQUE,4,0.006,95.24,,,,,pendiente_revision
ORGANIZACION PARA LA EXCELENCIA DE LA SALUD,4,0.006,95.24,,,,,pendiente_revision
SERVICIO NACIONAL DE APRENDIZAJE SENA SEDE GUADALAJARA DE BUGA (SERVICIO NACIONAL DE APRENDIZAJE SENA),4,0.006,95.25,,,,,pendiente_revision
UNIVERSITY OF SHEFFIELD,4,0.006,95.26,,,,,pendiente_revision
COMISION COLOMBIANA DEL OCEANO CCO,4,0.006,95.26,,,,,pendiente_revision
CENTRO DE INVESTIGACION PARA EL MANEJO AMBIENTAL Y EL DESARROLLO,4,0.006,95.27,,,,,pendiente_revision
ASOCIACION COLOMBIANA DE GERONTOLOGIA Y GERIATRIA,4,0.006,95.27,,,,,pendiente_revision
CORPORACION DE CENTRO DE INVESTIGACION CARBONO BOSQUES,4,0.006,95.28,,,,,pendiente_revision
CENTRO DE INVESTIGACIONES EN BIOMODELOS,4,0.006,95.29,,,,,pendiente_revision
CENTRO DE ESTUDIOS REGIONALES CAFETEROS Y EMPRESARIALES CRECE,4,0.006,95.29,,,,,pendiente_revision
UNIVERSIDAD DEL VALLE SEDE BUENAVENTURA (UNIVERSIDAD DEL VALLE),4,0.006,95.3,,,,,pendiente_revision
CORPORACION AUTONOMA REGIONAL DEL CENTRO DE ANTIOQUIA CORANTIOQUIA,4,0.006,95.3,,,,,pendiente_revision
SERVICIO NACIONAL DE APRENDIZAJE REGIONAL MEDELLIN SENA (SERVICIO NACIONAL DE APRENDIZAJE SENA),4,0.006,95.31,,,,,pendiente_revision
UNIVERSIDAD DE LISBOA,4,0.006,95.32,,,,,pendiente_revision
CRUZ ROJA COLOMBIANA SECCIONAL VALLE DEL CAUCA,4,0.006,95.32,,,,,pendiente_revision
UNIVERSIDAD DE CONCEPCION,4,0.006,95.33,,,,,pendiente_revision
INSTITUTO NACIONAL DE SALUD PUBLICA,4,0.006,95.33,,,,,pendiente_revision
UNIVERSIDAD ANTONIO NARINO SEDE COSTA ATLANTICA (UNIVERSIDAD ANTONIO NARINO),4,0.006,95.34,,,,,pendiente_revision
CLINICA CHICAMOCHA S A,4,0.006,95.35,,,,,pendiente_revision
UNIVERSIDAD DE COSTA RICA,4,0.006,95.35,,,,,pendiente_revision
UNIVERSIDAD FEDERAL DE RIO GRANDE DO SUL,4,0.006,95.36,,,,,pendiente_revision
CORPORACION PARA EL DESARROLLO DE LA BIOTECNOLOGIA CORPORACION BIOTEC,4,0.006,95.36,,,,,pendiente_revision
INTEGRAL S A INGENIERIA TECNICA GENERAL S A INGENIEROS CONSULTORES SUCURSAL BOGOTA,4,0.006,95.37,,,,,pendiente_revision
MCS CONSULTORIA Y MONITOREO AMBIENTAL S A S,4,0.006,95.38,,,,,pendiente_revision
BANCO DE LA REPUBLICA SUCURSAL CARTAGENA (BANCO DE LA REPUBLICA BOGOTA),4,0.006,95.38,,,,,pendiente_revision
PROCESSUM CONSULTORIA INSTITUCIONAL SAS,4,0.006,95.39,,,,,pendiente_revision
FUNDACION PARA LA INVESTIGACION Y EL DESARROLLO EDUCATIVO EMPRESARIAL FIDEE,4,0.006,95.39,,,,,pendiente_revision
ONCOLOGOS DEL OCCIDENTE S A,4,0.006,95.4,,,,,pendiente_revision
HAERENTIA,4,0.006,95.41,,,,,pendiente_revision
UNIVERSIDAD DE SANTIAGO DE COMPOSTELA,4,0.006,95.41,,,,,pendiente_revision
CORPORACION BUCARAMANGA EMPRENDEDORA LUIS CARLOS GALAN SARMIENTO INCUBADORA DE EMPRESAS DE BASE TECNOLOGICA C B E,4,0.006,95.42,,,,,pendiente_revision
GOBERNACION DE SUCRE,4,0.006,95.42,,,,,pendiente_revision
FUNDACION MEDITECH,4,0.006,95.43,,,,,pendiente_revision
HOSPITAL DEPARTAMENTAL DE VILLAVICENCIO,4,0.006,95.44,,,,,pendiente_revision
CLINICA EL ROSARIO,4,0.006,95.44,,,,,pendiente_revision
HOSPITAL EL TUNAL III NIVEL ESE,4,0.006,95.45,,,,,pendiente_revision
CLINICA DE LA MUJER,4,0.006,95.45,,,,,pendiente_revision
INSTITUTO NACIONAL DE VIGILANCIA DE MEDICAMENTOS Y ALIMENTOS,4,0.006,95.46,,,,,pendiente_revision
ESCUELA DE POSTGRADOS DE LA FUERZA AEREA COLOMBIANA,4,0.006,95.47,,,,,pendiente_revision
SUPERINTENDENCIA DE INDUSTRIA Y COMERCIO SIC,4,0.006,95.47,,,,,pendiente_revision
TECHNICAL UNIVERSITY OF DENMARK,4,0.006,95.48,,,,,pendiente_revision
COMBUSTION INGENIEROS S A S,4,0.006,95.48,,,,,pendiente_revision
CORPORACION PARA LA INVESTIGACION Y EL DESARROLLO SOCIAL AGROPECUARIO TECONOLOGICO E INDUSTRIAL EN EL TROPICO,4,0.006,95.49,,,,,pendiente_revision
FEDERACION NACIONAL DE ARROCEROS FEDEARROZ,4,0.006,95.5,,,,,pendiente_revision
KM ROBOTA S A S,4,0.006,95.5,,,,,pendiente_revision
CENTRO AGROPECUARIO DE BUGA CAB SENA (SERVICIO NACIONAL DE APRENDIZAJE SENA),4,0.006,95.51,,,,,pendiente_revision
UNIPALMA DE LOS LLANOS S A,4,0.006,95.51,,,,,pendiente_revision
CENTRO LATINOAMERICANO INV Y ENTRENAMIENTO CIRUGIA DE MINIMA INVASION,4,0.006,95.52,,,,,pendiente_revision
LABORATORIOS BAXTER S A,4,0.006,95.53,,,,,pendiente_revision
CENTRO REGIONAL DE PRODUCTIVIDAD Y DESARROLLO TECNOLOGICO DEL TOLIMA CRPT,4,0.006,95.53,,,,,pendiente_revision
HOSPITAL CARDIOVASCULAR DEL NINO DE CUNDINAMARCA,4,0.006,95.54,,,,,pendiente_revision
CENTRO DE ESTUDIOS EN INFECTOLOGIA PEDIATRICA,4,0.006,95.54,,,,,pendiente_revision
EMPRESA SOCIAL DEL ESTADO HOSPITAL UNIVERSITARIO DE SANTANDER,4,0.006,95.55,,,,,pendiente_revision
CENTRO DE APLICACIONES FISICOQUIMICAS EN EL ENTORNO,4,0.006,95.56,,,,,pendiente_revision
CORPORACION ALMA ARTE Y ACCION,4,0.006,95.56,,,,,pendiente_revision
FUNDACION CON VIDA,4,0.006,95.57,,,,,pendiente_revision
HOSPITAL INFANTIL CLUB NOEL,4,0.006,95.57,,,,,pendiente_revision
FUNDACION IFARMA,4,0.006,95.58,,,,,pendiente_revision
GOBERNACION DEL ATLANTICO,4,0.006,95.59,,,,,pendiente_revision
NETUX S A S,4,0.006,95.59,,,,,pendiente_revision
TEAM FOODS COLOMBIA S A (TEAM FOODS COLOMBIA S A ACEITES Y GRASAS VEGETALES S A),4,0.006,95.6,,,,,pendiente_revision
CUENTA DE ALTO COSTO,4,0.006,95.6,,,,,pendiente_revision
CONSEJO NACIONAL DE ACREDITACION,4,0.006,95.61,,,,,pendiente_revision
FUNDACION UNIVERSITARIA MARIA CANO EXTENSION NEIVA,4,0.006,95.62,,,,,pendiente_revision
CENTRO DE GESTION Y DESARROLLO SOSTENIBLE SURCOLOMBIANO (SERVICIO NACIONAL DE APRENDIZAJE SENA),4,0.006,95.62,,,,,pendiente_revision
SECRETARIA DE EDUCACION MUNICIPAL,4,0.006,95.63,,,,,pendiente_revision
ARTMEDICA,4,0.006,95.63,,,,,pendiente_revision
FUNDACION CENTRO DE INVESTIGACIONES PARA EL EMPRENDIMIENTO Y DESARROLLO SOCIAL,4,0.006,95.64,,,,,pendiente_revision
CENTRO DE PROCESOS INDUSTRIALES Y CONSTRUCCION SENA REGIONAL CALDAS (SERVICIO NACIONAL DE APRENDIZAJE SENA),4,0.006,95.65,,,,,pendiente_revision
HOSPITAL UNIVERSITARIO MAYOR MEDERI,4,0.006,95.65,,,,,pendiente_revision
UNIVERSIDAD SIMON BOLIVAR SEDE CUCUTA,4,0.006,95.66,,,,,pendiente_revision
CENTRO DE ESTUDIOS MEDICOS INTERCULTURALES,4,0.006,95.66,,,,,pendiente_revision
UNIVERSIDAD AUTONOMA DE BARCELONA,4,0.006,95.67,,,,,pendiente_revision
ESCUELA DE GOBIERNO ALBERTO LLERAS CAMARO UNIVERSIDAD DE LOS ANDES,4,0.006,95.68,,,,,pendiente_revision
AUDIFARMA SA,4,0.006,95.68,,,,,pendiente_revision
INSTITUCION UNIVERSITARIA DIGITAL DE ANTIOQUIA,4,0.006,95.69,,,,,pendiente_revision
UNIVERSIDAD PONTIFICIA BOLIVARIANA SECCIONAL MEDELLIN (UNIVERSIDAD PONTIFICIA BOLIVARIANA),4,0.006,95.69,,,,,pendiente_revision
LUND UNIVERSITY,4,0.006,95.7,,,,,pendiente_revision
EDITIC SAS,4,0.006,95.71,,,,,pendiente_revision
CODENSA SA ESP,4,0.006,95.71,,,,,pendiente_revision
SECRETARIA DE EDUCACION DE BOGOTA (ALCALDIA MAYOR DE BOGOTA),4,0.006,95.72,,,,,pendiente_revision
FUNDACION ACADEMIA DE DIBUJO PROFESIONAL,4,0.006,95.72,,,,,pendiente_revision
UNIVERSITY OF ALBERTA,4,0.006,95.73,,,,,pendiente_revision
HELPHARMA IPS,4,0.006,95.74,,,,,pendiente_revision
LABORATORIO CLINICO HIGUERA ESCALANTE,4,0.006,95.74,,,,,pendiente_revision
INSTITUCIÓN UNIVERSITARIA POLITÉCNICO GRANCOLOMBIANO SEDE MEDELLÌN (INSTITUCION UNIVERSITARIA POLITECNICO GRANCOLOMBIANO),4,0.006,95.75,,,,,pendiente_revision
INSIGHT RESEARCH GROUP SAS,4,0.006,95.75,,,,,pendiente_revision
ADVANCED SCIENCIE TECHNOLOGIES LTDA,4,0.006,95.76,,,,,pendiente_revision
FUNDACION GUARDAGUAS DE LA BAHIA Y O CARTAGENA BAYKEEPER,4,0.006,95.77,,,,,pendiente_revision
FUNDACION PARA LA EXCELENCIA DE LA MEDICINA CLINICA EN COLOMBIA FUNDACION CLINICA,4,0.006,95.77,,,,,pendiente_revision
COMISION PARA EL ESCLARECIMIENTO DE LA VERDAD LA CONVIVENCIA Y LA REPETICION,4,0.006,95.78,,,,,pendiente_revision
FUNDACION CENTRO DE EXCELENCIA EN SISTEMAS DE INNOVACION,4,0.006,95.78,,,,,pendiente_revision
GROWING UP FOUNDATION,4,0.006,95.79,,,,,pendiente_revision
ACADEMIA CALDENSE DE HISTORIA,3,0.004,95.79,,,,,pendiente_revision
INSTITUTO PARA NINOS CIEGOS Y SORDOS DEL VALLE DEL CAUCA,3,0.004,95.8,,,,,pendiente_revision
FUNDACION ORGANIZACION VID,3,0.004,95.8,,,,,pendiente_revision
INSTITUTO COLOMBIANO DE BIENESTAR FAMILIAR,3,0.004,95.81,,,,,pendiente_revision
CORPORACION OBSERVATORIO SISMOLOGICO DEL SUR OCCIDENTE OSSO,3,0.004,95.81,,,,,pendiente_revision
CORPORACION CENTRO DE INVESTIGACION DE LA ACUICULTURA DE COLOMBIA,3,0.004,95.81,,,,,pendiente_revision
UNIVERSITE LAVAL,3,0.004,95.82,,,,,pendiente_revision
FUNDACION PARA LA EDUCACION SUPERIOR FES SOCIAL,3,0.004,95.82,,,,,pendiente_revision
UNIVERSIDAD FEDERAL DE SAO PAULO UNIFESP,3,0.004,95.83,,,,,pendiente_revision
ASOCIACION COLOMBIANA DE FACULTADES DE INGENIERIA ACOFI,3,0.004,95.83,,,,,pendiente_revision
FUNDACION COOMEVA,3,0.004,95.83,,,,,pendiente_revision
ACADEMIA COLOMBIANA DE CIENCIAS EXACTAS FISICAS Y NATURALES ACCEFYN,3,0.004,95.84,,,,,pendiente_revision
SINERGIAS ALIANZAS ESTRATEGICAS PARA LA SALUD Y EL DESARROLLO SOCIAL,3,0.004,95.84,,,,,pendiente_revision
ASOCIACION GRUPO ARCO,3,0.004,95.85,,,,,pendiente_revision
INSTITUTO INTERAMERICANO DE COOPERACION PARA LA AGRICULTURA IICA,3,0.004,95.85,,,,,pendiente_revision
ORGANIZACION MUNDIAL DE LA SALUD,3,0.004,95.85,,,,,pendiente_revision
DUKE UNIVERSITY,3,0.004,95.86,,,,,pendiente_revision
CAMARA DE COMERCIO DE DOSQUEBRADAS,3,0.004,95.86,,,,,pendiente_revision
MAGNA SCIENCE CORPORATION,3,0.004,95.87,,,,,pendiente_revision
UNIDAD MUNICIPAL DE ASISTENCIA TECNICA AGROPECUARIA,3,0.004,95.87,,,,,pendiente_revision
FUNDACION SEMILLERO CIENTIFICO,3,0.004,95.87,,,,,pendiente_revision
CORPORACION CENTRO DE INVESTIGACION PARA EL CULTIVO DEL CAUCHO,3,0.004,95.88,,,,,pendiente_revision
FAPCIM S A S,3,0.004,95.88,,,,,pendiente_revision
FUNDACION CARDIO INFANTIL F C I (FUNDACION CARDIOINFANTIL INSTITUTO DE CARDIOLOGIA),3,0.004,95.89,,,,,pendiente_revision
INSTITUTO PARA EL DESARROLLO SOSTENIBLE,3,0.004,95.89,,,,,pendiente_revision
CENTRO DE INVESTIGACION Y DESARROLLO EN BIOTECNOLOGIA,3,0.004,95.89,,,,,pendiente_revision
CONSERVACION INTERNACIONAL COLOMBIA,3,0.004,95.9,,,,,pendiente_revision
UNIVERSIDAD DE ANTIOQUIA SEDE CAUCASIA (UNIVERSIDAD DE ANTIOQUIA),3,0.004,95.9,,,,,pendiente_revision
FUNDACION UNIVERSITARIA HORIZONTE,3,0.004,95.91,,,,,pendiente_revision
RED DE UNIVERSIDADES PUBLICAS DEL EJE CAFETERO ALMA MATER,3,0.004,95.91,,,,,pendiente_revision
UNIVERSIDAD DEL VALLE SEDE BUGA (UNIVERSIDAD DEL VALLE),3,0.004,95.91,,,,,pendiente_revision
UNIVERSIDAD DE HEIDELBERG,3,0.004,95.92,,,,,pendiente_revision
BENEMERITA UNIVERSIDAD AUTONOMA DE PUEBLA,3,0.004,95.92,,,,,pendiente_revision
FUNDACION DERECHO JUSTO,3,0.004,95.93,,,,,pendiente_revision
CORPORACION ESCUELA TECNOLOGICA DEL ORIENTE,3,0.004,95.93,,,,,pendiente_revision
CENTERS FOR DISEASE CONTROL AND PREVENTION,3,0.004,95.93,,,,,pendiente_revision
INSTITUTO COLOMBIANO DE DERECHO TRIBUTARIO,3,0.004,95.94,,,,,pendiente_revision
UNIVERSIDAD DE BURGOS,3,0.004,95.94,,,,,pendiente_revision
SERVICIO NACIONAL DE APRENDIZAJE SEDE BUCARAMANGA (SERVICIO NACIONAL DE APRENDIZAJE SENA),3,0.004,95.95,,,,,pendiente_revision
UNIVERSIDAD DE OSLO,3,0.004,95.95,,,,,pendiente_revision
RAIN CONCEPT SAS,3,0.004,95.95,,,,,pendiente_revision
GOBERNACION DE ANTIOQUIA,3,0.004,95.96,,,,,pendiente_revision
CAMARA DE COMERCIO DE BUCARAMANGA CAMACOBU,3,0.004,95.96,,,,,pendiente_revision
ARKEBIOS SAS,3,0.004,95.97,,,,,pendiente_revision
FUNDACION PARA EL DESARROLLO DE COMUNIDADES,3,0.004,95.97,,,,,pendiente_revision
UNIVERSITY OF TEXAS MEDICAL BRANCH UTMB,3,0.004,95.97,,,,,pendiente_revision
GOBERNACION DE BOYACA,3,0.004,95.98,,,,,pendiente_revision
REGENERAR SA,3,0.004,95.98,,,,,pendiente_revision
CORPORACION DE PLANEACION Y TRANSFERENCIA TECNOLOGICA AGROPECUARIA PLANTTA,3,0.004,95.99,,,,,pendiente_revision
INSTITUTO DE INVESTIGACION DEL COMPORTAMIENTO HUMANO,3,0.004,95.99,,,,,pendiente_revision
INSTITUTO DE BIOCIENCIAS LETRAS E CIENCIAS EXATAS DE SAO JOSE DO RIO PRETO (UNIVERSIDADE ESTADUAL PAULISTA JULIO DE MESQUITA FILHO),3,0.004,95.99,,,,,pendiente_revision
CAMARA COLOMBIANA DE LA CONSTRUCCION CAMACOL,3,0.004,96.0,,,,,pendiente_revision
THE NATURE CONSERVANCY,3,0.004,96.0,,,,,pendiente_revision
ESE HOSPITAL UNIVERSITARIO DEL CARIBE,3,0.004,96.01,,,,,pendiente_revision
CENTRO DE ATENCION Y DIAGNOSTICO DE ENFERMEDADES INFECCIOSAS C D I S A,3,0.004,96.01,,,,,pendiente_revision
FUNDACION CENTRO DE INVESTIGACION Y ESTUDIOS ODONTOLOGICOS CIEO,3,0.004,96.01,,,,,pendiente_revision
EMPRESAS PUBLICAS DE MEDELLIN,3,0.004,96.02,,,,,pendiente_revision
CLINICA MARLY,3,0.004,96.02,,,,,pendiente_revision
UNIVERSIDAD REY JUAN CARLOS,3,0.004,96.03,,,,,pendiente_revision
UNIVERSITAT JAUME I,3,0.004,96.03,,,,,pendiente_revision
FUNDACION INVESTIGA PARA UN DESARROLLO SOSTENIBLE,3,0.004,96.03,,,,,pendiente_revision
FUNDACION CHELONIA COLOMBIA,3,0.004,96.04,,,,,pendiente_revision
MASSEY UNIVERSITY COLLEGE OF SCIENCES,3,0.004,96.04,,,,,pendiente_revision
SOLUCIONES BIOTECNOLOGICAS Y AGROAMBIENTALES SAS,3,0.004,96.05,,,,,pendiente_revision
FUNDACION MALPELO Y OTROS ECOSISTEMAS MARINOS,3,0.004,96.05,,,,,pendiente_revision
FUNDACION PARA LA INVESTIGACION Y DESARROLLO DE LA SALUD Y LA SEGURIDAD SOCIAL FEDESALUD,3,0.004,96.05,,,,,pendiente_revision
FUNDACION SALDARRIAGA CONCHA,3,0.004,96.06,,,,,pendiente_revision
ASOCIACION COLOMBIANA DE MEDICINA INTERNA ACMI,3,0.004,96.06,,,,,pendiente_revision
FUNDACION UNIVERSITARIA SAN ALFONSO,3,0.004,96.07,,,,,pendiente_revision
ASOCIACION COLOMBIANA DE FACULTADES DE ODONTOLOGIA,3,0.004,96.07,,,,,pendiente_revision
SOCIEDAD COLOMBIANA DE ENTOMOLOGIA,3,0.004,96.07,,,,,pendiente_revision
SERVICIO NACIONAL DE APRENDIZAJE SENA REGIONAL TOLIMA (SERVICIO NACIONAL DE APRENDIZAJE SENA),3,0.004,96.08,,,,,pendiente_revision
CENTRO REGIONAL DE PRODUCTIVIDAD E INNOVACION DEL CAUCA CREPIC,3,0.004,96.08,,,,,pendiente_revision
UNIVERSIDAD AUTONOMA DEL ESTADO DE MORELOS,3,0.004,96.09,,,,,pendiente_revision
FUNDACION PARA EL DESARROLLO DEL CARIBE FUNDESARROLLO,3,0.004,96.09,,,,,pendiente_revision
UNIVERSIDAD ANTONIO NARINO NEIVA (UNIVERSIDAD ANTONIO NARINO),3,0.004,96.09,,,,,pendiente_revision
CORPORACION NUEVOS RUMBOS,3,0.004,96.1,,,,,pendiente_revision
ESCUELA MILITAR DE SUBOFICIALES SARGENTO INOCENCIO CHINCA,3,0.004,96.1,,,,,pendiente_revision
ESCUELA DE SUBOFICIALES DE LA FAC ESUFA,3,0.004,96.11,,,,,pendiente_revision
UNIVERSIDAD DR RAFAEL BELLOSO CHACIN,3,0.004,96.11,,,,,pendiente_revision
XM COMPANIA DE EXPERTOS EN MERCADOS S A E S P,3,0.004,96.11,,,,,pendiente_revision
FUNDACION UNICOLCIENCIAS,3,0.004,96.12,,,,,pendiente_revision
BEYOND IDEATION GROUP SAS,3,0.004,96.12,,,,,pendiente_revision
INVESTIGACION EN PSICOLOGIA DEL CONSUMIDOR LTDA,3,0.004,96.13,,,,,pendiente_revision
ASOCIACION DE BECARIOS DE CASANARE,3,0.004,96.13,,,,,pendiente_revision
CONTRALORIA GENERAL DE LA REPUBLICA,3,0.004,96.13,,,,,pendiente_revision
WASHINGTON STATE UNIVERSITY,3,0.004,96.14,,,,,pendiente_revision
FUNDACION OF RESEARCHERS IN SCIENCE AND TECHNOLOGY OF MATERIALS,3,0.004,96.14,,,,,pendiente_revision
EMPRESA COLOMBIANA DE INNOVACION S A S,3,0.004,96.15,,,,,pendiente_revision
IDINNOV S A S,3,0.004,96.15,,,,,pendiente_revision
UNIVERSITY OF LEICESTER,3,0.004,96.15,,,,,pendiente_revision
ECOFLORA AGRO SAS,3,0.004,96.16,,,,,pendiente_revision
FUNDACION RESERVA NATURAL LA PALMITA CENTRO DE INVESTIGACION,3,0.004,96.16,,,,,pendiente_revision
FUNDACION ESTACION BIOLOGICA GUAYACANAL,3,0.004,96.17,,,,,pendiente_revision
FUNDACION MACUATICOS COLOMBIA,3,0.004,96.17,,,,,pendiente_revision
GOBERNACION DE CORDOBA,3,0.004,96.17,,,,,pendiente_revision
CONSERVATORIO DEL TOLIMA,3,0.004,96.18,,,,,pendiente_revision
MINISTERIO DE DEFENSA NACIONAL MINDEFENSA,3,0.004,96.18,,,,,pendiente_revision
CENTRO DE INVESTIGACION Y ATENCION EN SALUD DEL MAGDALENA MEDIO,3,0.004,96.19,,,,,pendiente_revision
CENTRO DE COMERCIO SENA REGIONAL ANTIOQUIA (SERVICIO NACIONAL DE APRENDIZAJE SENA),3,0.004,96.19,,,,,pendiente_revision
HOSPITAL DE USAQUEN I NIVEL E S E,3,0.004,96.19,,,,,pendiente_revision
SECRETARIA DISTRITAL DE MOVILIDAD (ALCALDIA MAYOR DE BOGOTA),3,0.004,96.2,,,,,pendiente_revision
MINISTERIO DE JUSTICIA Y DEL DERECHO MINJUSTICIA,3,0.004,96.2,,,,,pendiente_revision
EMPRESA SOCIAL DEL ESTADO HOSPITAL ROSARIO PUMAREJO DE LOPEZ,3,0.004,96.21,,,,,pendiente_revision
ESCUELA NORMAL SUPERIOR LA HACIENDA,3,0.004,96.21,,,,,pendiente_revision
POTENCIA Y TECNOLOGIAS INCORPORADAS SA,3,0.004,96.21,,,,,pendiente_revision
DISENOS Y CONSTRUCCIONES ESPECIALIZADAS EN INGENIERIA LTDA,3,0.004,96.22,,,,,pendiente_revision
FUNDACION UNIVERSITARIA UNINPAHU,3,0.004,96.22,,,,,pendiente_revision
FUNDACION COLOMBIANA PARA EL DIAGNOSTICO Y TRATAMIENTO DE LAS ARRITMIAS CARDIACAS,3,0.004,96.23,,,,,pendiente_revision
FEDERACION NACIONAL DE CACAOTEROS,3,0.004,96.23,,,,,pendiente_revision
FUNIFELT,3,0.004,96.23,,,,,pendiente_revision
CORPORACION PARA INVESTIGACION APLICADA AL DESARROLLO,3,0.004,96.24,,,,,pendiente_revision
ORGANIZACION PANAMERICANA DE LA SALUD,3,0.004,96.24,,,,,pendiente_revision
CONSEJO NACIONAL DE CIENCIA Y TECNOLOGIA CONACYT MEXICO (CONSEJO NACIONAL DE CIENCIA Y TECNOLOGIA),3,0.004,96.25,,,,,pendiente_revision
CENTRO NACIONAL DE INVESTIGACIONES DE CAFE,3,0.004,96.25,,,,,pendiente_revision
UNIVERSIDAD TECNOLOGICA DE PEREIRA UTP,3,0.004,96.25,,,,,pendiente_revision
CLINICA NTRA SRA DE LOS REMEDIOS,3,0.004,96.26,,,,,pendiente_revision
JURISDICCIAN ESPECIAL PARA LA PAZ,3,0.004,96.26,,,,,pendiente_revision
DISTRITO TURISTICO CULTURAL E HISTORICO DE SANTA MARTA (ALCALDIA DE SANTA MARTA),3,0.004,96.27,,,,,pendiente_revision
UNIVERSIDAD DE SANTIAGO DE CHILE,3,0.004,96.27,,,,,pendiente_revision
CORPORACION CENTRO DE DESARROLLO TECNOLOGICO CLUSTER CREATIC,3,0.004,96.27,,,,,pendiente_revision
UNIVERSITY OF CALIFORNIA DAVIS,3,0.004,96.28,,,,,pendiente_revision
CAMARA DE COMERCIO DE ARMENIA Y DEL QUINDIO,3,0.004,96.28,,,,,pendiente_revision
CLINICA DE OCCIDENTE SA,3,0.004,96.29,,,,,pendiente_revision
SEFITRONES,3,0.004,96.29,,,,,pendiente_revision
UNIVERSIDAD SERGIO ARBOLEDA SEDE BOGOTA (UNIVERSIDAD SERGIO ARBOLEDA),3,0.004,96.29,,,,,pendiente_revision
UNIVERSIDAD DE ORIENTE,3,0.004,96.3,,,,,pendiente_revision
FUNDACION COLOMBIANA DE CANCEROLOGIA CLINICA VIDA,3,0.004,96.3,,,,,pendiente_revision
CORNELL UNIVERSITY,3,0.004,96.31,,,,,pendiente_revision
UNIVERSIDAD DEL CAUCA UNICAUCA,3,0.004,96.31,,,,,pendiente_revision
INSTITUCION UNIVERSITARIA CENTRO DE ESTUDIOS SUPERIORES MARIA GORETTI CESMAG,3,0.004,96.31,,,,,pendiente_revision
INSTITUTO SMITHSONIAN DE INVESTIGACIONES TROPICALES,3,0.004,96.32,,,,,pendiente_revision
CORPORACION UNIVERSITARIA CENTRO SUPERIOR UNICUCES,3,0.004,96.32,,,,,pendiente_revision
INTEGRAL S A INGENIERIA TECNICA GENERAL S A INGENIEROS CONSULTORES SEDE MEDELLIN (INTEGRAL S A INGENIERIA TECNICA GENERAL S A INGENIEROS CONSULTORES SUCURSAL BOGOTA),3,0.004,96.33,,,,,pendiente_revision
UNIVERSITAT OBERTA DE CATALUNYA,3,0.004,96.33,,,,,pendiente_revision
ECOREEF LTDA,3,0.004,96.33,,,,,pendiente_revision
UNIVERSIDADE FEDERAL DE PERNAMBUCO,3,0.004,96.34,,,,,pendiente_revision
HOSPITAL OCCIDENTE DE KENNEDY,3,0.004,96.34,,,,,pendiente_revision
UNIVERSIDAD DE ANTIOQUIA SEDE TURBO (UNIVERSIDAD DE ANTIOQUIA),3,0.004,96.35,,,,,pendiente_revision
LOSCOBOS MEDICAL CENTER,3,0.004,96.35,,,,,pendiente_revision
TEMPLE UNIVERSITY,3,0.004,96.35,,,,,pendiente_revision
LEGACY MANAGEMENT CONSULTING GROUP SAS,3,0.004,96.36,,,,,pendiente_revision
UNIVERSITAT DE GIRONA,3,0.004,96.36,,,,,pendiente_revision
FUNDACION UNIVERSIDAD DE ANTIQOUIA,3,0.004,96.37,,,,,pendiente_revision
UNIVERSIDAD NACIONAL DE COLOMBIA FACULTAD DE ODONTOLOGIA,3,0.004,96.37,,,,,pendiente_revision
UNIVERSIDAD NACIONAL ABIERTA YA DISTANCIA,3,0.004,96.37,,,,,pendiente_revision
UNIVERSIDAD DE SONORA,3,0.004,96.38,,,,,pendiente_revision
SERVICIO NACIONAL DE APRENDIZAJE SENA REGIONAL CESAR (SERVICIO NACIONAL DE APRENDIZAJE SENA),3,0.004,96.38,,,,,pendiente_revision
PVG ARQUITECTOS SAS,3,0.004,96.39,,,,,pendiente_revision
UNIVERSIDAD NACIONAL DE SAN LUIS,3,0.004,96.39,,,,,pendiente_revision
PURDUE UNIVERSITY WEST LAFAYETTE,3,0.004,96.39,,,,,pendiente_revision
CORPORACION UNIVERSITARIA CENDA,3,0.004,96.4,,,,,pendiente_revision
INSTITUTO DE PROGRAMAS INTERDISCIPLINARIOS DE ATENCION PRIMARIA EN SALUD,3,0.004,96.4,,,,,pendiente_revision
CENTRO DE LA INNOVACION LA AGROINDUSTRIA Y EL TURISMO (SERVICIO NACIONAL DE APRENDIZAJE SENA),3,0.004,96.41,,,,,pendiente_revision
UNIVERSIDAD METROPOLITANA DE CIENCIAS DE LA EDUCACION,3,0.004,96.41,,,,,pendiente_revision
CLINICA INTEGRAL DE DIABETES (EMDEC S A S),3,0.004,96.41,,,,,pendiente_revision
CENTRO DE INGENIERIA AVANZADA INVESTIGACION Y DESARROLLO,3,0.004,96.42,,,,,pendiente_revision
UNIVERSIDAD DE GEORGIA,3,0.004,96.42,,,,,pendiente_revision
INSTITUTO ASYS,3,0.004,96.43,,,,,pendiente_revision
UNIVERSITY OF CALIFORNIA SANTA BARBARA,3,0.004,96.43,,,,,pendiente_revision
BAYER SA,3,0.004,96.43,,,,,pendiente_revision
UNIVERSIDAD AUTONOMA DE YUCATAN,3,0.004,96.44,,,,,pendiente_revision
COMPANIA SURAMERICANA DE SERVICIOS DE SALUD S A,3,0.004,96.44,,,,,pendiente_revision
UNIVERSIDAD NACIONAL DE LA PLATA (UNLP),3,0.004,96.45,,,,,pendiente_revision
GOBERNACION DE NORTE DE SANTANDER,3,0.004,96.45,,,,,pendiente_revision
UNIVERSIDAD DE SANTA ROSA DE CABAL UNISARC,3,0.004,96.45,,,,,pendiente_revision
INALDE UNIVERSIDAD DE LASABANA (UNIVERSIDAD DE LA SABANA),3,0.004,96.46,,,,,pendiente_revision
MCGILL UNIVERSITY,3,0.004,96.46,,,,,pendiente_revision
INSTITUCION UNIVERSITARIA CESMAG,3,0.004,96.47,,,,,pendiente_revision
TEAM FOODS COLOMBIA S A ACEITES Y GRASAS VEGETALES S A,3,0.004,96.47,,,,,pendiente_revision
SOCIEDAD INTEGRAL DE ESPECIALISTAS EN SALUD S A S,3,0.004,96.47,,,,,pendiente_revision
GENIUS SPORTS SERVICES COLOMBIA SAS,3,0.004,96.48,,,,,pendiente_revision
HOSPITAL UNIVERSITARIO DEPARTAMENTAL DE NARINO EMPRESA SOCIAL DEL ESTADO,3,0.004,96.48,,,,,pendiente_revision
UNIVERSIDAD ANTONIO NARINO DUITAMA (UNIVERSIDAD ANTONIO NARINO),3,0.004,96.49,,,,,pendiente_revision
COMPENSA UNIPANAMERICANA,3,0.004,96.49,,,,,pendiente_revision
CLINICA REINA SOFIA,3,0.004,96.49,,,,,pendiente_revision
UNIVERSIDAD PONTIFICIA BOLIVARIANA SEDE ROBLEDO (UNIVERSIDAD PONTIFICIA BOLIVARIANA),3,0.004,96.5,,,,,pendiente_revision
UNIVERSIDAD VERACRUZANA,3,0.004,96.5,,,,,pendiente_revision
UNIVERSIDAD AUTONOMA DE BARCELONA ESPANA,3,0.004,96.51,,,,,pendiente_revision
AYUDAS DIAGNOSTICAS SURA SAS,3,0.004,96.51,,,,,pendiente_revision
FUNDACION PARA LA INVESTIGACION CLINICA Y MOLECULAR APLICADA DEL CANCER,3,0.004,96.51,,,,,pendiente_revision
FUNDACIAN UNIERSITARIA AREANDINA,3,0.004,96.52,,,,,pendiente_revision
FUNDACION TECNALIA COLOMBIA,3,0.004,96.52,,,,,pendiente_revision
CORPORACION SALUD UN,3,0.004,96.53,,,,,pendiente_revision
ESCUELA DE GOBIERNO (UNIVERSIDAD DE LOS ANDES),3,0.004,96.53,,,,,pendiente_revision
BOSTON MEDICAL GROUP S A S,3,0.004,96.53,,,,,pendiente_revision
QUIPUX,3,0.004,96.54,,,,,pendiente_revision
CLINICA LA ESTANCIA,3,0.004,96.54,,,,,pendiente_revision
MINISTERIO DE CIENCIA TECNOLOGIA E INNOVACION MINCIENCIAS,3,0.004,96.55,,,,,pendiente_revision
ICP INSTITUTO COLOMBIANO DE PETROLEO,3,0.004,96.55,,,,,pendiente_revision
UNIVERSIDAD SANTO TOMAS BUCARAMANGA,3,0.004,96.55,,,,,pendiente_revision
UNIVERSIDAD AUTONOMA DEL ESTADO DE MEXICO,3,0.004,96.56,,,,,pendiente_revision
SECRETARIA DE EDUCACION DISTRITAL,3,0.004,96.56,,,,,pendiente_revision
MUSEO NACIONAL DE COLOMBIA (MINISTERIO DE CULTURA DE COLOMBIA),2,0.003,96.56,,,,,pendiente_revision
COLEGIO GIMNASIO MODERNO,2,0.003,96.57,,,,,pendiente_revision
CORPORACION EDUCATIVA MINUTO DE DIOS,2,0.003,96.57,,,,,pendiente_revision
UNIVERSIDAD FEDERAL DE GOIAS,2,0.003,96.57,,,,,pendiente_revision
UNIVERSITY OF SOUTHAMPTON,2,0.003,96.58,,,,,pendiente_revision
CENTRO DE INVESTIGACIONES EN ACUICULTURA CENIACUA,2,0.003,96.58,,,,,pendiente_revision
MINISTERIO DE LA PROTECCION SOCIAL,2,0.003,96.58,,,,,pendiente_revision
CORPORACION PARA EL DESARROLLO ENERGETICO Y SOSTENIBLE,2,0.003,96.59,,,,,pendiente_revision
YALE UNIVERSITY,2,0.003,96.59,,,,,pendiente_revision
CONSULTORIA PARA LOS DERECHOS HUMANOS Y EL DESPLAZAMIENTO,2,0.003,96.59,,,,,pendiente_revision
ASOCIACION COLOMBIANA DE FACULTADES DE PSICOLOGIA,2,0.003,96.59,,,,,pendiente_revision
CENTRO DE INVESTIGACIONES PARA EL DESARROLLO CID (UNIVERSIDAD NACIONAL DE COLOMBIA),2,0.003,96.6,,,,,pendiente_revision
FUNDACION CORONA,2,0.003,96.6,,,,,pendiente_revision
GOBERNACION DEL VALLE DEL CAUCA,2,0.003,96.6,,,,,pendiente_revision
CENTRO INTERNACIONAL PARA PRUEBA DE VACUNAS Y MEDICAMENTOS ANTIMALARICOS,2,0.003,96.61,,,,,pendiente_revision
GENETICA MOLECULAR DE COLOMBIA,2,0.003,96.61,,,,,pendiente_revision
ASOCIACION COLOMBIANA DE FACULTADES DE ADMINISTRACION,2,0.003,96.61,,,,,pendiente_revision
ASOCIACION COLOMBIANA DE CIENCIAS BIOLOGICAS A C C B,2,0.003,96.62,,,,,pendiente_revision
COLUMBIA UNIVERSITY MAILMAN SCHOOL OF PUBLIC HEALTH,2,0.003,96.62,,,,,pendiente_revision
FUNDACION TERRA FIRME,2,0.003,96.62,,,,,pendiente_revision
INSTITUTO OSWALDO CRUZ FIOCRUZ DEPARTAMENTO DE BIOQUIMICA Y BIOLOGIA MOLECULAR LABORATORIO DE EXPRESION GENICA,2,0.003,96.62,,,,,pendiente_revision
MINISTERIO DE AGRICULTURA Y DESARROLLO RURAL MINAGRICULTURA,2,0.003,96.63,,,,,pendiente_revision
INSTITUTO DE ESTUDIOS AMBIENTALES DE LA UNIVERSIDAD NACIONAL DE COLOMBIA (UNIVERSIDAD NACIONAL DE COLOMBIA),2,0.003,96.63,,,,,pendiente_revision
AXOPOD CONSULTANTS FOR LIFE S A S,2,0.003,96.63,,,,,pendiente_revision
FUNDACION CENTRO PARA LA PERSONA,2,0.003,96.64,,,,,pendiente_revision
FUNDACION OFTALMOLOGICA DEL CARIBE FOCA,2,0.003,96.64,,,,,pendiente_revision
SUPER DE ALIMENTOS SAS,2,0.003,96.64,,,,,pendiente_revision
UNIVERSIDAD PEDAGOGICA Y TECNOLOGICA DE COLOMBIA UPTC SEDE CHIQUINQUIRA (UNIVERSIDAD PEDAGOGICA Y TECNOLOGICA DE COLOMBIA),2,0.003,96.65,,,,,pendiente_revision
UNIVERSITY OF BATH,2,0.003,96.65,,,,,pendiente_revision
SISTEMAS ESPECIALIZADOS DE INFORMACION S A,2,0.003,96.65,,,,,pendiente_revision
GRANJA PORCICOLA MADRIGAL SAS,2,0.003,96.65,,,,,pendiente_revision
FUNDACION ECSIM CENTRO DE ESTUDIOS EN ECONOMIA SISTEMICA,2,0.003,96.66,,,,,pendiente_revision
INSTITUCION EDUCATIVA BENEDIKTA ZUR NIEDEN,2,0.003,96.66,,,,,pendiente_revision
INSTITUTO DE HIDROLOGIA METEOROLOGIA Y ESTUDIOS AMBIENTALES IDEAM,2,0.003,96.66,,,,,pendiente_revision
NATURAL HISTORY MUSEUM,2,0.003,96.67,,,,,pendiente_revision
UNIVERSIDAD DE TALCA,2,0.003,96.67,,,,,pendiente_revision
FUNDACION BIODIVERSA COLOMBIA,2,0.003,96.67,,,,,pendiente_revision
CENTRO DE DESARROLLO PRODUCTIVO DE JOYERIA,2,0.003,96.68,,,,,pendiente_revision
CORPORACION TECNOLOGICA DE BOGOTA,2,0.003,96.68,,,,,pendiente_revision
FUNDACION NUEVA HERENCIA,2,0.003,96.68,,,,,pendiente_revision
HUMAX PHARMACEUTICAL,2,0.003,96.68,,,,,pendiente_revision
GRUPO HTM,2,0.003,96.69,,,,,pendiente_revision
SENSE SOCIAL AND ENVIRONMENTAL SENSE,2,0.003,96.69,,,,,pendiente_revision
ESCUELA SUPERIOR DE CIENCIAS EMPRESARIALES,2,0.003,96.69,,,,,pendiente_revision
GRUPO ENERGIA BOGOTA ESP,2,0.003,96.7,,,,,pendiente_revision
UNIVERSIDAD NACIONAL DE SAN MARTIN,2,0.003,96.7,,,,,pendiente_revision
FUNDACION CENTRO PARA EL DESARROLLO SOCIAL Y ECONOMICO DE COLOMBIA,2,0.003,96.7,,,,,pendiente_revision
FUNDACION PAZ Y RECONCILIACION,2,0.003,96.71,,,,,pendiente_revision
FUNDACION RUBEN ARDILA PARA EL AVANCE DE LA PSICOLOGIA (FUNDACION PARA EL AVANCE DE LA PSICOLOGIA),2,0.003,96.71,,,,,pendiente_revision
UNIVERSIDAD DE EDIMBURGO,2,0.003,96.71,,,,,pendiente_revision
CORPORACION PARA EL DESARROLLO DE LA DIGNIDAD HUMANA,2,0.003,96.71,,,,,pendiente_revision
FUNDACION UNIVERSITARIA COLOMBO GERMANA,2,0.003,96.72,,,,,pendiente_revision
ASOCIACION DE INVESTIGADORES CIENTIFICOS PARA LA CONSERVACION DEL NEOTROPICO COLOMBIANO,2,0.003,96.72,,,,,pendiente_revision
UNIDAD DE EPIDEMIOLOGIA CLINICA DE LA UNIVERSIDAD JAVERIANA (PONTIFICIA UNIVERSIDAD JAVERIANA),2,0.003,96.72,,,,,pendiente_revision
FUNDACION PLAN,2,0.003,96.73,,,,,pendiente_revision
FUNDACION PARA LA PROMOCION DE LA INVESTIGACION Y LA TECNOLOGIA,2,0.003,96.73,,,,,pendiente_revision
YOLUKA ONG FUNDACION DE INVESTIGACION EN BIODIVERSIDAD Y CONSERVACION,2,0.003,96.73,,,,,pendiente_revision
CENTRE NATIONAL DE LA RECHERCHE SCIENTIFIQUE,2,0.003,96.74,,,,,pendiente_revision
CORPORACION CLINICA UNIVERSIDAD COOPERATIVA DE COLOMBIA,2,0.003,96.74,,,,,pendiente_revision
UNIVERSIDAD DE COIMBRA,2,0.003,96.74,,,,,pendiente_revision
LONDON SCHOOL OF ECONOMICS,2,0.003,96.74,,,,,pendiente_revision
CAJA COLOMBIANA DE SUBSIDIO FAMILIAR COLSUBSIDIO,2,0.003,96.75,,,,,pendiente_revision
INSTITUTO DE EDUCACION Y PEDAGOGIA (UNIVERSIDAD DEL VALLE),2,0.003,96.75,,,,,pendiente_revision
SERVICIO NACIONAL DE APRENDIZAJE CENTRO DE DISENO E INNOVACION TECNOLOGICA INDUSTRIIAL (SERVICIO NACIONAL DE APRENDIZAJE SENA),2,0.003,96.75,,,,,pendiente_revision
FUNDACION CENTRO DE INVESTIGACION DE BIOPROSPECCION Y BIOTECNOLOGIA DE LA BIODIVERSIDAD BIOLABB,2,0.003,96.76,,,,,pendiente_revision
PARQUE DE LA CONSERVACION,2,0.003,96.76,,,,,pendiente_revision
CORPORACION PARA LA INVESTIGACION ACCION EN SOCIEDAD SALUD Y CULTURA,2,0.003,96.76,,,,,pendiente_revision
CORPORACION EDUCATIVA ITAE,2,0.003,96.77,,,,,pendiente_revision
FUNDACION INNOVACION Y CIENCIA POR COLOMBIA,2,0.003,96.77,,,,,pendiente_revision
SECRETARIA DE EDUCACION DE BOYACA (GOBERNACION DE BOYACA SECRETARIA DE EDUCACION),2,0.003,96.77,,,,,pendiente_revision
CENTRO DE INVESTIGACION CIENTIFICA PARA EL DESARROLLO ECONOMICO LA CALIDAD DE VIDA Y SUPERACION DE LA POBREZA CIDECAVIP,2,0.003,96.77,,,,,pendiente_revision
INSTITUTO DE PSICOLOGIA (UNIVERSIDAD DEL VALLE),2,0.003,96.78,,,,,pendiente_revision
CELBIT LTDA,2,0.003,96.78,,,,,pendiente_revision
CENTRO DE LOGISTICA Y PROMOCION ECOTURISTICA DEL MAGDALENA SENA (SERVICIO NACIONAL DE APRENDIZAJE SENA),2,0.003,96.78,,,,,pendiente_revision
INSTITUTO NACIONAL PENITENCIARIO Y CARCELARIO,2,0.003,96.79,,,,,pendiente_revision
TECNOLOGICA FITEC,2,0.003,96.79,,,,,pendiente_revision
FEDERACION NACIONAL DE CULTIVADORES DE CEREALES,2,0.003,96.79,,,,,pendiente_revision
TECKNOWLEDGE,2,0.003,96.8,,,,,pendiente_revision
LABORATORIO CLINICO HEMATOLOGICO S A,2,0.003,96.8,,,,,pendiente_revision
SUCROAL S A,2,0.003,96.8,,,,,pendiente_revision
SOCIEDAD COLOMBIANA DE PEDIATRIA,2,0.003,96.8,,,,,pendiente_revision
ALCALDIA DE TUNJA,2,0.003,96.81,,,,,pendiente_revision
REHABILITAR CUCUTA IPS,2,0.003,96.81,,,,,pendiente_revision
FUNDACION CENTRO COLOMBIANO DE ESTUDIOS PROFESIONALES,2,0.003,96.81,,,,,pendiente_revision
CENTRO DE ELECTRICIDAD ELECTRONICA Y TELECOMUNICACIONES SENA (SERVICIO NACIONAL DE APRENDIZAJE SENA),2,0.003,96.82,,,,,pendiente_revision
UNIVERSIDAD DE LEON,2,0.003,96.82,,,,,pendiente_revision
CORPORACION EDUCATIVA DEL LITORAL,2,0.003,96.82,,,,,pendiente_revision
FONDO NACIONAL DE PROYECTOS DE DESARROLLO FONADE,2,0.003,96.83,,,,,pendiente_revision
AES CHIVOR Y CIA SCA ESP,2,0.003,96.83,,,,,pendiente_revision
CLINICA DE LA COSTA,2,0.003,96.83,,,,,pendiente_revision
INSTITUCION EDUCATIVA DEPARTAMENTAL RURAL DE TASAJERA,2,0.003,96.83,,,,,pendiente_revision
CORPORACION PROTEGIENDONOS,2,0.003,96.84,,,,,pendiente_revision
UNIVERSIDAD DEL SINU DE MONTERIA (UNIVERSIDAD DEL SINU ELIAS BECHARA ZAINUM),2,0.003,96.84,,,,,pendiente_revision
FUNDACION UNIVERSITARIA CATOLICA LUMEN GENTIUM,2,0.003,96.84,,,,,pendiente_revision
EMPRESA DE ENERGIA DE BOYACA SA ESP,2,0.003,96.85,,,,,pendiente_revision
INCLIVA INSTITUTO DE INVESTIGACION SANITARIA,2,0.003,96.85,,,,,pendiente_revision
CORPORACION NACIONAL PARA EL DESARROLLO DEL CHOCO,2,0.003,96.85,,,,,pendiente_revision
JUNTA DE CALIFICACION DE INVALIDEZ,2,0.003,96.86,,,,,pendiente_revision
TRUST INVESTMENT,2,0.003,96.86,,,,,pendiente_revision
CARDIO COLOMBIA SAS,2,0.003,96.86,,,,,pendiente_revision
HASSELT UNIVERSITY,2,0.003,96.86,,,,,pendiente_revision
FUNDACION BOTANICA Y ZOOLOGICA DE BARRANQUILLA,2,0.003,96.87,,,,,pendiente_revision
MAYO CLINIC AND MAYO FOUNDATION,2,0.003,96.87,,,,,pendiente_revision
MASSACHUSETTS INSTITUTE OF TECHNOLOGY,2,0.003,96.87,,,,,pendiente_revision
SENA CENTRO METAL MECANICO (SERVICIO NACIONAL DE APRENDIZAJE SENA),2,0.003,96.88,,,,,pendiente_revision
UNIVERSIDAD NACIONAL ABIERTA Y A DISTANCIA UNAD SEDE IBAGUE (UNIVERSIDAD NACIONAL ABIERTA Y A DISTANCIA),2,0.003,96.88,,,,,pendiente_revision
VISUAL INTERACTION COMMUNICATION TECHNOLOGIES,2,0.003,96.88,,,,,pendiente_revision
MOLECULARVET SAS,2,0.003,96.89,,,,,pendiente_revision
UNIVERSITY OF OXFORD,2,0.003,96.89,,,,,pendiente_revision
INDIAN INSTITUTE OF ENTREPRENEURSHIP,2,0.003,96.89,,,,,pendiente_revision
INSTITUCION EDUCATIVA DIVNA PASTORA,2,0.003,96.89,,,,,pendiente_revision
OFTALMOLOGOS EL TESORO,2,0.003,96.9,,,,,pendiente_revision
GRIFFITH SCHOOL OF ENVIRONMENT GRIFFITH UNIVERSITY,2,0.003,96.9,,,,,pendiente_revision
INSTITUTO TECNOLOGICO DEL PUTUMAYO ITP,2,0.003,96.9,,,,,pendiente_revision
CALIFORNIA INSTITUTE OF TECHNOLOGY CALTECH,2,0.003,96.91,,,,,pendiente_revision
INSTITUTO DE CIENCIAS NATURALES,2,0.003,96.91,,,,,pendiente_revision
COMFAMILIAR ATLANTICO,2,0.003,96.91,,,,,pendiente_revision
DEL VALLE MORA S A S,2,0.003,96.92,,,,,pendiente_revision
INSTITUTO DE ACUICULTURA DE LLANOS IALL,2,0.003,96.92,,,,,pendiente_revision
UNIVERSITY OF EDINBURGH,2,0.003,96.92,,,,,pendiente_revision
SED BOGOTA,2,0.003,96.92,,,,,pendiente_revision
CONVENIO UPTC IGAC,2,0.003,96.93,,,,,pendiente_revision
GRUPO DE INVESTIGACION NUTRICION,2,0.003,96.93,,,,,pendiente_revision
FUNDACION UNIVERSITARIA MANUELA BELTRAN,2,0.003,96.93,,,,,pendiente_revision
UNIVERSIDAD DE BONN,2,0.003,96.94,,,,,pendiente_revision
PRINCETON UNIVERSITY,2,0.003,96.94,,,,,pendiente_revision
GRUPO DE ENTOMOLOGIA INSTITUTO NACIONAL DE SALUD,2,0.003,96.94,,,,,pendiente_revision
CORPORACION INSTITUTO DE ADMINISTRACION Y FINANZAS,2,0.003,96.95,,,,,pendiente_revision
INSTITUTO COLOMBIANO DE INVESTIGACIONES GEOTECNICAS,2,0.003,96.95,,,,,pendiente_revision
UNIVERSIDADE FEDERAL DA PARAIBA,2,0.003,96.95,,,,,pendiente_revision
INSTITUTO PROINAPSA DE LA UNIVERSIDAD INDUSTRIAL DE SANTANDER,2,0.003,96.95,,,,,pendiente_revision
FESC FUNDACION DE ESTUDIOS SUPERIORES DE COMFANORTE,2,0.003,96.96,,,,,pendiente_revision
CENTER FOR RESEARCH AND SURVEILLANCE OF TROPICAL AND INFECTIOUS DISEASES,2,0.003,96.96,,,,,pendiente_revision
UNIVERSIDAD DE ANTIOQUIA ESCUELA DE NUTRICION Y DIETETICA (UNIVERSIDAD DE ANTIOQUIA),2,0.003,96.96,,,,,pendiente_revision
INSTITUTO COLOMBIANO DE MEDICINA TROPICAL INSTITUTO DE CIENCIAS DE LA SALUD CES,2,0.003,96.97,,,,,pendiente_revision
ESCUELA DE ADMINISTRACION UNIVERSIDAD DEL ROSARIO (COLEGIO MAYOR NUESTRA SENORA DEL ROSARIO),2,0.003,96.97,,,,,pendiente_revision
UNIVERSIDAD AUTONOMA DE BAJA CALIFORNIA SUR,2,0.003,96.97,,,,,pendiente_revision
UNIVERSITY OF EAST ANGLIA,2,0.003,96.98,,,,,pendiente_revision
ASOSCIACION COLOMBIANA DE FACULTADES DE ENFERMERIA,2,0.003,96.98,,,,,pendiente_revision
MORENO SERVICIOS LEGALES S A S,2,0.003,96.98,,,,,pendiente_revision
CENTRO DE INVESTIGACION DE LA FUNDACION CARDIOVASCULAR,2,0.003,96.98,,,,,pendiente_revision
UNIVERSIDAD POLITECNICA DE CARTAGENA,2,0.003,96.99,,,,,pendiente_revision
FACULTAD DE CIENCIA POLITICA GOBIERNO Y RELACIONES INTERNACIONALES UROSARIO,2,0.003,96.99,,,,,pendiente_revision
CONCEJO DE BOGOTA (ALCALDIA MAYOR DE BOGOTA),2,0.003,96.99,,,,,pendiente_revision
FUNDACION SERSOCIAL,2,0.003,97.0,,,,,pendiente_revision
UNIVERSIDAD DE CONCPCION,2,0.003,97.0,,,,,pendiente_revision
SANCLEMENTE FERNANDEZ ABOGADOS,2,0.003,97.0,,,,,pendiente_revision
MUSEO DE HISTORIA NATURAL UNIVERSIDAD DEL CAUCA,2,0.003,97.01,,,,,pendiente_revision
SENA (SERVICIO NACIONAL DE APRENDIZAJE SENA),2,0.003,97.01,,,,,pendiente_revision
UNIVERSITY OF WINNIPEG,2,0.003,97.01,,,,,pendiente_revision
INSTITUTO JORGE TADEO LOZANO,2,0.003,97.01,,,,,pendiente_revision
UNIVERSIDAD DEL VALLE FACULTAD DE HUMANIDADES,2,0.003,97.02,,,,,pendiente_revision
GEOCUENCAS S A S,2,0.003,97.02,,,,,pendiente_revision
SUBRED INTEGRADA DE SERVICIOS DE SALUD NORTE E S E,2,0.003,97.02,,,,,pendiente_revision
FUNDACION CIENTIFICA Y TECNOLOGICA PARA EL DESARROLLO DE LA TELEMEDICINA Y LA TELESALUD,2,0.003,97.03,,,,,pendiente_revision
HOSPITAL UNIVERSITARIO ERASMO MEOZ,2,0.003,97.03,,,,,pendiente_revision
RESEARCH FOR TALENT,2,0.003,97.03,,,,,pendiente_revision
HOSPITAL UNIVERSITARIO RAMON Y CAJAL,2,0.003,97.04,,,,,pendiente_revision
FUNDACION IMAGINARIA,2,0.003,97.04,,,,,pendiente_revision
UNIVERSIDAD DE CALDAS MANIZALES,2,0.003,97.04,,,,,pendiente_revision
RED IBEROAMERICANA DE INDICADORES DE CIENCIAS Y TECNOLOGIA RICYT,2,0.003,97.04,,,,,pendiente_revision
CENTRO AGROEMPRESARIAL Y MINERO SENA REGIONAL BOLIVAR,2,0.003,97.05,,,,,pendiente_revision
FUNDACION COLOMBIANA PARA LA INVESTIGACION Y CONSERVACION DE TIBURONES Y RA,2,0.003,97.05,,,,,pendiente_revision
UES DE PEDIATRIA,2,0.003,97.05,,,,,pendiente_revision
GRUPO MALARIA UNIVERSIDAD DE ANTIOQUIA,2,0.003,97.06,,,,,pendiente_revision
CENTRO DE PRODUCTIVIDAD DEL TOLIMA,2,0.003,97.06,,,,,pendiente_revision
INST DE BIOLOGIA FAC CS EXACTAS Y NATLES UNIVERSIDAD DE ANTIOQUIA,2,0.003,97.06,,,,,pendiente_revision
INEM SIMON BOLIVAR,2,0.003,97.07,,,,,pendiente_revision
UNIVERSIDAD DE LA SABANA FACULTAD DE COMUNICACION SOCIAL Y PERIODISMO,2,0.003,97.07,,,,,pendiente_revision
UNIVERSIDAD CES MEDELLIN,2,0.003,97.07,,,,,pendiente_revision
SECRETARIA DE SALUD DEL VALLE,2,0.003,97.07,,,,,pendiente_revision
HOSPITAL UNIVERSITARIO SAN JOSE POPAYAN,2,0.003,97.08,,,,,pendiente_revision
CORPORACION AUTONOMA REGIONAL DEL ATLANTICO,2,0.003,97.08,,,,,pendiente_revision
MUSEU NACIONAL UFRJ,2,0.003,97.08,,,,,pendiente_revision
UNIVERSIDAD DEL ATLANTICO PROFESOR ASOCIADO FACULTAD DE BELLAS ARTES,2,0.003,97.09,,,,,pendiente_revision
HALMSTAD UNIVERSITY,2,0.003,97.09,,,,,pendiente_revision
FACULTAD DE EDUCACION UNIVERSIDAD DE ANTIOQUIA,2,0.003,97.09,,,,,pendiente_revision
INSTITUTO DE ESTUDIOS AMBIENTALES IDEAB UFPS,2,0.003,97.1,,,,,pendiente_revision
CORTE SUPREMA DE JUSTICIA,2,0.003,97.1,,,,,pendiente_revision
OREGON STATE UNIVERSITY,2,0.003,97.1,,,,,pendiente_revision
FUNDACION UNIVERITARIA JUAN N CORPAS,2,0.003,97.1,,,,,pendiente_revision
FUNDACION UNIVERSITARIA MARIA CANO POPAYAN,2,0.003,97.11,,,,,pendiente_revision
OBSERVATORIO ASTRONOMICO NACIONAL,2,0.003,97.11,,,,,pendiente_revision
FUNDACION UNIVERSIDAD DE BOGOTA JORGE TDEO LOZANO,2,0.003,97.11,,,,,pendiente_revision
UNIVERSITY OF CALIFORNIA,2,0.003,97.12,,,,,pendiente_revision
SOCIEDAD COLOMBIANA DE OTORRINOLARINGOLOGIA,2,0.003,97.12,,,,,pendiente_revision
COLINNOVACION S A S,2,0.003,97.12,,,,,pendiente_revision
UNIVERSITY OF CALIFORNIA SAN FRANCISCO,2,0.003,97.13,,,,,pendiente_revision
IED ONCE DE NOVIEMBRE,2,0.003,97.13,,,,,pendiente_revision
UNIVERSITE DE ROUEN,2,0.003,97.13,,,,,pendiente_revision
NANYANG TECHNOLOGICAL UNIVERSITY,2,0.003,97.13,,,,,pendiente_revision
UNIVERSIDAD JAVERIANA INSTITUTO DE SALUD PUBLICA,2,0.003,97.14,,,,,pendiente_revision
SWANSEA UNIVERSITY,2,0.003,97.14,,,,,pendiente_revision
CENTRO FEDERAL DE EDUCACION TECNICA Y TECNOLOGICA DE MINAS GERAIS,2,0.003,97.14,,,,,pendiente_revision
ESCUELA POLITECNICA FEDERAL DE LAUSANNE EPFL,2,0.003,97.15,,,,,pendiente_revision
CORPORACION ACADEMICA PARA EL ESTUDIO DE PATOLOGIAS TROPICALES,2,0.003,97.15,,,,,pendiente_revision
ESCUELA DE CADETES GENERAL SANTANDER,2,0.003,97.15,,,,,pendiente_revision
HOSPITAL UNIVERSITARIO DE SANTANDER,2,0.003,97.16,,,,,pendiente_revision
PROGRAMA INGENIERIA CIVIL UNIVERSIDAD DE MEDELLIN,2,0.003,97.16,,,,,pendiente_revision
E S E HOSPITAL DE ENGATIVA,2,0.003,97.16,,,,,pendiente_revision
UNIVERSIDAD DEL SINU SECCIONAL CARTAGENA ELIAS BECHARA ZAINUM (KARISEGUROS Y CIA LTDA ASESORES DE SEGUROS),2,0.003,97.16,,,,,pendiente_revision
DEFENSORIA DEL PUEBLO,2,0.003,97.17,,,,,pendiente_revision
UNIVERSIDAD DEL ZULIA,2,0.003,97.17,,,,,pendiente_revision
CONACYT,2,0.003,97.17,,,,,pendiente_revision
BIOCRUCES HEALTH RESEARCH INSTITUTE,2,0.003,97.18,,,,,pendiente_revision
CORTE CONSTITUCIONAL DE COLOMBIA,2,0.003,97.18,,,,,pendiente_revision
UNIVERSIDAD DE CASTILLA LA MANCHA,2,0.003,97.18,,,,,pendiente_revision
CENTRO DE INVESTIGACION EN CIENCIAS Y RECURSOS GEOAGROAMBIENTALES,2,0.003,97.19,,,,,pendiente_revision
CENTRO DE INNOVACION DE LA FLORICULTURA COLOMBIANA,2,0.003,97.19,,,,,pendiente_revision
UNIVERSIDAD DEL BOSQUE,2,0.003,97.19,,,,,pendiente_revision
INSTITUTO PARA LA INVESTIGACION Y LA PRESERVACION DEL PATRIMONIO CULTURAL,2,0.003,97.19,,,,,pendiente_revision
COLEGIO INTEGRADO LOS SANTOS,2,0.003,97.2,,,,,pendiente_revision
CENTRO DE DESARROLLO TECNOLOGICO AEROESPACIAL PARA LA DEFENSA (FUERZA AEREA COLOMBIANA),2,0.003,97.2,,,,,pendiente_revision
UNIVERSIDAD EAN SEDE BOGOTA (UNIVERSIDAD EAN),2,0.003,97.2,,,,,pendiente_revision
RADIOLOGOS ASOCIADOS SAS,2,0.003,97.21,,,,,pendiente_revision
HOSPITAL UNIVERSITARIO SAN IGNACIO Y PONTIFICIA UNIVERSIDAD JAVERIANA,2,0.003,97.21,,,,,pendiente_revision
FUNDACION HIDROBIOLOGICA GEORGE DAHL,2,0.003,97.21,,,,,pendiente_revision
UNIVERSIDAD IBEROAMERICANA DE PUEBLA,2,0.003,97.22,,,,,pendiente_revision
PURE CHEMISTRY S A S,2,0.003,97.22,,,,,pendiente_revision
CONSEJO DE ESTADO,2,0.003,97.22,,,,,pendiente_revision
SECRETARIA DE EDUCACION DE MONTERIA,2,0.003,97.22,,,,,pendiente_revision
FUNDACION UNIVERSIDAD DEL NORTE DIVISION DE INGENIERIAS,2,0.003,97.23,,,,,pendiente_revision
WILDLIFE CONSERVATION SOCIETY,2,0.003,97.23,,,,,pendiente_revision
UMEA UNIVERSITY,2,0.003,97.23,,,,,pendiente_revision
COLORADO STATE UNIVERSITY,2,0.003,97.24,,,,,pendiente_revision
CENTRO DE ESTUDIOS AVANZADOS EN NINEZ Y JUVENTUD UMANIZALES CIND,2,0.003,97.24,,,,,pendiente_revision
UNIVERSIDAD DE DELAWARE,2,0.003,97.24,,,,,pendiente_revision
CENTRO DE FORMACION PARA EL DESARROLLO RURAL Y MINERO (SERVICIO NACIONAL DE APRENDIZAJE SENA),2,0.003,97.25,,,,,pendiente_revision
MUNICIPIO DE MEDELLIN,2,0.003,97.25,,,,,pendiente_revision
UNIVERSITE DE MONTREAL,2,0.003,97.25,,,,,pendiente_revision
ZOOLOGICAL MUSEUM OF THE JAGIELLONIAN UNIVERSITY,2,0.003,97.25,,,,,pendiente_revision
INSTITUTO SUPERIOR DE FORMACION DOCENTE SALOME URENA,2,0.003,97.26,,,,,pendiente_revision
SADEP LTDA,2,0.003,97.26,,,,,pendiente_revision
CLINICA CLOFAN,2,0.003,97.26,,,,,pendiente_revision
UNIVERSIDAD AUTONOMA DE BARRANQUILLA,2,0.003,97.27,,,,,pendiente_revision
PADERBORN UNIVERSITAT,2,0.003,97.27,,,,,pendiente_revision
POLITECNICO DE LA COSTA ATLANTICA,2,0.003,97.27,,,,,pendiente_revision
INDEPENDIENTE,2,0.003,97.28,,,,,pendiente_revision
UNIVERSIDAD MARIANA PASTO,2,0.003,97.28,,,,,pendiente_revision
ARABLE LABS,2,0.003,97.28,,,,,pendiente_revision
UNIVERSITY OF GUELPH,2,0.003,97.28,,,,,pendiente_revision
DEPARTAMENTO DE INVESTIGACIONES FUNDACION CARDIOINFANTIL INSTITUTO DE CARDIOLOGIA (FUNDACION CARDIOINFANTIL INSTITUTO DE CARDIOLOGIA),2,0.003,97.29,,,,,pendiente_revision
RTS HOSPITAL MILITAR CENTRAL,2,0.003,97.29,,,,,pendiente_revision
UNIMINUTO CORPORACION UNIVERSITARIA MINUTO DE DIOS BOGOTA D C,2,0.003,97.29,,,,,pendiente_revision
INSTITUTO NACIONAL DE INVESTIGACIONES AGRICOLAS,2,0.003,97.3,,,,,pendiente_revision
CORPORACION POLITECNICO DE LA COSTA,2,0.003,97.3,,,,,pendiente_revision
SOCIEDAD COLOMBIANA DE LA CRUZ ROJA,2,0.003,97.3,,,,,pendiente_revision
ST. CHARLES COMMUNITY COLLEGE,2,0.003,97.31,,,,,pendiente_revision
UNIVERSIDAD DE ONTARIO INSTITUTO DE TECNOLOGIA,2,0.003,97.31,,,,,pendiente_revision
CLINICA MATERNO INFALTIL SAN LUIS,2,0.003,97.31,,,,,pendiente_revision
FUNDACION PARA LA CALIDAD DE LA SALUD Y LA PRESERVACION DEL AMBIENTE EN COL,2,0.003,97.31,,,,,pendiente_revision
INSTITUCION EDUCATIVA SANTO TOMAS,2,0.003,97.32,,,,,pendiente_revision
ESCUELA DE MEDICINA Y CIENCIAS DE LA SALUD,2,0.003,97.32,,,,,pendiente_revision
COORPORACION UNIVERSITARIA DEL CARIBE,2,0.003,97.32,,,,,pendiente_revision
INSTITUTO NACIONAL DE INVESTIGACION E INNOVACION SOCIAL,2,0.003,97.33,,,,,pendiente_revision
VALLEDUPAR DIGITAL,2,0.003,97.33,,,,,pendiente_revision
BANCOLOMBIA,2,0.003,97.33,,,,,pendiente_revision
INSTITUTO DE ERRORES INNATOS DEL METABOLISMO,2,0.003,97.34,,,,,pendiente_revision
AMERICAN MUSEUM OF NATUAL HISTORY,2,0.003,97.34,,,,,pendiente_revision
UNIVERSIDAD NACIONAL DE COLOMBIA SEDE ORINOQUIA (UNIVERSIDAD NACIONAL DE COLOMBIA),2,0.003,97.34,,,,,pendiente_revision
PATRIMONIO NATURAL,2,0.003,97.34,,,,,pendiente_revision
FACULTAD DE INGENIERIA-UDEA,2,0.003,97.35,,,,,pendiente_revision
CLINICA SALUDCOOP,2,0.003,97.35,,,,,pendiente_revision
SEGURA MORON CASTANEDA ASESORES EN SALUD,2,0.003,97.35,,,,,pendiente_revision
CENTRO DE COLUMNA JORALE S A S (JORALE S A S),2,0.003,97.36,,,,,pendiente_revision
POLITECNICA GRAN COLOMBIANO,2,0.003,97.36,,,,,pendiente_revision
MICHIGAN STATE UNIVERSITY,2,0.003,97.36,,,,,pendiente_revision
HOSPITAL MEISSEN E S E,2,0.003,97.37,,,,,pendiente_revision
UNIVERSIDAD DE DEUSTO DE BILBAO,2,0.003,97.37,,,,,pendiente_revision
UNIVERSIDAD DEL VALLE ESCUELA DE COMUNICACION SOCIAL (UNIVERSIDAD DEL VALLE),2,0.003,97.37,,,,,pendiente_revision
CINVESTAV IPN UNIDAD GUADALAJARA,2,0.003,97.37,,,,,pendiente_revision
TRIBUNAL DE ETICA MEDICA,2,0.003,97.38,,,,,pendiente_revision
STANFORD UNIVERSITY,2,0.003,97.38,,,,,pendiente_revision
CORPORACION UNIVERSIDAD REPUBLICANA,2,0.003,97.38,,,,,pendiente_revision
SERVICIOS MEDICOS YUNIS TURBAY INSTITUTO DE GENETICA,2,0.003,97.39,,,,,pendiente_revision
UNIVERSISDAD DE SANTANDER VALLEDUPAR,2,0.003,97.39,,,,,pendiente_revision
UNIVERSIDADE DE SAO PAULO,2,0.003,97.39,,,,,pendiente_revision
UNIVERSITY OF CONNECTICUT,2,0.003,97.4,,,,,pendiente_revision
ESE CLINICA MATERNIDAD RAFAEL CALVO,2,0.003,97.4,,,,,pendiente_revision
INSTITUTO NACIONAL DE TELECOMUNICACOES,2,0.003,97.4,,,,,pendiente_revision
FUNDACION ABUNDANCIA DE CORAZON,2,0.003,97.4,,,,,pendiente_revision
INSTITUTO DE ESTUDIOS POLITICOS,2,0.003,97.41,,,,,pendiente_revision
UNIVERSIDAD DE INVESTIGACION DE TECNOLOGIA EXPERIMENTAL YACHAY TECH,2,0.003,97.41,,,,,pendiente_revision
DEPURACION DE AGUAS DEL MEDITERRANEO,2,0.003,97.41,,,,,pendiente_revision
CONSULTORIO PARTICULAR,2,0.003,97.42,,,,,pendiente_revision
UNIVERISDADE DE BRASILIA,2,0.003,97.42,,,,,pendiente_revision
UNIVERSIDAD NACIONAL DE LA PLATA,2,0.003,97.42,,,,,pendiente_revision
CLINICAS COLSANITAS SA,2,0.003,97.43,,,,,pendiente_revision
THE UNIVERSITY O NORTH CAROLINA AT CHAPEL HILL,2,0.003,97.43,,,,,pendiente_revision
FUNDACION ECOSISTEMAS SECOS DE COLOMBIA,2,0.003,97.43,,,,,pendiente_revision
INSTITUTO DE TECNOLOGIA BIOMEDICA,2,0.003,97.43,,,,,pendiente_revision
RIESGO DE FRACTURA SA CAYRE IPS,2,0.003,97.44,,,,,pendiente_revision
UNIVERSIDADE FEDERAL DO ESPIRITO SANTO,2,0.003,97.44,,,,,pendiente_revision
SENA CENTRO DE BIOTECNOLOGIA INDUSTRIAL,2,0.003,97.44,,,,,pendiente_revision
CENTRO DE INVESTIGACION EN COMPORTAMIENTO ORGANIZACIONAL CINCEL SAS,2,0.003,97.45,,,,,pendiente_revision
DELFT UNIVERSITY OF TECHNOLOGY,2,0.003,97.45,,,,,pendiente_revision
SOLUCIONES AGROINDUSTRIALES DE COLOMBIA,2,0.003,97.45,,,,,pendiente_revision
CORPORACION BIENESTAR VERDE,2,0.003,97.46,,,,,pendiente_revision
FUNDACION INFO VIDA,2,0.003,97.46,,,,,pendiente_revision
ALSEC ALIMENTOS SECOS SAS,2,0.003,97.46,,,,,pendiente_revision
SEDE DE INVESTIGACION UNIVERSITARIA U DE A (UNIVERSIDAD DE ANTIOQUIA),2,0.003,97.46,,,,,pendiente_revision
COLEGIO LUIS CARLOS GALAN SARMIENTO,2,0.003,97.47,,,,,pendiente_revision
UNIVERSIDAD DE HUELVA,2,0.003,97.47,,,,,pendiente_revision
ADMINISTRADORA COUNTRY SAS OPERADOR CLINICA DEL COUNTRY,2,0.003,97.47,,,,,pendiente_revision
FORMAR INNOVAR COLEGIO CAMPESTRE,2,0.003,97.48,,,,,pendiente_revision
"UNIVERSIDADE FEDERAL DE MATO GROSSO, UFMT",2,0.003,97.48,,,,,pendiente_revision
UNIVERSITY OF MICHIGAN ANN ARBOR,2,0.003,97.48,,,,,pendiente_revision
BIOMAB IPS SAS,2,0.003,97.49,,,,,pendiente_revision
IPS UNIVERSITARIA SERVICIOS DE SALUD UNIVERSIDAD DE ANTIOQUIA (INSTITUCION PRESTADORA DE SERVICIOS DE SALUD UNIVERSIDAD DE ANTIOQUIA I P S UNIVERSITARIA),2,0.003,97.49,,,,,pendiente_revision
CONSULTOR INDEPENDIENTE,2,0.003,97.49,,,,,pendiente_revision
GRUPO REPRODUCCION,2,0.003,97.49,,,,,pendiente_revision
CORPORACION UNIVERSITARIA AMERICANA SELLO EDITORIAL CORUNIAMERICANA,2,0.003,97.5,,,,,pendiente_revision
ENDHO COLOMBIA,2,0.003,97.5,,,,,pendiente_revision
ESCUELA DE POLICIA SIMON BOLIVAR,2,0.003,97.5,,,,,pendiente_revision
UNIVERSIDAD DE ANTWERPEN,2,0.003,97.51,,,,,pendiente_revision
CENTRO DE EDUCACION MILITAR,2,0.003,97.51,,,,,pendiente_revision
SINERGIA GLOBAL EN SALUD SAS,2,0.003,97.51,,,,,pendiente_revision
UNIVERSIDAD AUTONOMA DE ZACATECAS,2,0.003,97.52,,,,,pendiente_revision
ORGANIZACION CORONA,2,0.003,97.52,,,,,pendiente_revision
ESCUELA NORMAL SUPERIOR DISTRITAL MARIA MONTESSORI,2,0.003,97.52,,,,,pendiente_revision
BRIGHAM AND WOMEN S HOSPITAL HARVARD UNIVERSITY,2,0.003,97.52,,,,,pendiente_revision
INSTITUTO DE GENETICA UNIVERSIDAD NACIONAL DE COLOMBIA (UNIVERSIDAD NACIONAL DE COLOMBIA),2,0.003,97.53,,,,,pendiente_revision
FORENPSIC,2,0.003,97.53,,,,,pendiente_revision
CORPORACION ESTUDIANTES UNIVERSITARIOS Y PROFESIONALES MARINILLA,2,0.003,97.53,,,,,pendiente_revision
HOSPITAL DEPARTAMENTAL TOMAS URIBE URIBE ESE,2,0.003,97.54,,,,,pendiente_revision
CIRAD FLHOR DE FRANCIA INSTITUTO DE INVESTIGACION Y COOPERACION EN EL CAMPO AGRONOMICO Y AGROALIMENTARIO,2,0.003,97.54,,,,,pendiente_revision
3D INGENIERIA BQ S A S,2,0.003,97.54,,,,,pendiente_revision
CATALAN INSTITUTE OF NANOSCIENCE AND NANOTECHNOLOGY,2,0.003,97.55,,,,,pendiente_revision
ACADEMIA SUPERIOR DE ARTES (CORPORACION ACADEMIA SUPERIOR DE ARTES),2,0.003,97.55,,,,,pendiente_revision
CENTRO DE LA INNOVACION LA AGROINDUSTRIA Y LA AVIACIN (SERVICIO NACIONAL DE APRENDIZAJE SENA),2,0.003,97.55,,,,,pendiente_revision
INSTITUCION EDUCATIVA TECNICO AGROPECUARIO,2,0.003,97.55,,,,,pendiente_revision
MAX PLANCK INSTITUT FUR ORNITHOLOGIE,2,0.003,97.56,,,,,pendiente_revision
POLITECNICO INTERNACIONAL,2,0.003,97.56,,,,,pendiente_revision
IED CEDID GUILLERMO CANO ISAZA,2,0.003,97.56,,,,,pendiente_revision
VISOR ABOGADOS SAS,2,0.003,97.57,,,,,pendiente_revision
SECRETARIA DISTRITAL DE INTEGRACION SOCIAL (ALCALDIA MAYOR DE BOGOTA),2,0.003,97.57,,,,,pendiente_revision
CLINICA GASTROMED INSTITUTO ZILBERSTEIN,2,0.003,97.57,,,,,pendiente_revision
CORPORACION COLOMBIANA DEL SABER CIENTIFICO SCIO,2,0.003,97.58,,,,,pendiente_revision
INSTITUTO DE ALTA TECNOLOGIA MEDICA DE ANTIOQUIA,2,0.003,97.58,,,,,pendiente_revision
FACULTAD DE CIENCIAS UNIVERSIDAD DE LA REPUBLICA,2,0.003,97.58,,,,,pendiente_revision
CAIMED SAS,2,0.003,97.58,,,,,pendiente_revision
HOSPITAL UNIVERSITARIO SAN JORGE,2,0.003,97.59,,,,,pendiente_revision
FORMARTE SA,2,0.003,97.59,,,,,pendiente_revision
PFIZER COLOMBIA,2,0.003,97.59,,,,,pendiente_revision
INSTITUTO DE ECORREGIONES ANDINAS,2,0.003,97.6,,,,,pendiente_revision
GRUPO DE INVESTIGACION INTERFASE,2,0.003,97.6,,,,,pendiente_revision
UNIVERSITY OF WARWICK,2,0.003,97.6,,,,,pendiente_revision
SECRETARIA DE EDUCACION MUNICIPAL DE CIENAGA,2,0.003,97.61,,,,,pendiente_revision
HOSPITAL VISTA HERMOSA PRIMER NIVEL DE ATENCION,2,0.003,97.61,,,,,pendiente_revision
BUSINESS INTELLIGENCE AND DEMOGRAPHY,2,0.003,97.61,,,,,pendiente_revision
UNIVERSIDAD AUTONOMA DE QUERETARO,2,0.003,97.61,,,,,pendiente_revision
COOPERATIVA EMPRESA SOLIDARIA DE SALUD Y DESARROLLO INTEGRAL COOSALUD EPS,2,0.003,97.62,,,,,pendiente_revision
INGENIO MANUELITA,2,0.003,97.62,,,,,pendiente_revision
UNIDAD QUIRURGICA AMBULATORIA SALUD SURA,2,0.003,97.62,,,,,pendiente_revision
FUNDACION CIENTIFICA SIETE,2,0.003,97.63,,,,,pendiente_revision
CENTRO DE DESARROLLO TECNOLOGICO AEROESPACIAL PARA LA DEFENSA,2,0.003,97.63,,,,,pendiente_revision
MINISTERIO DE DEFENSA NACIONAL FUERZA AEREA COLOMBIANA CACOM5 CETAD (CENTRO DE DESARROLLO AEROESPACIAL PARA LA DEFENSA CETADCACOM5),2,0.003,97.63,,,,,pendiente_revision
ARMADA NACIONAL DE COLOMBIA BOGOTA,2,0.003,97.64,,,,,pendiente_revision
PATOLOGOS VETERINARIOS ASOCIADOS,2,0.003,97.64,,,,,pendiente_revision
AGENCIA NACIONAL DE DEFENSA JURIDICA DEL ESTADO,2,0.003,97.64,,,,,pendiente_revision
TECHNISCHE UNIVERSITEIT DELFT,2,0.003,97.64,,,,,pendiente_revision
CORPORACION UNIFICADA NACIONAL DE EDUCACION SUPERIOR,2,0.003,97.65,,,,,pendiente_revision
SELVAGUA SAS,2,0.003,97.65,,,,,pendiente_revision
RMB TECNOLOGIA SAS,2,0.003,97.65,,,,,pendiente_revision
COMISION DE REGULACION DE COMUNICACIONES,2,0.003,97.66,,,,,pendiente_revision
INSTITUCION UNIVERSITARIA ESCUELA NACIONAL DEL DEPORTE,2,0.003,97.66,,,,,pendiente_revision
CORPORACION UNIVERSIDAD PILOTO DE COLOMBIA SEDE GIRARDOT (CORPORACION UNIVERSIDAD PILOTO DE COLOMBIA),2,0.003,97.66,,,,,pendiente_revision
MICROFERTISA,2,0.003,97.67,,,,,pendiente_revision
LABORATORIOS LAPROFF S A,2,0.003,97.67,,,,,pendiente_revision
VRIJE UNIVERSITEIT BRUSSELS,2,0.003,97.67,,,,,pendiente_revision
LIQUID CRYSTAL INSTITUTE,2,0.003,97.67,,,,,pendiente_revision
DIRECCIAN CENTRO DE REHABILITACIAN INCLUSIVA,2,0.003,97.68,,,,,pendiente_revision
INSTITUCION EDUCATIVA DISTRITAL NORMAL SUPERIOR MARIA AUXILIADORA,2,0.003,97.68,,,,,pendiente_revision
RED DE EDUCACION Y DESARROLLO HUMANO,2,0.003,97.68,,,,,pendiente_revision
UNIVERSIDAD DE PERNAMBUCO,2,0.003,97.69,,,,,pendiente_revision
ESCUELA INTERNACIONAL DE NEGOCIOS Y DESARROLLO EMPRESARIAL DE COLOMBIA,2,0.003,97.69,,,,,pendiente_revision
FOSUNAB INTERNACIONAL,2,0.003,97.69,,,,,pendiente_revision
INSTITUTE OF PHYSICAL CHEMISTRY OF THE POLISH ACADEMY OF SCIENCES,2,0.003,97.7,,,,,pendiente_revision
SAN FRANCISCO STATE UNIVERSITY,2,0.003,97.7,,,,,pendiente_revision
MIT ZARAGOZA LOGISTICS CENTER,2,0.003,97.7,,,,,pendiente_revision
UNIVERSIDADE FEDERAL DE SAO CARLOS,2,0.003,97.7,,,,,pendiente_revision
MINISTERIO DE EDUCACION DE CUBA,2,0.003,97.71,,,,,pendiente_revision
CENTRO DE AUTOMATIZACION INDUSTRIAL SERVICIO NACIONAL DE APRENDIZAJE (SERVICIO NACIONAL DE APRENDIZAJE SENA),2,0.003,97.71,,,,,pendiente_revision
COLEGIO BILINGUE CLERMONT,2,0.003,97.71,,,,,pendiente_revision
TULANE UNIVERSITY OF LOUISIANA,2,0.003,97.72,,,,,pendiente_revision
SERVICIO NACIONAL DE APRENDIZAJE (SERVICIO NACIONAL DE APRENDIZAJE SENA),2,0.003,97.72,,,,,pendiente_revision
ESCUELA DE LOGISTICA,2,0.003,97.72,,,,,pendiente_revision
HOSPITAL NAVAL DE CARTAGENA,2,0.003,97.73,,,,,pendiente_revision
INSTITUTO NACIONAL DE FORMACION TECNICA PROFESIONAL,2,0.003,97.73,,,,,pendiente_revision
SENA CENTRO AGROINDUSTRIAL Y PESQUERO DE LA COSTA PACIFICA,2,0.003,97.73,,,,,pendiente_revision
CAJA DE COMPENSACION FAMILIAR COMFENALCO VALLE,2,0.003,97.73,,,,,pendiente_revision
SERVICIOS ODONTOMEDICOS DEL CARIBE LTDA,2,0.003,97.74,,,,,pendiente_revision
INSTITUTO COLOMBIANO DEL DEPORTE,2,0.003,97.74,,,,,pendiente_revision
UNIVERSIDAD DE CIENCIAS EMPRESARIALES Y SOCIALES,2,0.003,97.74,,,,,pendiente_revision
ROBOTICA DEL CARIBE S A S,2,0.003,97.75,,,,,pendiente_revision
JAGIELLONIAN UNIVERSITY,2,0.003,97.75,,,,,pendiente_revision
LABORATORIO CLINICO CLINICA GENERAL DEL NORTE,2,0.003,97.75,,,,,pendiente_revision
UNIVERSIDAD CATOLICA DE ORIENTE U C O (UNIVERSIDAD CATOLICA DE ORIENTE),2,0.003,97.76,,,,,pendiente_revision
OKLAHOMA STATE UNIVERSITY,2,0.003,97.76,,,,,pendiente_revision
ROBERTET ANDINA,2,0.003,97.76,,,,,pendiente_revision
UNION DE CIRUJANOS GASTROENTEROLOGOS SAS,2,0.003,97.76,,,,,pendiente_revision
POLICIA NACIONAL DE COLOMBIA ESCUELA NACIONAL DE POLICIA GENERAL SANTANDE,2,0.003,97.77,,,,,pendiente_revision
TECHNICAL UNIVERSITY OF MUNICH,2,0.003,97.77,,,,,pendiente_revision
FUNDACION UNIVERSITARIAUNIMONSERRATE,2,0.003,97.77,,,,,pendiente_revision
SOSTELI GROUP,2,0.003,97.78,,,,,pendiente_revision
CARE4YOU,2,0.003,97.78,,,,,pendiente_revision
FUNDACION CLINICA VALLE DEL LILI,2,0.003,97.78,,,,,pendiente_revision
CORPORACION UNIVERSITARIA U DE COLOMBIA,2,0.003,97.79,,,,,pendiente_revision
INSTITUCION DE UDUCACION SUPERIO ITFIP,2,0.003,97.79,,,,,pendiente_revision
UNIVERSIDAD SANTIAGO DE CALI SECCIONAL PALMIRA (UNIVERSIDAD SANTIAGO DE CALI),2,0.003,97.79,,,,,pendiente_revision
PRODUCTOS ALIMENTICIOS DORIA SAS,2,0.003,97.79,,,,,pendiente_revision
UNIR,2,0.003,97.8,,,,,pendiente_revision
UMNG,2,0.003,97.8,,,,,pendiente_revision
GOBERNACION DE ANTIOQUIA SECRETARIA DE EDUCACION (GOBERNACION DE ANTIOQUIA),2,0.003,97.8,,,,,pendiente_revision
HOSPITAL SUSANA LOPEZ DE VALENCIA ESE,2,0.003,97.81,,,,,pendiente_revision
HEALTH Y PHARMA,2,0.003,97.81,,,,,pendiente_revision
UTRECHT UNIVERSITY,2,0.003,97.81,,,,,pendiente_revision
SERVICIO NACIONAL DE APRENDIZAJE SEDE POPAYAN (SERVICIO NACIONAL DE APRENDIZAJE SENA),2,0.003,97.82,,,,,pendiente_revision
NORTH CAROLINA STATE UNIVERSITY,2,0.003,97.82,,,,,pendiente_revision
THE UNIVERSITY OF TEXAS HEALTH SCIENCE CENTER AT HOUSTON UTHEALTH,2,0.003,97.82,,,,,pendiente_revision
ALIMENTOS PRODUCTOS E INGREDIENTES NATURALES EXAGON SAS,2,0.003,97.82,,,,,pendiente_revision
COMPANIA DE MEDICINA PREPAGADA COLSANITAS S A,2,0.003,97.83,,,,,pendiente_revision
UNIVERSIDAD DE LLEIDA,2,0.003,97.83,,,,,pendiente_revision
HOSPITAL INFANTIL LOS ANGELES,2,0.003,97.83,,,,,pendiente_revision
MED COLOMBIA SAS,2,0.003,97.84,,,,,pendiente_revision
ORGANIZACION INTERNACIONAL PARA LAS MIGRACIONES OIM,2,0.003,97.84,,,,,pendiente_revision
UNIVERSIDAD LIBRE DE COLOMBIA PEREIRA (UNIVERSIDAD LIBRE DE COLOMBIA),2,0.003,97.84,,,,,pendiente_revision
PROCAPS S A,2,0.003,97.85,,,,,pendiente_revision
NATIONAL INSTITUTES OF HEALTH (NIH),2,0.003,97.85,,,,,pendiente_revision
LABORATORIO DE INVESTIGACION HORMONAL LIH S A,2,0.003,97.85,,,,,pendiente_revision
COOPERATIVA DE TECNOLOGOS E INGENIEROS DE LA INDUSTRA DEL PETROLEO Y AFINES,2,0.003,97.85,,,,,pendiente_revision
TEXAS AYM UNIVERSITY COLLEGE STATION,2,0.003,97.86,,,,,pendiente_revision
ESCUELA POMPONAZZI,2,0.003,97.86,,,,,pendiente_revision
GOBERNACION DEL DEPARTAMENTO DEL CESAR,2,0.003,97.86,,,,,pendiente_revision
GATHERGEIST,2,0.003,97.87,,,,,pendiente_revision
USP - UNIVERSIDADE DE SAO PAULO,2,0.003,97.87,,,,,pendiente_revision
CAMPOALEGREHUILA CENTRO DE FORMACION AGROINDUSTRIAL,2,0.003,97.87,,,,,pendiente_revision
ENTIDAD PROMOTORA DE SALUD SANITAS S A,2,0.003,97.88,,,,,pendiente_revision
UNIVERSIDADE ESTADUAL DE CAMPINAS UNICAMP,2,0.003,97.88,,,,,pendiente_revision
UNIVERSIDAD DE MONTERREY,2,0.003,97.88,,,,,pendiente_revision
THE UNIVERSITY OF MELBOURNE,2,0.003,97.88,,,,,pendiente_revision
INSTITUTO DE TECNOLOGIAS EN DETECCION Y ASTROPARTICULAS ITEDA,2,0.003,97.89,,,,,pendiente_revision
S4L,2,0.003,97.89,,,,,pendiente_revision
PONTIFICA UNIVERSIDAD CATOLICA DE CHILE,2,0.003,97.89,,,,,pendiente_revision
CLINICA MEDILASER SA,2,0.003,97.9,,,,,pendiente_revision
UNIVERSIDAD CENTRAL DE VENEZUELA,2,0.003,97.9,,,,,pendiente_revision
ENVIRONMENT TECHNOLOGY FOUNDATION,2,0.003,97.9,,,,,pendiente_revision
FUNDACION UNIVERSITARIA SALESIANA,2,0.003,97.91,,,,,pendiente_revision
FUNDACION CARDIOMET CEQUIN,2,0.003,97.91,,,,,pendiente_revision
SCADIA SAS,1,0.001,97.91,,,,,pendiente_revision
FUNDACION ECOYACO,1,0.001,97.91,,,,,pendiente_revision
ASOCIACION COLOMBIANA PRO ENSENANZA DE LA CIENCIA BUINAIMA,1,0.001,97.91,,,,,pendiente_revision
CORPORACION COLOMBIA INTERNACIONAL,1,0.001,97.91,,,,,pendiente_revision
COOPERATIVA DE HOSPITALES DEL VALLE DEL CAUCA,1,0.001,97.91,,,,,pendiente_revision
FUNDACION HORIZONTE VERDE FHV,1,0.001,97.91,,,,,pendiente_revision
INSTITUTO COLOMBIANO DE INVESTIGACIONES BIOMEDICAS,1,0.001,97.92,,,,,pendiente_revision
HOSPITAL SAMARITANA (HOSPITAL UNIVERSITARIO DE LA SAMARITANA H U S),1,0.001,97.92,,,,,pendiente_revision
SEMILLAS VALLE S A,1,0.001,97.92,,,,,pendiente_revision
CORPORACION UNIVERSAL DE INVESTIGACION Y TECNOLOGIA,1,0.001,97.92,,,,,pendiente_revision
CORPORACION CENTRO DE DESARROLLO TECNOLOGICO PISCICOLA SURCOLOMBIANO ACUAPEZ,1,0.001,97.92,,,,,pendiente_revision
INSTITUCION DE EDUCACION SABER,1,0.001,97.92,,,,,pendiente_revision
INSTITUTO COLOMBIANO DE DESARROLLO RURAL INCODER,1,0.001,97.92,,,,,pendiente_revision
FUNDACION PARA LA RURALIDAD LA EDUCACION Y EL DESARROLLO,1,0.001,97.92,,,,,pendiente_revision
INSTITUTO DE CIENCIA Y TECNOLOGIA DE ALIMENTOS A C T A,1,0.001,97.92,,,,,pendiente_revision
TRIADA INTERNATIONAL CO S A S,1,0.001,97.92,,,,,pendiente_revision
BIOPOLIMEROS INDUSTRIALES,1,0.001,97.93,,,,,pendiente_revision
HOSPITAL INFANTIL UNIVERSITARIO RAFAEL HENAO TORO MANIZALES,1,0.001,97.93,,,,,pendiente_revision
SECRETARIA DE ASUNTOS PEDAGOGICOS Y EDUCACION SINDICAL ADIDA,1,0.001,97.93,,,,,pendiente_revision
FUNDACION MUSEO DEL MAR,1,0.001,97.93,,,,,pendiente_revision
HOSPITAL BOCAGRANDE,1,0.001,97.93,,,,,pendiente_revision
SOCIEDAD COLOMBIANA DE UROLOGIA,1,0.001,97.93,,,,,pendiente_revision
FUNDACION PROSIERRA NEVADA DE SANTA MARTA,1,0.001,97.93,,,,,pendiente_revision
CORPORACION EDUCATIVA COMBOS COMUNIDADES EDUCATIVAS DE BASE,1,0.001,97.93,,,,,pendiente_revision
HOSPITAL UNIVERSITARIO DE SINCELEJO ESE,1,0.001,97.93,,,,,pendiente_revision
GONAWINDUA ETTE ENNAKA IPS INDIGENA,1,0.001,97.93,,,,,pendiente_revision
LABORATORIO GILETE,1,0.001,97.94,,,,,pendiente_revision
ASOCIACION DE GRADUADOS DE ENFERMERIA,1,0.001,97.94,,,,,pendiente_revision
FUNDACION PARA EL AVANCE DE LA PSICOLOGIA,1,0.001,97.94,,,,,pendiente_revision
INSTITUTO SER DE INVESTIGACION,1,0.001,97.94,,,,,pendiente_revision
SECRETARIA DE SALUD DE SANTANDER S S S (GOBERNACION DE SANTANDER),1,0.001,97.94,,,,,pendiente_revision
UNIVERSITY OF SOUTH FLORIDA,1,0.001,97.94,,,,,pendiente_revision
CORPORACION GEMCI,1,0.001,97.94,,,,,pendiente_revision
BIOFILM S A,1,0.001,97.94,,,,,pendiente_revision
DUTO S A,1,0.001,97.94,,,,,pendiente_revision
CARBOQUIMICA SAS,1,0.001,97.94,,,,,pendiente_revision
CENTRO DE ESTUDIOS REGIONALES DEL SUR,1,0.001,97.95,,,,,pendiente_revision
CORPORACION NACIONAL DE INVESTIGACION Y FOMENTO FORESTAL CONIF,1,0.001,97.95,,,,,pendiente_revision
INSTITUTO DEPARTAMENTAL DE SALUD DE NARINO,1,0.001,97.95,,,,,pendiente_revision
ASOCIACION COLOMBIANA DE ORNITOLOGIA,1,0.001,97.95,,,,,pendiente_revision
FUNDACION VIDA SILVESTRE NEOTROPICAL,1,0.001,97.95,,,,,pendiente_revision
RED UNIVERSITARIA JOSE CELESTINO MUTIS,1,0.001,97.95,,,,,pendiente_revision
CENTRO DE MICROELECTRONICA DE LA UNIVERSIDAD DE LOS ANDES (UNIVERSIDAD DE LOS ANDES),1,0.001,97.95,,,,,pendiente_revision
INDUSTRIA MILITAR,1,0.001,97.95,,,,,pendiente_revision
REDES Y COMUNICACIONES DE COLOMBIA,1,0.001,97.95,,,,,pendiente_revision
UNIVERSIDAD DEL VALLE SEDE TULUA (UNIVERSIDAD DEL VALLE),1,0.001,97.95,,,,,pendiente_revision
CORPORACION AUTONOMA REGIONAL DE BOYACA CORPOBOYACA,1,0.001,97.96,,,,,pendiente_revision
INSTITUTO DEL CORAZON DE BUCARAMANGA,1,0.001,97.96,,,,,pendiente_revision
FUNDACION RED MUNDIAL PARA LA INVESTIGACION Y EL DESARROLLO DE LA SALUD PERINATAL Y REPRODUCTIVA,1,0.001,97.96,,,,,pendiente_revision
UNIVERSITY OF NOTTINGHAM,1,0.001,97.96,,,,,pendiente_revision
FUNDACION INNOVAGEN,1,0.001,97.96,,,,,pendiente_revision
PLAYASCOL CORPORATION LTDA,1,0.001,97.96,,,,,pendiente_revision
FUNDACION TOMODACHI,1,0.001,97.96,,,,,pendiente_revision
CENTRO INTERNACIONAL DE INVESTIGACION CLINICO PSICOLOGICA,1,0.001,97.96,,,,,pendiente_revision
CORPORACION GAEA,1,0.001,97.96,,,,,pendiente_revision
PINTUCO,1,0.001,97.96,,,,,pendiente_revision
MIC SYSTEM S A S,1,0.001,97.97,,,,,pendiente_revision
SOCIEDAD MEDICA ANTIOQUENA S A,1,0.001,97.97,,,,,pendiente_revision
GOBERNACION DE SANTANDER,1,0.001,97.97,,,,,pendiente_revision
TECSCORP,1,0.001,97.97,,,,,pendiente_revision
FUNDACION CARIBE EN LA SOCIEDAD DEL CONOCIMIENTO,1,0.001,97.97,,,,,pendiente_revision
3BIOMAT,1,0.001,97.97,,,,,pendiente_revision
UNIVERSIDAD NACIONAL ABIERTA Y A DISTANCIA UNAD SEDE POPAYAN (UNIVERSIDAD NACIONAL ABIERTA Y A DISTANCIA),1,0.001,97.97,,,,,pendiente_revision
ASOCIACION DE VETERINARIOS DE VIDA SILVESTRE,1,0.001,97.97,,,,,pendiente_revision
CONSTRUCSUELOS SUMINISTROS LTDA,1,0.001,97.97,,,,,pendiente_revision
SENA CENTRO PARA EL DESARROLLO DEL HABITAT Y LA CONSTRUCCION (SERVICIO NACIONAL DE APRENDIZAJE SENA),1,0.001,97.97,,,,,pendiente_revision
BIOFENIX S A S,1,0.001,97.98,,,,,pendiente_revision
FUNDACION MANDUCO PARA LA INVESTIGACION Y LA CONSTRUCCION DEL TEJIDO SOCIAL,1,0.001,97.98,,,,,pendiente_revision
UNIVERSITE DE RENNES 1 UPRES EA1254,1,0.001,97.98,,,,,pendiente_revision
CENTRO DE INVESTIGACIONES OCEANOGRAFICAS E HIDROGRAFICAS DEL PACIFICO,1,0.001,97.98,,,,,pendiente_revision
MONOMEROS COLOMBO VENEZOLANOS SA,1,0.001,97.98,,,,,pendiente_revision
INSTITUTO DE DESARROLLO URBANO IDU BOGOTA CO,1,0.001,97.98,,,,,pendiente_revision
MEDICIENCIAS NEUROLOGIA CLINICA Y FUNCIONAL LTDA,1,0.001,97.98,,,,,pendiente_revision
CENTRO DE INVESTIGACIONES Y ASESORIAS AGROINDUSTRIALES CIAA UNIVERSIDAD DE BOGOTA JORGE TADEO LOZANO (UNIVERSIDAD JORGE TADEO LOZANO),1,0.001,97.98,,,,,pendiente_revision
CORPORACION ECOFONDO,1,0.001,97.98,,,,,pendiente_revision
UNIVERSIDAD ANDINA SIMON BOLIVAR,1,0.001,97.98,,,,,pendiente_revision
EMPRESA BRASILEIRA PESQUISA AGROPECUARIA,1,0.001,97.99,,,,,pendiente_revision
CULTIVOS Y SEMILLAS EL ACEITUNO LTDA,1,0.001,97.99,,,,,pendiente_revision
SERVICIO NACIONAL DE APRENDIZAJE SENA TOLIMA CENTRO AGROPECUARIO LA GRANJA (SERVICIO NACIONAL DE APRENDIZAJE SENA),1,0.001,97.99,,,,,pendiente_revision
ASOCIACION DE INSTITUTORES DE ANTIOQUIA (SECRETARIA DE ASUNTOS PEDAGOGICOS Y EDUCACION SINDICAL ADIDA),1,0.001,97.99,,,,,pendiente_revision
HUMBOLDT UNIVERSITAT,1,0.001,97.99,,,,,pendiente_revision
ASOCIACION INTERNACIONAL DE GESTION CIENTIFICA TECNOLOGICA E INNOVACION SOCIAL,1,0.001,97.99,,,,,pendiente_revision
CORPORACION PATOLOGIA VETERINARIA,1,0.001,97.99,,,,,pendiente_revision
INSTITUTO NACIONAL DE INVESTIGACION EN OFTAMOLOGIA LTDA,1,0.001,97.99,,,,,pendiente_revision
CENTRO DE DESARROLLO TECNONOLOGICO DEL CESAR CDT CESAR,1,0.001,97.99,,,,,pendiente_revision
SAVE THE CHILDREN,1,0.001,97.99,,,,,pendiente_revision
ASOCIACION COLOMBIANA DE FACULTADES DE MEDICINA,1,0.001,98.0,,,,,pendiente_revision
INSTITUTO LATINOAMERICANO DE INVESTIGACION EN CUIDADOS DE LA SALUD,1,0.001,98.0,,,,,pendiente_revision
TELETID,1,0.001,98.0,,,,,pendiente_revision
DALHOUSIE UNIVERSITY,1,0.001,98.0,,,,,pendiente_revision
FUNDACION NACIONAL SOMOS,1,0.001,98.0,,,,,pendiente_revision
NATURALES CASVIOR S A S,1,0.001,98.0,,,,,pendiente_revision
CORPORACION PARQUE CULTURAL DEL CARIBE,1,0.001,98.0,,,,,pendiente_revision
ORACLE COLOMBIA LTDA,1,0.001,98.0,,,,,pendiente_revision
FUNDACION CONSULTORES DEL TALENTO HUMANO,1,0.001,98.0,,,,,pendiente_revision
FUNDACION SOCIAL BANACOL CORBANACOL,1,0.001,98.0,,,,,pendiente_revision
PRODUCTOS FAMILIA SA,1,0.001,98.01,,,,,pendiente_revision
CONGREGACION DE LOS HERMANOS DE LAS ESCUELAS CRISTIANAS,1,0.001,98.01,,,,,pendiente_revision
CAFESALUD EPS,1,0.001,98.01,,,,,pendiente_revision
CORPORACION PARA LA CIENCIA LA INVESTIGACION LA INNOVACION Y EL EMPRENDIMIENTO,1,0.001,98.01,,,,,pendiente_revision
SUME ENERGYC,1,0.001,98.01,,,,,pendiente_revision
PRODUCTOS QUIMICOS ANDINOS S A,1,0.001,98.01,,,,,pendiente_revision
SENADO DE LA REPUBLICA CENTRO DE ALTOS ESTUDIOS LEGISLATIVOS,1,0.001,98.01,,,,,pendiente_revision
FUNDACION INTERNACIONAL DE PEDAGOGIA CONCEPTUAL ALBERTO MERANI,1,0.001,98.01,,,,,pendiente_revision
ASOCIACION COLOMBIANA DE MEDICOS VETERINARIOS ESPECIALISTAS EN MEDICINAS COMPLEMENTARIAS Y TERAPIAS ALTERNATIVAS,1,0.001,98.01,,,,,pendiente_revision
GOTTA INGENIERIA,1,0.001,98.01,,,,,pendiente_revision
ISAGEN S A ESP,1,0.001,98.02,,,,,pendiente_revision
FUNDACION WISE INNOVATIONS,1,0.001,98.02,,,,,pendiente_revision
CORPORACION ESCUELA GALAN,1,0.001,98.02,,,,,pendiente_revision
QUIRURGICOS ESPECIALIZADOS S A S,1,0.001,98.02,,,,,pendiente_revision
ALMACENES EXITO S A,1,0.001,98.02,,,,,pendiente_revision
UNIVERSIDAD DE CHILE FACULTAD DE MEDICINA,1,0.001,98.02,,,,,pendiente_revision
KATHOLIEKE UNIVERSITEIT LEUVEN,1,0.001,98.02,,,,,pendiente_revision
UNIVERSIDAD DE JAEN,1,0.001,98.02,,,,,pendiente_revision
GOBERNACION DE CUNDINAMARCA,1,0.001,98.02,,,,,pendiente_revision
CORPORACION PARA EL DESARROLLO SOSTENIBLE DEL SUR DE LA AMAZONIA CORPOAMAZONIA,1,0.001,98.02,,,,,pendiente_revision
HOSPITAL DEL SUR E S E,1,0.001,98.03,,,,,pendiente_revision
CORPORACION AMBIENTAL EMPRESARIAL,1,0.001,98.03,,,,,pendiente_revision
UNIDAD ADMINISTRATIVA ESPECIAL DE AERONAUTICA CIVIL,1,0.001,98.03,,,,,pendiente_revision
SOLUCIONES INNOVADORAS EN TECNOLOGIA EMPRESARIAL S A S,1,0.001,98.03,,,,,pendiente_revision
CLINICA VERSALLES S A,1,0.001,98.03,,,,,pendiente_revision
FUNDACION CARTIF,1,0.001,98.03,,,,,pendiente_revision
HOSPITAL PABLO VI BOSA,1,0.001,98.03,,,,,pendiente_revision
ASOCIACION DE EGRESADOS DE LA UNIVERSIDAD DE LOS ANDES (UNIVERSIDAD DE LOS ANDES),1,0.001,98.03,,,,,pendiente_revision
UNIVERSIDAD NACIONAL DE COLOMBIA COLCIENCIAS,1,0.001,98.03,,,,,pendiente_revision
SWISS FEDERAL INSITITUTE OF TECHNOLOGY,1,0.001,98.03,,,,,pendiente_revision
SAMANEA FUNDACION DE APOYO EDUCATIVO E INVESTIGATIVO,1,0.001,98.04,,,,,pendiente_revision
COLORADO COLLEGE,1,0.001,98.04,,,,,pendiente_revision
CIRAD,1,0.001,98.04,,,,,pendiente_revision
CENTRO DE ATENCION PRIMARIA FACULTAD DE ENFERMERIA,1,0.001,98.04,,,,,pendiente_revision
SECRETARIA DE SALUD MUNICIPAL DE IBAGUE (ALCALDIA MUNICIPAL DE IBAGUE),1,0.001,98.04,,,,,pendiente_revision
HOSPITAL UNIVERSITARIO DE BARRANQUILLA,1,0.001,98.04,,,,,pendiente_revision
THE UNIVERSITY OF NORTH CAROLINA AT GREENSBORO,1,0.001,98.04,,,,,pendiente_revision
ORGANIZACION SER HUMANO S A S,1,0.001,98.04,,,,,pendiente_revision
PERSEUS ALLIANZ,1,0.001,98.04,,,,,pendiente_revision
INSTITUCION ETNOEDUCATIVA NUESTRA SENORA DE FATIMA,1,0.001,98.04,,,,,pendiente_revision
UNIVERSIDAD COOPERATIVA DE COLOMBIA SECCIONAL NEIVA,1,0.001,98.05,,,,,pendiente_revision
UNIVERSIDAD COLEGIO MAYOR DE NUESTRA SENORA DEL ROSARIO (COLEGIO MAYOR NUESTRA SENORA DEL ROSARIO),1,0.001,98.05,,,,,pendiente_revision
CENTRO NACIONAL DE INVESTIGACIONES CARDIOVASCULARES CARLOS LLERAS RESTREPO,1,0.001,98.05,,,,,pendiente_revision
SENA CENTRO INDUSTRIAL DE MANTENIMIENTO INTEGRAL,1,0.001,98.05,,,,,pendiente_revision
INTER AMERICAN DEVELOPMENT BANK,1,0.001,98.05,,,,,pendiente_revision
ASESORES EN INNOVACION Y GESTION EMPRESARIAL SAS,1,0.001,98.05,,,,,pendiente_revision
SECRETARIA DE SALUD PUBLICA MUNICIPAL DE CALI COOPERATIVA PSP,1,0.001,98.05,,,,,pendiente_revision
CENTRE EPIC INSTITUTO DE CARDIOLOGIA DE MONTREAL,1,0.001,98.05,,,,,pendiente_revision
REVISTA TERRITORIOS,1,0.001,98.05,,,,,pendiente_revision
UNIV NACIONAL ANDRES BELLO,1,0.001,98.05,,,,,pendiente_revision
UNIVERSIDAD AUTONOMA DE CHIAPAS,1,0.001,98.06,,,,,pendiente_revision
E S E HOSPITAL NAZARETH QUINCHIA,1,0.001,98.06,,,,,pendiente_revision
INSTITUTO DISTRITAL DE PATRIMONIO CULTURAL,1,0.001,98.06,,,,,pendiente_revision
LUMENS FIDEAS SAS,1,0.001,98.06,,,,,pendiente_revision
ASOCIACION ESPANOLA DE ESPECIALISTAS EN MEDICINA DEL TRABAJO,1,0.001,98.06,,,,,pendiente_revision
ESCUELA PEDAGOGICA EXPERIMETAL,1,0.001,98.06,,,,,pendiente_revision
JOHN URIBE E HIJOS S A,1,0.001,98.06,,,,,pendiente_revision
RED LATINOAMERICANA DE CIENCIAS BIOLOGICAS,1,0.001,98.06,,,,,pendiente_revision
C I MILPA S A,1,0.001,98.06,,,,,pendiente_revision
ASOCIACION COLOMBIANA DE TRASTORNOS DEL ANIMO,1,0.001,98.06,,,,,pendiente_revision
COMPENSAR EPS,1,0.001,98.07,,,,,pendiente_revision
FACULTAD DE INGENIERIA UNIVERSIDAD DE ANTIOQUIA,1,0.001,98.07,,,,,pendiente_revision
ASOCIACION COLOMBIANA DE CRIADORES DE BUFALOS ACB,1,0.001,98.07,,,,,pendiente_revision
CENTRO AGROEMPRESARIAL Y ACUICOLA REGIONAL LA GUAJIRA,1,0.001,98.07,,,,,pendiente_revision
VISTAMARINA SAS,1,0.001,98.07,,,,,pendiente_revision
ASOCIACION WAYUU ARAURAYU,1,0.001,98.07,,,,,pendiente_revision
ESCUELA DE AVIACION DEL EJERCITO,1,0.001,98.07,,,,,pendiente_revision
UNIVERSIDAD DEL ESTADO DE RIO DE JANEIRO,1,0.001,98.07,,,,,pendiente_revision
CLINICA MEDS,1,0.001,98.07,,,,,pendiente_revision
COLEGIO DE SANTANDER,1,0.001,98.07,,,,,pendiente_revision
SECRETARIA DE INTEGRACION SOCIAL DEL DISTRITAL,1,0.001,98.08,,,,,pendiente_revision
CENTRO AGROTURISTICO SENA SAN GIL,1,0.001,98.08,,,,,pendiente_revision
CLINICA NUESTRA SENORA DE LOS REMEDIOS,1,0.001,98.08,,,,,pendiente_revision
INSTITUTO DE INGENIERIA DE ALIMENTOS PARA EL DESARROLLO,1,0.001,98.08,,,,,pendiente_revision
UNIVERSITAT POLITECNICA DE VALENCIA,1,0.001,98.08,,,,,pendiente_revision
DIRECCION GENERAL PARA LA PREVENCION Y ATENCION DE DESASTRES,1,0.001,98.08,,,,,pendiente_revision
CENTRO DE ESTUDIOS EN CIENCIAS DEL MAR UNIVERSIDAD NACIONAL (UNIVERSIDAD NACIONAL DE COLOMBIA),1,0.001,98.08,,,,,pendiente_revision
SOCIEDAD DE INFECTOLOGOS DEL CARIBE COLOMBIANO S.A.S.,1,0.001,98.08,,,,,pendiente_revision
GRUPO DE INVESTIGACION EN BIOQUIMICA,1,0.001,98.08,,,,,pendiente_revision
UNIVERSIDAD DEL ISTMO,1,0.001,98.08,,,,,pendiente_revision
ASOCIACION BOGOTANA DE ORNITOLOGIA,1,0.001,98.09,,,,,pendiente_revision
LICEO FRANCES,1,0.001,98.09,,,,,pendiente_revision
BARRY UNIVERSITY,1,0.001,98.09,,,,,pendiente_revision
COLEGIO BILINGUE DE SANTA MARTA,1,0.001,98.09,,,,,pendiente_revision
CONSEJO LATINOAMERICANO DE CIENCIAS SOCIALES CLACSO,1,0.001,98.09,,,,,pendiente_revision
UNIVERSITATSSTADT TUBINGEN GLEICHSTELLUNG UND INTEGRATION,1,0.001,98.09,,,,,pendiente_revision
CENTRO DE INVESTIGACIONES UNIVERSIDAD DE MANIZALES,1,0.001,98.09,,,,,pendiente_revision
CENTRO DE ESTUDIOS AVANZADOS NINEZ Y JUVENTUD UNIVERSIDAD DE MANIZALES CINDE,1,0.001,98.09,,,,,pendiente_revision
CENTRO DE AUTOMATIZACION INDUSTRIAL SENA REGIONAL CALDS (SERVICIO NACIONAL DE APRENDIZAJE SENA),1,0.001,98.09,,,,,pendiente_revision
GIMNASIO MODERNO DE BOGOTA,1,0.001,98.09,,,,,pendiente_revision
CENTRO DE ESTUDIOS CIENTIFICOS EN EDUCACION Y PEDAGOGIA,1,0.001,98.1,,,,,pendiente_revision
ASOCIACION PISCICOLA EL VERGEL,1,0.001,98.1,,,,,pendiente_revision
DYNAMIC DEFENSE SOLUTIONS SAS,1,0.001,98.1,,,,,pendiente_revision
UNIVERSITY OF KENTUCKY,1,0.001,98.1,,,,,pendiente_revision
SOAS UNIVERSITY OF LONDON,1,0.001,98.1,,,,,pendiente_revision
SOCIEDAD RED COLOMBIANA DE OPTICA,1,0.001,98.1,,,,,pendiente_revision
ARTHROFOOD,1,0.001,98.1,,,,,pendiente_revision
FUNDACION CARDIOVASCULAR DE COLOMBIA ZONA FRANCA SAS,1,0.001,98.1,,,,,pendiente_revision
UNIVERSIDAD PRIVADA DR RAFAEL BELLOSO CHACIN,1,0.001,98.1,,,,,pendiente_revision
CENTRO DE CONSULTORIA Y SERVICIO,1,0.001,98.1,,,,,pendiente_revision
UNIVERSITY OF TEXAS DALLAS,1,0.001,98.11,,,,,pendiente_revision
HOSPITAL LASCARIO BARBOSA AVENDANO,1,0.001,98.11,,,,,pendiente_revision
ORGANIZACION INTERNACIONAL DEL TRABAJO,1,0.001,98.11,,,,,pendiente_revision
INSTITUCION EDUCATIVA TENICO INDUSTRIAL DIEZ DE MAYO,1,0.001,98.11,,,,,pendiente_revision
CENTRE INTERNACIONAL DE METODES NUMERICS EN ENGINYERIA,1,0.001,98.11,,,,,pendiente_revision
ORQUESTA CUERDAS FILARMONICAS DE PEREIRA,1,0.001,98.11,,,,,pendiente_revision
CLINICA LOS CONDES,1,0.001,98.11,,,,,pendiente_revision
UNIVERSIDADE FEDERAL DE VICOSA CENTRO DE CIENCIAS BIOLOGICAS E DA SAUDE,1,0.001,98.11,,,,,pendiente_revision
UNIV DEL ZULIA,1,0.001,98.11,,,,,pendiente_revision
UNIVERSIDADE FEDERAL RURAL DE PERNAMBUCO,1,0.001,98.11,,,,,pendiente_revision
REVISTA LATIN AMERICAN POLICY,1,0.001,98.12,,,,,pendiente_revision
INSTITUCION EDUCATIVA LA PRIMAVERA,1,0.001,98.12,,,,,pendiente_revision
ALBERT SABIN INSTITUTE,1,0.001,98.12,,,,,pendiente_revision
CLINICA SAMEIN,1,0.001,98.12,,,,,pendiente_revision
CORPORACION PARA LA INVESTIGACION ETNOMUSICAL SON DE NEGRO,1,0.001,98.12,,,,,pendiente_revision
ASOCIACION COLOMBIANA PYME,1,0.001,98.12,,,,,pendiente_revision
ELSAMEX INTERNACIONAL SUCURSAL COLOMBIA,1,0.001,98.12,,,,,pendiente_revision
DEPARTAMENTO DE POSGRADO CENTRO MEIRA DELMAR,1,0.001,98.12,,,,,pendiente_revision
BIOTRISKEL SAS,1,0.001,98.12,,,,,pendiente_revision
ESCUELA DE NUTRICION Y DIETETICA UNIVERSIDAD DE ANTIOAUIA,1,0.001,98.12,,,,,pendiente_revision
UNIVERSIDAD METROPOLITANA DE EDUCACION CIENCIA Y TECNOLOGIA,1,0.001,98.13,,,,,pendiente_revision
FUNDACION CENTRO DE ESTUDIOS EN ECONOMIA SISTEMICA,1,0.001,98.13,,,,,pendiente_revision
CORPORACION PARQUE TECNOLOGICO DE INNOVACION TECNICAFE,1,0.001,98.13,,,,,pendiente_revision
EMPRESER TEJIDO EMPRESARIAL LTDA,1,0.001,98.13,,,,,pendiente_revision
CLINICA DE MARLY S A,1,0.001,98.13,,,,,pendiente_revision
UNIVERSIDAD DE ILINOIS,1,0.001,98.13,,,,,pendiente_revision
ESCRITORIO JURIDICO NORONO SANCHEZ TREJO S C,1,0.001,98.13,,,,,pendiente_revision
FUNDACION RED COLOMBIANA DE SEMILLEROS DE INVESTIGACION REDCOLSI,1,0.001,98.13,,,,,pendiente_revision
SEDIC S A,1,0.001,98.13,,,,,pendiente_revision
FONDO DE LAS POBLACIONES UNIDAS,1,0.001,98.13,,,,,pendiente_revision
GRUPO EMPRESARIAL EMCOSALUD,1,0.001,98.14,,,,,pendiente_revision
INSIGNARES Y SILVA ABOGADOS ASOCIADOS,1,0.001,98.14,,,,,pendiente_revision
GRUPO RESERCA INSEGNAMENTO MATEMATICA,1,0.001,98.14,,,,,pendiente_revision
DIVISION DE HMANIDADES Y CIENCIAS SOCIALES,1,0.001,98.14,,,,,pendiente_revision
FUNDACION CENTRO DE PRIMATES,1,0.001,98.14,,,,,pendiente_revision
CONSORCIO PARA LA INVESTIGACION CIENTIFICA CAUCASECO,1,0.001,98.14,,,,,pendiente_revision
INSTITUTO DE ESTUDIOS SUPERORES EN EDUCACION,1,0.001,98.14,,,,,pendiente_revision
CORPORACION RED DE UNIVERSIDADES PUBLICAS DEL EJE CAFETERO ALMA MATER,1,0.001,98.14,,,,,pendiente_revision
ORGANIZACION CAMINERA DE ANTIOQUIA,1,0.001,98.14,,,,,pendiente_revision
INSTITUTO NACIONAL MATERNO PERINATAL,1,0.001,98.14,,,,,pendiente_revision
COLCIENCIAS UNIVERSIDAD DEL VALLE,1,0.001,98.15,,,,,pendiente_revision
FEDERACION ANDINA DE ASOCIACIONES NACIONALES DE EDUCACION SUPERIOR EN CIENC,1,0.001,98.15,,,,,pendiente_revision
CAMARA DE LA INDUSTRIA Y COMERCIO COLOMBO ALEMANA,1,0.001,98.15,,,,,pendiente_revision
FACULTAD DE INGENIRRIA,1,0.001,98.15,,,,,pendiente_revision
INSTITUTO NACIONAL DE BIODIVERSIDAD,1,0.001,98.15,,,,,pendiente_revision
UNIVERSIDAD NACIONAL EXPERIMENTAL RAFAEL MARIA BARALT,1,0.001,98.15,,,,,pendiente_revision
FUNDACION INFANCIA Y APRENDIZAJE,1,0.001,98.15,,,,,pendiente_revision
CENTRO DE ESTUDIOS AVANZADOS INSTITUTO VENEZOLANO DE INVESTIGACIONES CIENT,1,0.001,98.15,,,,,pendiente_revision
SOCIEDAD DE BIOFISICOS LATINOAMERICANOS,1,0.001,98.15,,,,,pendiente_revision
MACIAS GOMEZ ABOGADOS,1,0.001,98.15,,,,,pendiente_revision
PROGRAMA DE LAS NACIONES UNIDAS PARA EL DESARROLLO,1,0.001,98.16,,,,,pendiente_revision
INVESTIGACION UNIVERSIDAD LA SALLE,1,0.001,98.16,,,,,pendiente_revision
GRUPO DE INVESTIGACION EN PSICOLOGIA,1,0.001,98.16,,,,,pendiente_revision
UNIVERSIDAD TECNOLOGICA DEL CHOCO,1,0.001,98.16,,,,,pendiente_revision
SECRETARIA DE AGRICULTURA DE BOYACA,1,0.001,98.16,,,,,pendiente_revision
CENTRO BIOTECNOLOGIACO DEL CARIBE SENA REGIONAL CESAR,1,0.001,98.16,,,,,pendiente_revision
EMPRESA METRO DE BOGOTA SA,1,0.001,98.16,,,,,pendiente_revision
MUSEUM NATIONAL D HISTOIRE NATURELLE FRANCIA,1,0.001,98.16,,,,,pendiente_revision
ARISTIZABAL OCHOA INGENIEROS ASESORES,1,0.001,98.16,,,,,pendiente_revision
TECNIAMBIENTAL,1,0.001,98.16,,,,,pendiente_revision
CENTRO DE EXCELENCIA EN CIENCIAS MARINAS,1,0.001,98.17,,,,,pendiente_revision
INSTITUTO NACIONAL DE INVESTIGACION Y TECNOLOGIA AGRARIA Y ALIMENTARIA,1,0.001,98.17,,,,,pendiente_revision
FUNDACION CUANGARE,1,0.001,98.17,,,,,pendiente_revision
ASOCIACION PROFESIONAL IEEE COLOMBIA,1,0.001,98.17,,,,,pendiente_revision
COMPANIA GENERAL DE ACEROS S A,1,0.001,98.17,,,,,pendiente_revision
FUNDACION INSTITUCION PRESTADORA DE SERVICIOS DE SALUD DE LA UNIVERSIDAD DE PAMPLONA,1,0.001,98.17,,,,,pendiente_revision
TECHNISCHE UNIVERSITAT DRESDEN INSTITUTE OF FOOD TECHNOLOGY AND BIOPROCESS,1,0.001,98.17,,,,,pendiente_revision
SOCIEDAD INTERAMERICANA DE PSICOLOGIA,1,0.001,98.17,,,,,pendiente_revision
CENTRO DE INVESTIGACION Y DESARROLLO TECNOLOGICO PARA LA INDUSTRIA ELECTRON,1,0.001,98.17,,,,,pendiente_revision
UNIVERSIDAD DE LA FONTERA,1,0.001,98.17,,,,,pendiente_revision
SMURFIT KAPPA,1,0.001,98.18,,,,,pendiente_revision
ESCUELA NACIONAL DE CIENCIAS BIOLOGICAS,1,0.001,98.18,,,,,pendiente_revision
JUNTA REGIONAL DE CALIFICACION DE INVALIDEZ REGIONAL NARINO,1,0.001,98.18,,,,,pendiente_revision
TESLAB GEO AMBIENTAL,1,0.001,98.18,,,,,pendiente_revision
DEPAUL UNIVERSITY,1,0.001,98.18,,,,,pendiente_revision
CENTRO REGIONAL DE PRODUCCION MAS LIMPIA UTP,1,0.001,98.18,,,,,pendiente_revision
ASOCIACION COLOMBIANA DE DIABETES,1,0.001,98.18,,,,,pendiente_revision
ASOCIACION COLOMBIANA DE DIETISTAS Y NUTRICIONISTAS ACODIN,1,0.001,98.18,,,,,pendiente_revision
FUNDACION INSTITUTO DE ESTUDIOS POLITICOS Y RELACIONES INTERNACIONALES AMIGOS DEL IEPRI,1,0.001,98.18,,,,,pendiente_revision
ESCUELA DE ARTES Y LETRAS,1,0.001,98.18,,,,,pendiente_revision
ALCALDIA DE PAMPLONA,1,0.001,98.19,,,,,pendiente_revision
ASOCIACION COLOMBIANA DE LIMNOLOGIA,1,0.001,98.19,,,,,pendiente_revision
JOHNS HOPKINS UNIVERSITY SCHOOL OF PUBLIC HEALTH,1,0.001,98.19,,,,,pendiente_revision
CORPORACION PARA LA EDUCACION Y EL DESARROLLO SOSTENIBLE,1,0.001,98.19,,,,,pendiente_revision
CLINICA BAUTISTA,1,0.001,98.19,,,,,pendiente_revision
GUNMA UNIVERSITY GRADUATE SCHOOL OF MEDICINE,1,0.001,98.19,,,,,pendiente_revision
DEPARTAMENTO DE RADIOLOGIA CLINICA SOMA,1,0.001,98.19,,,,,pendiente_revision
WOMA S A S,1,0.001,98.19,,,,,pendiente_revision
UNIVERSIDAD ANTONIO NARINO IBAGUE (UNIVERSIDAD ANTONIO NARINO),1,0.001,98.19,,,,,pendiente_revision
BARRIOS COMUNICACIONES,1,0.001,98.19,,,,,pendiente_revision
UNIVERSIDAD DE LOS ANDES DEPARTAMENTO DE INGENERIA ELECTRICA,1,0.001,98.2,,,,,pendiente_revision
FACULTAD DE BIOLOGIA MARINA,1,0.001,98.2,,,,,pendiente_revision
GRUPO DE INVESTIGACION EN SISTEMATICA MOLECULAR UNAL,1,0.001,98.2,,,,,pendiente_revision
UNIVERSIDAD DE BOCHUM,1,0.001,98.2,,,,,pendiente_revision
GRUPO PARA EL CONTROL DE LA RESISTENCIA BACTERIANA BOGOTA,1,0.001,98.2,,,,,pendiente_revision
UNIVERSIDAD DE ALICANTE,1,0.001,98.2,,,,,pendiente_revision
UNIVERSITY OF LOUISIANA AT LAFAYETTE,1,0.001,98.2,,,,,pendiente_revision
CIUDAD DIGITAL ALCALDIA DE BUCARAMANGA,1,0.001,98.2,,,,,pendiente_revision
IPSOS NAPOLEON FRANCO,1,0.001,98.2,,,,,pendiente_revision
LATINOAMERICANA DE EDUCACION INVESTIGACION Y TECNOLOGIA,1,0.001,98.2,,,,,pendiente_revision
MEDICINA INTERNA Y CARDIOLOGIA,1,0.001,98.21,,,,,pendiente_revision
RED DE UNIVERSIDADES DEL DOCTORADO EN CIENCIAS DE LA EDUCACION,1,0.001,98.21,,,,,pendiente_revision
ABOGADO LITIGANTE,1,0.001,98.21,,,,,pendiente_revision
DRUGS JOURNAL SINCE,1,0.001,98.21,,,,,pendiente_revision
INSTITUTO MATERNO INFANTIL,1,0.001,98.21,,,,,pendiente_revision
COLEGIO REPUBLICA DE COLOMBIA IED,1,0.001,98.21,,,,,pendiente_revision
INSTITUTO NACIONAL DE REHABILITACION DE MEXICO,1,0.001,98.21,,,,,pendiente_revision
DEPARTAMENTO DE HISTORIA UNIVERSIDAD DE ANTIOQUIA,1,0.001,98.21,,,,,pendiente_revision
UNIVERSITY OF FREIBURG,1,0.001,98.21,,,,,pendiente_revision
CORPORACION AUTONOMA REGIONAL DEL VALLE DEL CAUCA CVC,1,0.001,98.21,,,,,pendiente_revision
DEPARTAMENTO ADMINISTRATIVO DEL MEDIO AMBIENTE,1,0.001,98.22,,,,,pendiente_revision
FAC DE EDUCACION FISICA (UNIV DE PLAYA ANCHA CS EDUCACION),1,0.001,98.22,,,,,pendiente_revision
CONSEJO NACIONAL DE EDUCACION SUPERIOR,1,0.001,98.22,,,,,pendiente_revision
UNIVERSIDAD DE NARINO DEPARTAMENTO DE BIOLOGIA,1,0.001,98.22,,,,,pendiente_revision
UNIVERSITY OF TEXAS AL SAN ANTONIO,1,0.001,98.22,,,,,pendiente_revision
FACULTAD DE EEDUCACION,1,0.001,98.22,,,,,pendiente_revision
SEMINARIO MAYOR VILLA PAUL CONGREGACION DE LA MISION DE PADRES VICENTINOS,1,0.001,98.22,,,,,pendiente_revision
CENTRO DE INFORMACION PSICOSOCIAL,1,0.001,98.22,,,,,pendiente_revision
FACULTAD DE CIENCIAS AGRARIAS UNIVERSIDAD DE ANTIOQUIA,1,0.001,98.22,,,,,pendiente_revision
CENTRO AGROEMPRESARIAL Y PECUARIO DEL HUILA,1,0.001,98.22,,,,,pendiente_revision
UNIVERSITY OF CALIFORNIA LOS ANGES,1,0.001,98.23,,,,,pendiente_revision
CENTRO MEDICO JULIAN CORONEL,1,0.001,98.23,,,,,pendiente_revision
DEPARTAMENTO DERECHO COMERCIAL,1,0.001,98.23,,,,,pendiente_revision
CORPOBIOTICA CORPORACION PARA EL DESARROLLO INVESTIGACION Y APLICACION,1,0.001,98.23,,,,,pendiente_revision
COOPERATIVA PARA EL DESARROLLO INTEGRAL DE SALUD DE CARTAGENA,1,0.001,98.23,,,,,pendiente_revision
FURGONES DEL ORIENTE S A,1,0.001,98.23,,,,,pendiente_revision
UNIVERSIDAD DE VALLADOLID,1,0.001,98.23,,,,,pendiente_revision
AUTORREGULADOR DEL MARCADO DE VALORES,1,0.001,98.23,,,,,pendiente_revision
FUNDACION REIKI MANOS DE LUZ,1,0.001,98.23,,,,,pendiente_revision
INSTITUTO FRANCES DE ESTUDIOS ANDINOS,1,0.001,98.23,,,,,pendiente_revision
CENTRO DE INVESTIGACIONES DEL CAFE,1,0.001,98.24,,,,,pendiente_revision
UNIVERSITAT BREMEN,1,0.001,98.24,,,,,pendiente_revision
BAYLOR COLLEGE OF MEDICINE,1,0.001,98.24,,,,,pendiente_revision
CONSERVATION INTERNATIONAL COLOMBIA,1,0.001,98.24,,,,,pendiente_revision
INSTITUCION EDUCATIVA JORGE ELIECER GAITAN,1,0.001,98.24,,,,,pendiente_revision
MUSEO CASA DE LA MEMORIA,1,0.001,98.24,,,,,pendiente_revision
COLEGIO TECNICO DE LA ESCUELA COLOMBIANA DE CARRERAS INDUSTRIALES (UNIVERSIDAD ECCI),1,0.001,98.24,,,,,pendiente_revision
FACULTAD DE DERECHO U EXTERNADO DE COLOMBIA DPTO DERECHO DE LOS NEGOCIOA,1,0.001,98.24,,,,,pendiente_revision
SECRETARIA DE EDUCACION DISTRITAL COLEGIO SAN BERNARDINO IED,1,0.001,98.24,,,,,pendiente_revision
CORPORACIAN FORMACIAN CIUDADANA,1,0.001,98.24,,,,,pendiente_revision
INTITUCION EDUCATIVA TECNICA JOSE IGNACIO DE MARQUEZ,1,0.001,98.25,,,,,pendiente_revision
INTERNATIONAL RESEARCH INSTITUTE FOR CLIMATE AND SOCIETY COLUMBIA UNIV,1,0.001,98.25,,,,,pendiente_revision
FUNDACION FUTURO COLOMBIANO,1,0.001,98.25,,,,,pendiente_revision
HOSPITAL PSIQUIATRICO SAN CAMILO,1,0.001,98.25,,,,,pendiente_revision
AMERICANA DE TRENZADOS,1,0.001,98.25,,,,,pendiente_revision
UNIGUAJIRA,1,0.001,98.25,,,,,pendiente_revision
ESCUELA SUPERIORES DE LA POLICIA NACIONAL,1,0.001,98.25,,,,,pendiente_revision
CENTRO DE TRANSFERENCIA DE CONOCIMIENTO E INNOVACION,1,0.001,98.25,,,,,pendiente_revision
INSTITUTO ESPECIALIZADO PARA LA FORMACION DIPLOMATICA,1,0.001,98.25,,,,,pendiente_revision
GANADERIA RIO GRANDE,1,0.001,98.25,,,,,pendiente_revision
ASOCIACION PANAMERICANA OTORRINOLARINGOLOGIA CABEZA Y CUELLO,1,0.001,98.26,,,,,pendiente_revision
IMPERIAL COLLEGE LONDON,1,0.001,98.26,,,,,pendiente_revision
ENSAMBLE INVESTIGACIONES (SALUD TRANSVERSAL),1,0.001,98.26,,,,,pendiente_revision
CENTRO DE INVESTIGACION DOCENCIA Y CONSULTORIA ADMINISTRATIVA F CIDCA,1,0.001,98.26,,,,,pendiente_revision
CENTRO NACIONAL DE EVALUACION PARA LA EDUCACION SUPERIOR A C,1,0.001,98.26,,,,,pendiente_revision
RED EDUCATIVA PARA LA TRANSFORMACION DOCENTE LATINOAMERICANA,1,0.001,98.26,,,,,pendiente_revision
CLINICA DE FRACTURAS,1,0.001,98.26,,,,,pendiente_revision
PROMEO,1,0.001,98.26,,,,,pendiente_revision
UNIVERSIDAD DE MONTEREY,1,0.001,98.26,,,,,pendiente_revision
CORPORACION IBEROAMERICANA PARA LA EDUCACION INTEGRAL,1,0.001,98.26,,,,,pendiente_revision
INSTITUCION EDUCATIVA LUIS CARLOS GALAN SARMIENTO,1,0.001,98.27,,,,,pendiente_revision
PROVINCIA SAN LUIS BERTRAN DE COLOMBIA,1,0.001,98.27,,,,,pendiente_revision
FUNDACION REANIMACION COLOMBIANA,1,0.001,98.27,,,,,pendiente_revision
CHINESE ACADEMY OF TROPICAL AGRICULTURAL SCIENCES CATAS,1,0.001,98.27,,,,,pendiente_revision
UNIVERSITY OF MISSOURI COLUMBIA USA,1,0.001,98.27,,,,,pendiente_revision
THE FOOD AND AGRICULTURE ORGANIZATION,1,0.001,98.27,,,,,pendiente_revision
CLADEA,1,0.001,98.27,,,,,pendiente_revision
THE UNIVERSITY OT TEXAS MEDICAL BRANCH,1,0.001,98.27,,,,,pendiente_revision
BIOS CENTRO DE BIOINFORMATICA Y BIOLOGIA COMPUTACIONAL DE COLOMBIA (CENTRO DE BIOINFORMATICA Y BIOLOGIA COMPUTACIONAL DE COLOMBIA),1,0.001,98.27,,,,,pendiente_revision
UNIVERSITY OF TENNESSEE HEALTH SCIENCE CENTER,1,0.001,98.27,,,,,pendiente_revision
HOSPITAL UNVIERSITARIO RAMON GONZALEZ VALENCIA,1,0.001,98.28,,,,,pendiente_revision
DIVISION DE CIENCIAS BASICAS UNIVERSIDAD DEL NORTE,1,0.001,98.28,,,,,pendiente_revision
CENTRO DE DIAGNOSTICO AUTOMOTOR MOTOSPORT LAS AMERICAS,1,0.001,98.28,,,,,pendiente_revision
ESCUELA NORMAL NACIONAL DE URIBIA,1,0.001,98.28,,,,,pendiente_revision
CLINICA UNIVERSITARIA TELETON,1,0.001,98.28,,,,,pendiente_revision
OFICINA EXPOSITO ABOGADOS,1,0.001,98.28,,,,,pendiente_revision
PROGRAMA DE ADMINISTRACION Y GESTION AMBIENTAL,1,0.001,98.28,,,,,pendiente_revision
INSTITUTO TECNICO DE ALTA TECNOLOGIA,1,0.001,98.28,,,,,pendiente_revision
UNIVERSITY OF NORTH CAROLINA,1,0.001,98.28,,,,,pendiente_revision
ASOCIACION DE MUNICIPIOS DELOS DEPARTAMENTOS DE CORDOBA Y SUCRE,1,0.001,98.28,,,,,pendiente_revision
ESCUELA DE SUBOFICIALES Y NIVEL EJECUTIVO GONZALO JIMENEZ DE QUESADA,1,0.001,98.29,,,,,pendiente_revision
GRUPO DE INVESTIGACION EN INGENIERIA Y TECNOLOGIA DE ALIMENTOS,1,0.001,98.29,,,,,pendiente_revision
CORPOACION ACADEMICA AMBIENTAL (UNIVERSIDAD DE ANTIOQUIA),1,0.001,98.29,,,,,pendiente_revision
INSTITUCION DEPARTAMENTAL SAN JOSE DE PUEBLOVIEJO,1,0.001,98.29,,,,,pendiente_revision
CENTRO SALUD MENTAL,1,0.001,98.29,,,,,pendiente_revision
FUNDACION SALUD PARA EL TROPICO,1,0.001,98.29,,,,,pendiente_revision
FUNDACION PROYECTO NAVIO,1,0.001,98.29,,,,,pendiente_revision
INSTITUTO SIMON RODRIGUEZ,1,0.001,98.29,,,,,pendiente_revision
FUNDACION ALEJANDRA ORTEGA LOPEZ,1,0.001,98.29,,,,,pendiente_revision
INSTITUTO NACIONAL DE VIAS,1,0.001,98.29,,,,,pendiente_revision
INEM FELIPE PEREZ DE PEREIRA,1,0.001,98.3,,,,,pendiente_revision
UNIVERSIDAD ESTADUAL PAULISTA JULIO MESTQUITA FILHO,1,0.001,98.3,,,,,pendiente_revision
CUARTA DE CUBIERTA SERVICIOS EDITORIALES,1,0.001,98.3,,,,,pendiente_revision
BIONANOTECH SAS,1,0.001,98.3,,,,,pendiente_revision
BIO SAFE,1,0.001,98.3,,,,,pendiente_revision
UNIVERSIDAD AGUSTINIANA UNIAGUSTINIANA,1,0.001,98.3,,,,,pendiente_revision
UNIVERSIDAD PEDAGOGICA Y EXPERIMENTAL EL LIBERTADOR,1,0.001,98.3,,,,,pendiente_revision
UNIVERSITY OF KANSAS,1,0.001,98.3,,,,,pendiente_revision
XARXA SOLIDARIA SABADELL COLOMBIA,1,0.001,98.3,,,,,pendiente_revision
CENTRO DE INVESTIGACION Y FORMACION DE TRANSITO Y TRANSPORTE,1,0.001,98.3,,,,,pendiente_revision
UNIVERSIDAD DEL SALVADOR,1,0.001,98.31,,,,,pendiente_revision
CORP COMUNITARIA ORDENADORA PARA EL BIENESTAR LA EDUCACION Y LA INVERSION,1,0.001,98.31,,,,,pendiente_revision
FUNDACION EDUCATIVA COLEGIO DIOCESANO RICAURTE,1,0.001,98.31,,,,,pendiente_revision
UNIVERSIDAD CATOLICA POPULAR DEL RISARALDA,1,0.001,98.31,,,,,pendiente_revision
ORGANIZACION DE NACIONES UNIDAS PARA LA AGRICULTURA Y LA ALIMTACION,1,0.001,98.31,,,,,pendiente_revision
INSTITUTO NACIONAL DE SALUD DE COLOMBIA,1,0.001,98.31,,,,,pendiente_revision
ANSCHUTZ MEDICAL CAMPUS UNIVERSITY OF COLORADO,1,0.001,98.31,,,,,pendiente_revision
COLGATE,1,0.001,98.31,,,,,pendiente_revision
UNIDAD DE CUIDADOS INTENSIVOS,1,0.001,98.31,,,,,pendiente_revision
COMITE INTERNACIONAL DE LA CRUZ ROJA,1,0.001,98.31,,,,,pendiente_revision
CENTRO AGROEMPRESARIAL,1,0.001,98.32,,,,,pendiente_revision
COOPERATIVA MEDICA DE ANTIOQUIA,1,0.001,98.32,,,,,pendiente_revision
UNIVERSIDAD DE POTSDAM,1,0.001,98.32,,,,,pendiente_revision
SENDEROS Y ENCUENTROS PARA UN DESARROLLO SUSTENTABLE,1,0.001,98.32,,,,,pendiente_revision
E S E HOSPITAL UNIVERSITARIO DEPARTAMENTAL DE NARINO,1,0.001,98.32,,,,,pendiente_revision
PONTIFICIA UNIVERSIDAD CATOLICA DE VALPARAISO,1,0.001,98.32,,,,,pendiente_revision
PARQUE TECNOLOGICO DEL SOFTWARE,1,0.001,98.32,,,,,pendiente_revision
CAPACITES,1,0.001,98.32,,,,,pendiente_revision
PROGRAMA NACIONES UNIDAS,1,0.001,98.32,,,,,pendiente_revision
UNIDAD ADMINISTRATIVA ESPECIAL DEL SISTEMA DE PARQUES NACIONALES NATURALES UAESPNN REGIONAL SURANDINA,1,0.001,98.32,,,,,pendiente_revision
UNIVERSIDAD NACIONAL ABIERTA Y A DISTANCIA UNAD SEDE MEDELLIN,1,0.001,98.33,,,,,pendiente_revision
THE GEISEL SCHOOL OF MEDICINE AT DARTMOUTH,1,0.001,98.33,,,,,pendiente_revision
VU MEDICAL CENTER,1,0.001,98.33,,,,,pendiente_revision
UNIVERSITY OF DELAWARE,1,0.001,98.33,,,,,pendiente_revision
THE NORWEGIAN UNIVERSITY OF LIFE SCIENCES,1,0.001,98.33,,,,,pendiente_revision
UNIVERSIDADE FEDERAL DE UBERLANDIA,1,0.001,98.33,,,,,pendiente_revision
ESCUELA DE DANZAS FOLCLORICAS PALMA AFRICANA,1,0.001,98.33,,,,,pendiente_revision
EMPRESA COOPERATIVA DE SERVICIOS DE EDUCACION Y SALUD,1,0.001,98.33,,,,,pendiente_revision
FUNDACION OAISIS DE AMOR,1,0.001,98.33,,,,,pendiente_revision
SECRETARIA DE GOBIERNO DISTRITAL (ALCALDIA MAYOR DE BOGOTA),1,0.001,98.33,,,,,pendiente_revision
SECRETARIA DE EDUCACION Y CULTURA DE ANTIOQUIA,1,0.001,98.34,,,,,pendiente_revision
FUNDACION INSTITUTO PARA LA INVESTIGACION DEL MEDICAMENTO EN LOS SISTEMAS,1,0.001,98.34,,,,,pendiente_revision
HOSPITAL LA FE ESPANA,1,0.001,98.34,,,,,pendiente_revision
INSTITUTO AMAZONICO DE INVESTIGACIONES IMANI,1,0.001,98.34,,,,,pendiente_revision
GERMAN INSTITUTE OF GLOBAL AND STUDIES AREA,1,0.001,98.34,,,,,pendiente_revision
XERES LO SAS,1,0.001,98.34,,,,,pendiente_revision
SECRETARIA DE EDUCACION DE TUNJA,1,0.001,98.34,,,,,pendiente_revision
NEOTROPICAL ORNITHOLOGICAL SOCIETY,1,0.001,98.34,,,,,pendiente_revision
UNIVERSIDAD DE ANTIOQUIA MAX PLANCK TANDEM GROUP,1,0.001,98.34,,,,,pendiente_revision
MINISTERIO DE CULTURA DE COLOMBIA,1,0.001,98.34,,,,,pendiente_revision
FIELD MUSEUM,1,0.001,98.35,,,,,pendiente_revision
INSTITUTO SUPERIOR FORMACION DOCENTE SALOME URENA,1,0.001,98.35,,,,,pendiente_revision
CORPORACION SOCIOECOLOGICA PARA EL FUTURO DE BOLIVAR ECOFUTURO,1,0.001,98.35,,,,,pendiente_revision
CONSULTARIO PRIVADO,1,0.001,98.35,,,,,pendiente_revision
M A S ESTUDIOS SAS,1,0.001,98.35,,,,,pendiente_revision
FACULTAD DE ODONTOLOGIA DE LA UNIVERSIDAD NACIONAL DE COLOMBIA,1,0.001,98.35,,,,,pendiente_revision
CONSEJO NACIONAL DE INVESTIGACIONES CIENTIFICAS Y TECNICAS,1,0.001,98.35,,,,,pendiente_revision
FACULTAD DE DERECHO Y CIENCIAS POLITICAS UNIVERSIDAD DE ANTIOQUIQ,1,0.001,98.35,,,,,pendiente_revision
ARQUITECTURA,1,0.001,98.35,,,,,pendiente_revision
UNIVERSITY OF FERRARA,1,0.001,98.35,,,,,pendiente_revision
UNIVERSIDAD PILOTO,1,0.001,98.36,,,,,pendiente_revision
UNIDAD ADMINISTRATIVA ESPECIAL DEL SISTEMA DE PARQUES NACIONALES NATURALES,1,0.001,98.36,,,,,pendiente_revision
UNIVERSITY OF WYOMING,1,0.001,98.36,,,,,pendiente_revision
SECRETARIA DE EDUCACION DEPARTAMENTAL DE BOYACA,1,0.001,98.36,,,,,pendiente_revision
UNIVERSITE DE PARIS IV PARIS SORBONNE,1,0.001,98.36,,,,,pendiente_revision
UNIVERSIDAD INDUSTRIAL DE SANTANDER ESCUELA DE FILOSOFIA,1,0.001,98.36,,,,,pendiente_revision
FUNDACION UNIVERSITARIA DE SAN GIL,1,0.001,98.36,,,,,pendiente_revision
FUNDACION TROPICO VIVO,1,0.001,98.36,,,,,pendiente_revision
AMOXTLI HISTORIA DE LA EDICION Y LA LECTURA,1,0.001,98.36,,,,,pendiente_revision
WWF COLOMBIA,1,0.001,98.36,,,,,pendiente_revision
ALCALDIA DE BUCARAMANGA,1,0.001,98.37,,,,,pendiente_revision
UNIVERSITY OF NEW MEXICO,1,0.001,98.37,,,,,pendiente_revision
FUNDACION ECOMARES,1,0.001,98.37,,,,,pendiente_revision
FUNDACION UCI DONA PILAR,1,0.001,98.37,,,,,pendiente_revision
INSTITUT DE CIENCIA I TECNOLOGIA AMBIENTAL,1,0.001,98.37,,,,,pendiente_revision
PRACTICA PROFESIONAL PRESTACION DE SERVICIOS,1,0.001,98.37,,,,,pendiente_revision
ESCUELA DE ARQUITECTURA Y DISENO DE AMERICA LATINA Y EL CARIBE ISTHMUS,1,0.001,98.37,,,,,pendiente_revision
CENTRO DE INVESTIGACIONES EN TECNOLOGIAS AMBIENTALES CITA,1,0.001,98.37,,,,,pendiente_revision
CITY UNIVERSITY OF NEW YORK,1,0.001,98.37,,,,,pendiente_revision
GRUPO DE INVESTIGACION EN MICROBIOLOGIA INDUSTRIA Y AMBIENTE,1,0.001,98.37,,,,,pendiente_revision
FORSCHUNGSZENTRUM JULICH,1,0.001,98.38,,,,,pendiente_revision
UFJC FACULTAD TECNOLOGICA,1,0.001,98.38,,,,,pendiente_revision
FUNDACION PARA LA INVESTIGACION Y LA CONSERVACION BIOLOGICA MARINA (FUNDACION ECOMARES),1,0.001,98.38,,,,,pendiente_revision
UNIVERSITY OF COPENHAGEN,1,0.001,98.38,,,,,pendiente_revision
CENTRO DE CIENCIAS GENOMICAS,1,0.001,98.38,,,,,pendiente_revision
CENTRO NACIONAL DE LOS RECURSOS RENOVABLES (SERVICIO NACIONAL DE APRENDIZAJE SENA),1,0.001,98.38,,,,,pendiente_revision
ADVECTOR S A S,1,0.001,98.38,,,,,pendiente_revision
ORGANIZACION SANITAS,1,0.001,98.38,,,,,pendiente_revision
UNIVERSITY OF UTAH,1,0.001,98.38,,,,,pendiente_revision
WESTERN SYDNEY UNIVERSITY,1,0.001,98.38,,,,,pendiente_revision
ESCUELA DE COMUNICACIONES MILITARES,1,0.001,98.39,,,,,pendiente_revision
FEDERACION COLOMBIANA DE GANADEROS,1,0.001,98.39,,,,,pendiente_revision
ANADARKO COLOMBIA COMPANY SUCURSAL COLOMBIA,1,0.001,98.39,,,,,pendiente_revision
COLEGIO GIMNASIO VERMONT SA,1,0.001,98.39,,,,,pendiente_revision
UNIVERSIDAD DE ANTIOQUIA SEDE MEDELLIN (UNIVERSIDAD DE ANTIOQUIA),1,0.001,98.39,,,,,pendiente_revision
HOSPITAL FERNANDO TROCONIS,1,0.001,98.39,,,,,pendiente_revision
NATIONAL LIBRARY OF NEW ZEALAND,1,0.001,98.39,,,,,pendiente_revision
CORPORACION PARA LA INVESTIGACION EL DESARROLLO CIENTIFICO Y LA INNOVACION,1,0.001,98.39,,,,,pendiente_revision
FUNDACION PUBLICA ANDALUZA PARA LA INVESTIGACION BIOSANITARIA DE ANDALUCIA,1,0.001,98.39,,,,,pendiente_revision
PONTIFICIA UNIVERSIDADE CATOLICA DO RIO DE JANEIRO,1,0.001,98.39,,,,,pendiente_revision
UNIVERSIDAD DEL PAIS VASCO,1,0.001,98.4,,,,,pendiente_revision
SECRETARIA DE EDUCACION MUNICIPAL DE FLORENCIA,1,0.001,98.4,,,,,pendiente_revision
UNIVERDOBASIDAD DE CORDOBA,1,0.001,98.4,,,,,pendiente_revision
ASSOCIATION POUR LA RECHERCHE ET LE DAVELOPPEMENT DES MATHODES ET PROCESSUS INDUSTRIELS,1,0.001,98.4,,,,,pendiente_revision
UNIVERSIDAD DE PUERTO RICO,1,0.001,98.4,,,,,pendiente_revision
SENA SERVICIO NACIONAL DE APRENDIZAJE REGIONAL HUILA,1,0.001,98.4,,,,,pendiente_revision
CENTRO COLOMBO AMERICANO,1,0.001,98.4,,,,,pendiente_revision
SUPERIOR ENERGY SERVICES,1,0.001,98.4,,,,,pendiente_revision
UNIVERSITY OF PRINCE EDWARD ISLAND,1,0.001,98.4,,,,,pendiente_revision
INSTITUTO NACIONAL DE PESQUISAS ESPACIAIS,1,0.001,98.4,,,,,pendiente_revision
FUNDACION UNIVERSITARIA BARCELO,1,0.001,98.41,,,,,pendiente_revision
AZIERTA SCIENCE HEALTH,1,0.001,98.41,,,,,pendiente_revision
CENTER FOR CHEMICAL SENSOR DEVELOPMENT,1,0.001,98.41,,,,,pendiente_revision
INSTITUCION EDUCATIVA DE ROZO,1,0.001,98.41,,,,,pendiente_revision
CENTRE INTERNATIONAL DE RECHERCHE EN AGRONOMIE POUR LE DEVELOPPEMENT,1,0.001,98.41,,,,,pendiente_revision
UNION TEMPORAL GUAYURIBA SOSTENIBLE,1,0.001,98.41,,,,,pendiente_revision
ESCUELA NORMAL SUPERIOR MARIA AUXILIADORA DE VILLAPINZON,1,0.001,98.41,,,,,pendiente_revision
CENTRO DE INNOVACION EDUCATIVA Y FORMACION PEDAGOGICA,1,0.001,98.41,,,,,pendiente_revision
CLINICA VETERINARIA ZOORICATOS,1,0.001,98.41,,,,,pendiente_revision
GOBERNACION DEL META,1,0.001,98.41,,,,,pendiente_revision
ADECCO SERVICIOS COLOMBIA S A,1,0.001,98.42,,,,,pendiente_revision
CENTRO DE INVESTIGACION DES CORDELIERS,1,0.001,98.42,,,,,pendiente_revision
ESCUELA DE DERECHOS HUMANOS Y DERECHO INTERNACIONAL HUMANITARIO DEL EJERCIT,1,0.001,98.42,,,,,pendiente_revision
MONTREAL CHILDREN S HOSPITAL,1,0.001,98.42,,,,,pendiente_revision
HOSPITAL GENERAL DE MEDELLIN,1,0.001,98.42,,,,,pendiente_revision
OPERADORA VIAL DE COLOMBIA,1,0.001,98.42,,,,,pendiente_revision
SECRETARIA DE EDUCACION DEL DISTRITO,1,0.001,98.42,,,,,pendiente_revision
FUNDACION TECNOLOGICO CONFENALCO (FUNDACION UNIVERSITARIA TECNOLOGICO COMFENALCO CARTAGENA),1,0.001,98.42,,,,,pendiente_revision
FUNDACION LABORATORIO DE FARMACOLOGIA VEGETAL LABFARVE,1,0.001,98.42,,,,,pendiente_revision
SERVICIO NACIONAL DE APRENDIZAJE SENA REGIONAL QUINDIO (SERVICIO NACIONAL DE APRENDIZAJE SENA),1,0.001,98.42,,,,,pendiente_revision
MUTUAL SER ESS,1,0.001,98.43,,,,,pendiente_revision
UNIVERSIDAD DE CONCORDIA,1,0.001,98.43,,,,,pendiente_revision
UNIVERSITAT TUEBINGEN EBERHARD KARLS,1,0.001,98.43,,,,,pendiente_revision
TECHNICAL UNIVERSITY OF BRAUNSCHWEIG,1,0.001,98.43,,,,,pendiente_revision
ASOCIACION PARA LA PROMOCION DE LA INNOVACION SOCIAL BASADA EN TICS,1,0.001,98.43,,,,,pendiente_revision
IDEOIDE S A S,1,0.001,98.43,,,,,pendiente_revision
DEPARTMENT OF PATHOBIOLOGY OVC UNIVERSITY OF GUELPH,1,0.001,98.43,,,,,pendiente_revision
U S SOYBEAN EXPORT COUNCIL,1,0.001,98.43,,,,,pendiente_revision
FUNDACION GRUPO ARGOS,1,0.001,98.43,,,,,pendiente_revision
EMPRESA SOCIAL DEL ESTADO SUROCCIDENTE,1,0.001,98.43,,,,,pendiente_revision
INSTITUCION EDUCATIVA JOSE ANTONIO GALAN,1,0.001,98.44,,,,,pendiente_revision
CENTRO DE FORMACION AGROINDUSTRIAL LA ANGOSTURA SENA REGIONAL HUILA,1,0.001,98.44,,,,,pendiente_revision
DEPARTAMENTO DE INVESTIGACIONES UNIVERSIDAD CENTRAL,1,0.001,98.44,,,,,pendiente_revision
STRATEGIC INTELLIGENCE,1,0.001,98.44,,,,,pendiente_revision
GOBERNACION DEL CAUCA SECRETARIA DE AGRICULTURA,1,0.001,98.44,,,,,pendiente_revision
DEPARTAMENTO ADMINISTRATIVO DEL DEPORTE LA RECREACIAN LA ACTIVIDAD FASICA Y EL APROVECHAMIENTO DEL TIEMPO LIBRE A COLDEPORTES,1,0.001,98.44,,,,,pendiente_revision
COLLEGE VOOR DE TOELATING VAN GEWASBESCHERMINGSMIDDELEN EN BIOCIDEN,1,0.001,98.44,,,,,pendiente_revision
UNIVERSIDAD FEDERAL RIO GRANDE DEL NORTE,1,0.001,98.44,,,,,pendiente_revision
MUNICIPIO DE SAN JOSE DE CUCUTA,1,0.001,98.44,,,,,pendiente_revision
CAJA DE COMPENSACION FAMILIAR DE BOYACA,1,0.001,98.44,,,,,pendiente_revision
GOTOMATIK S A S,1,0.001,98.45,,,,,pendiente_revision
APIARIOS EL PINAR CIA LTDA,1,0.001,98.45,,,,,pendiente_revision
UNIVERSIDAD NACIONAL DE QUILMES ARGENTINA,1,0.001,98.45,,,,,pendiente_revision
CODESIA LTDA,1,0.001,98.45,,,,,pendiente_revision
FUNDACION PROYECCION ECO SOCIAL,1,0.001,98.45,,,,,pendiente_revision
UNIVERSITY OF SYDNEY,1,0.001,98.45,,,,,pendiente_revision
THE JOHNS HOPKINS HOSPITAL,1,0.001,98.45,,,,,pendiente_revision
THE UNIVERSITY OF SYDNEY,1,0.001,98.45,,,,,pendiente_revision
CLINICA CARDIOVASCULAR,1,0.001,98.45,,,,,pendiente_revision
SECRETARIA DE EDUCACION PARA LA CULTURA,1,0.001,98.45,,,,,pendiente_revision
INSTITUTO DEL CORAZON,1,0.001,98.46,,,,,pendiente_revision
FUNDACION UNIVESIDAD CENTRAL,1,0.001,98.46,,,,,pendiente_revision
SEMINARIO TEOLOGICO REFORMADO DE COLOMBIA,1,0.001,98.46,,,,,pendiente_revision
INSTITUCION UNIVERSITARIA CENTRO DE ESTUDIOS,1,0.001,98.46,,,,,pendiente_revision
GRUPO DE ENFOQUE EN ENERGIA Y CAMBIO CLIMATICO,1,0.001,98.46,,,,,pendiente_revision
ROCCAP SAS,1,0.001,98.46,,,,,pendiente_revision
UNIVERSITY OF BIRMINGHAM,1,0.001,98.46,,,,,pendiente_revision
CNRS UNIVERISDAD DE TOULOUSE,1,0.001,98.46,,,,,pendiente_revision
FUNDACION MARIA CANO MEDELLIN,1,0.001,98.46,,,,,pendiente_revision
SECRETARIA DE EDUCACION DE FLORENCIA,1,0.001,98.46,,,,,pendiente_revision
FUNDACIAN KOBB,1,0.001,98.47,,,,,pendiente_revision
LEWIS AND CLARK COLLEGE,1,0.001,98.47,,,,,pendiente_revision
ESCUELA NORMAL SUPERIOR DEL QUNDIO,1,0.001,98.47,,,,,pendiente_revision
SERVICIO NACIONAL DE APRENDIZAJE CENTRO DE FORMACION AGROINDUSTRIAL,1,0.001,98.47,,,,,pendiente_revision
FUNDACION COLOMBIA EMPRENDE VI OPERADOR PAE BOYACA,1,0.001,98.47,,,,,pendiente_revision
NEWCASTLE UNIVERSITY,1,0.001,98.47,,,,,pendiente_revision
GRUPO DE BIOQUIMICA TEORICA UIS,1,0.001,98.47,,,,,pendiente_revision
HERES AVOCATS,1,0.001,98.47,,,,,pendiente_revision
COMITE NATIONAL DES CONSEILLERS DU COMMERCE EXTERIEUR DE LA FRANCE,1,0.001,98.47,,,,,pendiente_revision
JESUITAS AMAZONAS BRASIL,1,0.001,98.47,,,,,pendiente_revision
NORGTECH S A TECNOLOGIA EN NUTRICION ORGANICA,1,0.001,98.48,,,,,pendiente_revision
FARO TECNOLOGICO,1,0.001,98.48,,,,,pendiente_revision
CLINICA MADRE BERNARDA DE CARTAGENA,1,0.001,98.48,,,,,pendiente_revision
IED JOSE FELIX RESTREPO,1,0.001,98.48,,,,,pendiente_revision
ACADEMIA DE MEDICINA DE CALDAS,1,0.001,98.48,,,,,pendiente_revision
"CENTRAL INSTITUTE OF MENTAL HEALTH, MANNHEIM,",1,0.001,98.48,,,,,pendiente_revision
PLANT AND AGRIBIOSCIENCES RESEARCH CENTER NATIONAL UNIVERSITY OF IRELAND GALWAY,1,0.001,98.48,,,,,pendiente_revision
MUSEO CASA CULTURAL GUSTAVO ROJAS PINILLA,1,0.001,98.48,,,,,pendiente_revision
UNIVERSIDAD DE ALMERIA,1,0.001,98.48,,,,,pendiente_revision
COOMEVA SALUD,1,0.001,98.48,,,,,pendiente_revision
CENTRO JAVERIANO DE ONCOLOGIA,1,0.001,98.49,,,,,pendiente_revision
OBSERVATORIO REGIONAL DEL MERCADO DE TRABAJO DEL HUILA,1,0.001,98.49,,,,,pendiente_revision
UNIVERSIDAD DE LOS LAGOS,1,0.001,98.49,,,,,pendiente_revision
CORPORACION PARA EL DESARROLLO SOCIAL Y AMBIENTA,1,0.001,98.49,,,,,pendiente_revision
BIOCANNABICOL,1,0.001,98.49,,,,,pendiente_revision
INSTITUTO ALEXANDER VON HUMBOLDT MINISTERIO DEL MEDIO PETROLEOSE,1,0.001,98.49,,,,,pendiente_revision
SERVICIOS Y ASESORIAS EN INFECTOLOGIA,1,0.001,98.49,,,,,pendiente_revision
INSTITUTE OF MACROMOLECULAR CHEMISTRY PETRU PONI,1,0.001,98.49,,,,,pendiente_revision
EMPRESA SOCIAL DEL ESTADO HOSPITAL UNIVERSITARIO SAN JORGE,1,0.001,98.49,,,,,pendiente_revision
CIEN-FCEN UNIVERSIDAD DE ANTIOQUIA,1,0.001,98.49,,,,,pendiente_revision
MOFFATT NICHOL,1,0.001,98.5,,,,,pendiente_revision
UNIVERSIDAD DE CALDAS UNICALDAS,1,0.001,98.5,,,,,pendiente_revision
BIOTECNOLOGIA ALIMENTARIA,1,0.001,98.5,,,,,pendiente_revision
FUNDACION PLANETA AZUL CARIBE,1,0.001,98.5,,,,,pendiente_revision
UNIVERSIDAD AUTONOMA METROPOLITANA IZTAPALAPA,1,0.001,98.5,,,,,pendiente_revision
ESE HOSPITAL LOCAL CARTAGENA DE INDIAS,1,0.001,98.5,,,,,pendiente_revision
ESTUDIO LETRAK,1,0.001,98.5,,,,,pendiente_revision
ASESORES CONSULTORES E INTERVENTORES MACIAS SAS,1,0.001,98.5,,,,,pendiente_revision
FUNDACION CENTRO DE INVESTIGACIONES BIOMEDICAS RIESCARD,1,0.001,98.5,,,,,pendiente_revision
INSTITUTO ALEXANDER VON HUMBOLDT,1,0.001,98.5,,,,,pendiente_revision
UNIVERSIDAD INCCA DE COLOMBIA CORPAFE SEDE CONVENIO SOPO,1,0.001,98.51,,,,,pendiente_revision
POLITECNICO DE MILAN,1,0.001,98.51,,,,,pendiente_revision
NATIONAL HIGH MAGNETIC FIELD LABORATORY,1,0.001,98.51,,,,,pendiente_revision
ESCUELA DE TELEMATICA Y ELECTROCNICA,1,0.001,98.51,,,,,pendiente_revision
GRUPO DE INVESTIGACION EN PRODUCTOS NATURALES Y BIOQUIMICA DE MACROMOLECULA,1,0.001,98.51,,,,,pendiente_revision
IPS UNIVERSITARIA DE ANTIOQUIA,1,0.001,98.51,,,,,pendiente_revision
COMISION DE REGULACION DE ENERGIA Y GAS CREG,1,0.001,98.51,,,,,pendiente_revision
QUALITY VISION TECHNOLOGIES,1,0.001,98.51,,,,,pendiente_revision
SERVICIO NACIONAL DE APRENDIZAJE CENTRO NACIONAL COLOMBO ALEMAN (SERVICIO NACIONAL DE APRENDIZAJE SENA),1,0.001,98.51,,,,,pendiente_revision
ALCALDIA MUNICIPAL DE SANTIAGO DE CALI,1,0.001,98.51,,,,,pendiente_revision
COMERCIAL REDCOM CHILE RED DE COMUNIC,1,0.001,98.52,,,,,pendiente_revision
GESATH OUTSOURCING SAS,1,0.001,98.52,,,,,pendiente_revision
UNIVERSITE NICE SOPHIA ANTIPOLIS,1,0.001,98.52,,,,,pendiente_revision
QUADRANTI INGENIERIA SAS,1,0.001,98.52,,,,,pendiente_revision
CORPORACION AUTONOMA REGIONAL DE RISARALDA CARDER,1,0.001,98.52,,,,,pendiente_revision
SECRETARIA DE SALUD DEL META,1,0.001,98.52,,,,,pendiente_revision
ESCUELA DE MICROBIOLOGIA UDEA,1,0.001,98.52,,,,,pendiente_revision
ECONOMETRIA,1,0.001,98.52,,,,,pendiente_revision
ABBOTT LABORATORIES DE COLOMBIA,1,0.001,98.52,,,,,pendiente_revision
UNIVERSIDAD DE GOTEMBURGO,1,0.001,98.52,,,,,pendiente_revision
SHANGHAI UNITED INTERNATIONAL SCHOOL WANYUAN,1,0.001,98.53,,,,,pendiente_revision
ORGANIZACION DE LAS NACIONES UNIDAS FAO,1,0.001,98.53,,,,,pendiente_revision
LYCEE HAUTE FOLLIS,1,0.001,98.53,,,,,pendiente_revision
INSTITUCION EDUCATIVA DISTRITAL NUESTRA SENORA DEL ROSARIO,1,0.001,98.53,,,,,pendiente_revision
GOBERNACION DE LA GUAJIRA,1,0.001,98.53,,,,,pendiente_revision
UNIVERSIDADE ABERTA DO BRASIL,1,0.001,98.53,,,,,pendiente_revision
COLEGIO COLOMBIANO DE EDUCADORES FISICOS Y PROFESIONES AFINES,1,0.001,98.53,,,,,pendiente_revision
KCUMEN DIGITAL SAS,1,0.001,98.53,,,,,pendiente_revision
SAVIANDINA ORGANICS SAS,1,0.001,98.53,,,,,pendiente_revision
GRUPO SOLUCIONES INFORMATICAS EAT (GRUPO GSIMETA),1,0.001,98.53,,,,,pendiente_revision
FONDO SUECO NORUEGO DE COOPERACION CON LA SOCIEDAD CIVIL COLOMBIANA,1,0.001,98.54,,,,,pendiente_revision
FEDERACION NACIONAL DE COMERCIANTES SECCIONAL BOGOTA,1,0.001,98.54,,,,,pendiente_revision
CONSULTORIOS MEDICOS,1,0.001,98.54,,,,,pendiente_revision
R R INVESTIGACIONES Y CONSULTORIA LIMITADA,1,0.001,98.54,,,,,pendiente_revision
AYUNTAMIENTO DE CARCAIXENT,1,0.001,98.54,,,,,pendiente_revision
TRIBUNAL NACIONAL DE ETICA OPTOMETRICA,1,0.001,98.54,,,,,pendiente_revision
UNIVERSIDAD DE NUESTRA SENORA DEL ROSARIO,1,0.001,98.54,,,,,pendiente_revision
UNIVERSIDAD AUTONOMA DE MEDELLIN,1,0.001,98.54,,,,,pendiente_revision
SECRETARIA DE EDUCACION DE ANTIOQUIA (GOBERNACION DE ANTIOQUIA),1,0.001,98.54,,,,,pendiente_revision
FUNDACION PROSPECTIVA,1,0.001,98.54,,,,,pendiente_revision
ASESOR INDEPENDIENTE,1,0.001,98.55,,,,,pendiente_revision
ECOLE POLYTECHNIQUE FEDERALE DE LAUSANNE,1,0.001,98.55,,,,,pendiente_revision
INSTITUTO ALTUM,1,0.001,98.55,,,,,pendiente_revision
FUNDACION CUBO ABIERTO,1,0.001,98.55,,,,,pendiente_revision
UNIVERSIDAD LIBRE DE COLOMBIA CARTAGENA (UNIVERSIDAD LIBRE DE COLOMBIA),1,0.001,98.55,,,,,pendiente_revision
UNIVERSIDAD MARISTA DE GUADALAJARA,1,0.001,98.55,,,,,pendiente_revision
CENTRO NACIONAL DE ASISTENCIA TECNICA A LA INDUSTRIA,1,0.001,98.55,,,,,pendiente_revision
COLSANITAS CLINICENTRO CEDRO BOLIVAR,1,0.001,98.55,,,,,pendiente_revision
ABOGATO JURIDICO SAS,1,0.001,98.55,,,,,pendiente_revision
UNIVERISDAD DE PARIS I LA SORBONA,1,0.001,98.55,,,,,pendiente_revision
SUCROMILES S A,1,0.001,98.56,,,,,pendiente_revision
ASAYMA SAS,1,0.001,98.56,,,,,pendiente_revision
UNIVERSIDAD DE PERPIGNAN,1,0.001,98.56,,,,,pendiente_revision
OFICINA DE ABOGADOS,1,0.001,98.56,,,,,pendiente_revision
MURDOCH CHILDRENS RESEARCH INSTITUTE,1,0.001,98.56,,,,,pendiente_revision
NUCLEO DE MICROCOPIA Y MICROANALISIS,1,0.001,98.56,,,,,pendiente_revision
FUNDACION PARA LA FORMACION Y EL EMPLEO,1,0.001,98.56,,,,,pendiente_revision
PROMOTORA FERROCARRIL DE ANTIOQUIA S A S,1,0.001,98.56,,,,,pendiente_revision
D VIDA E U,1,0.001,98.56,,,,,pendiente_revision
POLITECNICO LOS ALPES,1,0.001,98.56,,,,,pendiente_revision
ULULA OFTALMOLOGIA VETERINARIA,1,0.001,98.57,,,,,pendiente_revision
UNIVERSIDADE FEDERAL DO ABC UFABC,1,0.001,98.57,,,,,pendiente_revision
RYERSON UNIVERSITY,1,0.001,98.57,,,,,pendiente_revision
PARQUES NACIONALES NATURALES DE COLOMBIA (UNIDAD ADMINISTRATIVA DE PARQUES NACIONALES NATURALES DIRECCION TERRITORIAL CARIBE),1,0.001,98.57,,,,,pendiente_revision
UNIVERSIDADE FEDERAL DO PARA,1,0.001,98.57,,,,,pendiente_revision
COLEGIO SANTOS APOSTOLES,1,0.001,98.57,,,,,pendiente_revision
INSTITUTO PARA LA INVESTIGACION EN CIENCIAS BIOMEDICAS SCI HELP S A S,1,0.001,98.57,,,,,pendiente_revision
FUNDACION TERRICOLA,1,0.001,98.57,,,,,pendiente_revision
CGIAR RESEARCH PROGRAM ON CLIMATE CHANGE AGRICULTURE AND FOOD SECURITY,1,0.001,98.57,,,,,pendiente_revision
SOUTHERN FEDERAL UNIVERSITY,1,0.001,98.57,,,,,pendiente_revision
ASOCIACION DE AUTORIDADES INDIGENAS DE LOS PASTOS,1,0.001,98.58,,,,,pendiente_revision
UNIVERSITY OF ICELAND,1,0.001,98.58,,,,,pendiente_revision
CARGILL ANIMAL NUTRITION,1,0.001,98.58,,,,,pendiente_revision
CONSULTORIO PRIVADO,1,0.001,98.58,,,,,pendiente_revision
TYCO SERVICES S A (ADT COLOMBIA),1,0.001,98.58,,,,,pendiente_revision
INGENIERA STRYCON LTDA,1,0.001,98.58,,,,,pendiente_revision
FUNDACION PARA EL ANALISIS DE LA SEGURIDAD Y LA ATENCION A POBLACIONES,1,0.001,98.58,,,,,pendiente_revision
OFICINA DE ARQUITECTURA SAS,1,0.001,98.58,,,,,pendiente_revision
UNIDAD ADMINISTRATIVA DE PARQUES NACIONALES NATURALES DIRECCION TERRITORIAL CARIBE,1,0.001,98.58,,,,,pendiente_revision
S S TECNOLOGIA Y SERVICIO,1,0.001,98.58,,,,,pendiente_revision
INSTITUCION EDUCATIVA LA MERCED,1,0.001,98.59,,,,,pendiente_revision
SYNERGY RESEARCH Y DEVELOPMENT GROUP,1,0.001,98.59,,,,,pendiente_revision
INSTITUTO NACIONAL DE PESQUISAS DA AMAZONIA,1,0.001,98.59,,,,,pendiente_revision
I3NET S A S,1,0.001,98.59,,,,,pendiente_revision
COLSEGUROS,1,0.001,98.59,,,,,pendiente_revision
MINISTERIO DE EDUCACION,1,0.001,98.59,,,,,pendiente_revision
AEQUOLEX ASESORIA JURIDICA,1,0.001,98.59,,,,,pendiente_revision
SENA CENTRO DE SERVICIOS Y GESTION EMPRESARIAL MEDELLIN (SERVICIO NACIONAL DE APRENDIZAJE SENA),1,0.001,98.59,,,,,pendiente_revision
UNIDAD ESPECIALIZADA EN REHABILITACION ORAL,1,0.001,98.59,,,,,pendiente_revision
IPS RODRIGO BOTERO SAS,1,0.001,98.59,,,,,pendiente_revision
SOCIEDAD MEXICANA DE BIOTECNOLOGIA Y BIOINGENIERIA,1,0.001,98.6,,,,,pendiente_revision
ECONOMETRIA CONSUTORES,1,0.001,98.6,,,,,pendiente_revision
PONTIFICIA UNIVERSIDAD CATOLICA DEL ECUADOR,1,0.001,98.6,,,,,pendiente_revision
FUNDEUIS,1,0.001,98.6,,,,,pendiente_revision
CENTRO DE FRACTURAS Y LESIONES DEPORTIVAS,1,0.001,98.6,,,,,pendiente_revision
SENA TECNOPARQUES,1,0.001,98.6,,,,,pendiente_revision
MALIK ON MANAGEMENT,1,0.001,98.6,,,,,pendiente_revision
ACADEMIA VILLA DANZA,1,0.001,98.6,,,,,pendiente_revision
INSTITUCION EDUCATIVA DISTRITAL SIMON RODRIGUEZ,1,0.001,98.6,,,,,pendiente_revision
BIOHIDROINGENIERIA SAS,1,0.001,98.6,,,,,pendiente_revision
CENTRO COLOMBIANO DE MEDICINA BASADA EN LA EVIDENCIA,1,0.001,98.61,,,,,pendiente_revision
UNIVERSITY OF TENNESSEE KNOXVILLE,1,0.001,98.61,,,,,pendiente_revision
CENTRO DE INVESTIGACION INNOVACION Y DESARROLLO,1,0.001,98.61,,,,,pendiente_revision
EMPRESA SOCIAL DEL ESTADO CARMEN EMILIA OSPINA,1,0.001,98.61,,,,,pendiente_revision
COINS S A S,1,0.001,98.61,,,,,pendiente_revision
LABORATORIO DE VIROLOGIA INSTITUTO NACIONAL DE SALUD,1,0.001,98.61,,,,,pendiente_revision
BIOPARQUE LA RESERVA,1,0.001,98.61,,,,,pendiente_revision
ESCUELA DE INFANTERIA,1,0.001,98.61,,,,,pendiente_revision
UNIVESITY OF MEMPHIS,1,0.001,98.61,,,,,pendiente_revision
UNIVERSITE GRENOBLE ALPES,1,0.001,98.61,,,,,pendiente_revision
UNIVERSIDAD NACIONAL NACIONAL ABIERTA Y A DISTANCIA UNAD SEDE SAHAGUN (UNIVERSIDAD NACIONAL ABIERTA Y A DISTANCIA),1,0.001,98.62,,,,,pendiente_revision
SECRETARIA DEPARTAMENTAL DE SALUD DEL CAUCA,1,0.001,98.62,,,,,pendiente_revision
UNIVERSIDAD LIBRE CUCUTA (UNIVERSIDAD LIBRE DE COLOMBIA),1,0.001,98.62,,,,,pendiente_revision
CORLANC S A S,1,0.001,98.62,,,,,pendiente_revision
BIOGEOECO,1,0.001,98.62,,,,,pendiente_revision
CENTRO DE COMERCIO Y SERVICIOS SENA IBAGUE TOLIMA (SERVICIO NACIONAL DE APRENDIZAJE SENA),1,0.001,98.62,,,,,pendiente_revision
ESCUELA NACIONAL DE POLICIA GENERAL SANTANDER,1,0.001,98.62,,,,,pendiente_revision
ALCALDIA DE NEIVA,1,0.001,98.62,,,,,pendiente_revision
RED EUROPEA PARA LA COOPERACION CULTURAL ENTRE EUROPA Y AMERICA LATINA,1,0.001,98.62,,,,,pendiente_revision
CNG CONSULTING SAS,1,0.001,98.62,,,,,pendiente_revision
SENA CENTRO DE LA INNOVACION AGROINDUSTRIA Y EL TURISMO,1,0.001,98.63,,,,,pendiente_revision
ANGGY SHOES,1,0.001,98.63,,,,,pendiente_revision
DINAE ESCUELA DE SEGURIDAD VIAL,1,0.001,98.63,,,,,pendiente_revision
ASOCIACION AGROPECUARIA UCEBUL,1,0.001,98.63,,,,,pendiente_revision
AGENCIA NACIONAL DE HIDROCARBUROS ANH,1,0.001,98.63,,,,,pendiente_revision
UNIVERSIDAD PEDAGOGICA NACIONAL DE COLOMBIA,1,0.001,98.63,,,,,pendiente_revision
SMART SIMPLE ENGINEERING,1,0.001,98.63,,,,,pendiente_revision
SENA CENTRO AGROTURISTICO,1,0.001,98.63,,,,,pendiente_revision
CENTRO DE FORMACION AGROINDUSTRIAL LA ANGOSTURA SENA (SERVICIO NACIONAL DE APRENDIZAJE SENA),1,0.001,98.63,,,,,pendiente_revision
INSTITUCION EDUCATIVA TECNICA INDUSTRIAL DE SOLEDAD MARIA AUXILIADORA,1,0.001,98.63,,,,,pendiente_revision
NORTHWESTERN UNIVERSITY,1,0.001,98.64,,,,,pendiente_revision
CENTRE DE RECHERCHE HICSA HISTOIRE CULTURELLE ET SOCIALE DES ARTS EA 4100 UNIVERSITE PARIS 1 PANTHEONSORBONNE,1,0.001,98.64,,,,,pendiente_revision
ARCHIVES DEPARTEMENTALES DE LA MANCHE,1,0.001,98.64,,,,,pendiente_revision
SENA CENTRO NACIONAL COLOMBO ALEMAN (SERVICIO NACIONAL DE APRENDIZAJE SENA),1,0.001,98.64,,,,,pendiente_revision
VENTURA FONTAN FONTAN Y CIA S C S,1,0.001,98.64,,,,,pendiente_revision
LABORATORIO CLINICO SANTA LUCIA,1,0.001,98.64,,,,,pendiente_revision
GESELLSCHAFT FUR INTERNATIONALE ZUSAMMENARBEIT,1,0.001,98.64,,,,,pendiente_revision
CORPORACION TECNOLOGICA INDUSTRIAL COLOMBIANA,1,0.001,98.64,,,,,pendiente_revision
UNICERVANTES FUNDACION UNIVERSITARIA,1,0.001,98.64,,,,,pendiente_revision
LABORATORIO DEPARTAMENTAL DE SALUD PUBLICA DE BOYACA,1,0.001,98.64,,,,,pendiente_revision
REVISTA DE LA UNIVERSIDAD INDUSTRIAL DE SANTANDER SALUD,1,0.001,98.65,,,,,pendiente_revision
CONCENTRACION ESCOLAR SAN JUAN,1,0.001,98.65,,,,,pendiente_revision
CENTRO INCA,1,0.001,98.65,,,,,pendiente_revision
ALEPH INGENIEROS CONSULTORES,1,0.001,98.65,,,,,pendiente_revision
INTERNATIONAL SOCIETY OF HOMOTOXICOLOGY AND HOMEOPATHY HEEL COLOMBIA LTDA,1,0.001,98.65,,,,,pendiente_revision
INDIGO PROMOTORA Y CONSTRUCTORA SAS,1,0.001,98.65,,,,,pendiente_revision
ESE HOSPITAL MENTAL DE ANTIOQUIA,1,0.001,98.65,,,,,pendiente_revision
CLINICA DEL COUNTRY,1,0.001,98.65,,,,,pendiente_revision
UNIVERSIDAD BOLIVARIANA DE VENEZUELA,1,0.001,98.65,,,,,pendiente_revision
ASTORGA,1,0.001,98.65,,,,,pendiente_revision
SEMILLERO DE NEUROCIENCIAS Y ENVEJECIMIENTO DE LA PUJ BOGOTA,1,0.001,98.66,,,,,pendiente_revision
FUNDACION PARA LA PREVENCION DE LA DISCAPACIDAD FUNDIS,1,0.001,98.66,,,,,pendiente_revision
KAISERSLAUTERN UNIVERSITY OF TECHNOLOGY,1,0.001,98.66,,,,,pendiente_revision
ALEVINOS EL TEJAR,1,0.001,98.66,,,,,pendiente_revision
COMITE PERMANENTE POR LA DEFENSA DE LOS DERECHOS HUMANOS,1,0.001,98.66,,,,,pendiente_revision
IEBS BUSSINESS SCHOOL,1,0.001,98.66,,,,,pendiente_revision
MINISTERIO DE MINAS Y ENERGIA MINMINAS,1,0.001,98.66,,,,,pendiente_revision
MTX NUTRITIONR,1,0.001,98.66,,,,,pendiente_revision
AUTOMOTRIZ TRANSMAR DE CORTES S A DE C V,1,0.001,98.66,,,,,pendiente_revision
EMPRESAS UPAEP,1,0.001,98.66,,,,,pendiente_revision
FISH Y GREENS,1,0.001,98.67,,,,,pendiente_revision
POLYAROMAS SAS,1,0.001,98.67,,,,,pendiente_revision
LAW OFFICES OF CARLOS MAURICIO DUQUE,1,0.001,98.67,,,,,pendiente_revision
SENA MULTISECTORIAL ORIENTE ANTIOQUENO,1,0.001,98.67,,,,,pendiente_revision
CENTRO ORIENTAL DE ECOSISTEMAS Y BIODIVERSIDAD BIOECO,1,0.001,98.67,,,,,pendiente_revision
VELASQUEZ Y ASOCIADOS ABOGADOS Y CONTADORES PUBLICOS SAS,1,0.001,98.67,,,,,pendiente_revision
TETRA PAK,1,0.001,98.67,,,,,pendiente_revision
UNIVERSIDAD NACIONAL EXPERIMENTAL RAFAEL MARIA BARALT UNERMB,1,0.001,98.67,,,,,pendiente_revision
INSTITUTO POLITECNICO NACIONAL,1,0.001,98.67,,,,,pendiente_revision
ORGANIZACION CLINICA GENERAL DEL NORTE,1,0.001,98.67,,,,,pendiente_revision
UNIVERSIDAD NACIONAL DE ROSARIO,1,0.001,98.68,,,,,pendiente_revision
MINISTERIO DE AMBIENTE Y DESARROLLO SOSTENIBLE,1,0.001,98.68,,,,,pendiente_revision
CORPORACION PARA ESTUDIOS EN SALUD CLINICA CES (CLINICA CES),1,0.001,98.68,,,,,pendiente_revision
FUNDACION COLOMBIANA DE PROFESIONALES PARA EL CUIDADO DE LA PIEL Y LAS HERIDAS FUNDEPIEL COLOMBIA,1,0.001,98.68,,,,,pendiente_revision
SERVICIOS INTEGRALES ORTOTRAUMA S A S Y CENTRO DE CELULAS MADRE Y BIOTECNOLOGIA CEMAB,1,0.001,98.68,,,,,pendiente_revision
UNIVERSIDAD INTERNACIONAL DE LA RIOJA,1,0.001,98.68,,,,,pendiente_revision
NEWYORK WEILL CORNELL MEDICAL CENTER,1,0.001,98.68,,,,,pendiente_revision
UNIVERSIDAD AUTONOMA MANIZALES,1,0.001,98.68,,,,,pendiente_revision
INSTITUCION EDUCATIVA PAZ Y ESPERANZA,1,0.001,98.68,,,,,pendiente_revision
CORPORACION ORQUIDEOLOGICA,1,0.001,98.68,,,,,pendiente_revision
SENA CENTRO DE SERVICIOS FINANCIEROS (SERVICIO NACIONAL DE APRENDIZAJE SENA),1,0.001,98.69,,,,,pendiente_revision
ASOCIACION DE OBSTETRICIA Y GINECOLOGIA DLEL,1,0.001,98.69,,,,,pendiente_revision
SERVICIO OCCIDENTAL DE SALUD E P S S A,1,0.001,98.69,,,,,pendiente_revision
PRAXIS AND TECHNOLOGY GROUP SAS,1,0.001,98.69,,,,,pendiente_revision
AGRISERVICE SPA,1,0.001,98.69,,,,,pendiente_revision
CORPORACION DE EDUCACION DEL NORTE DEL TOLIMA,1,0.001,98.69,,,,,pendiente_revision
IATA INSTITUTO DE AGROQUIMICA Y TECNOLOGIA DE ALIMENTOS,1,0.001,98.69,,,,,pendiente_revision
GIMNASIO BILINGUE CAMPESTRE MARIE CURIE,1,0.001,98.69,,,,,pendiente_revision
INSTITUCION EDUCATIVA MUNICIPAL CRISTO REY,1,0.001,98.69,,,,,pendiente_revision
UNIVERSIDAD DE LA FRONTERA,1,0.001,98.69,,,,,pendiente_revision
SPORTSQUEBEC,1,0.001,98.7,,,,,pendiente_revision
CIUDAD EDUCADORA ESPIRITU SANTO (INVERSIONES PARROD SAS),1,0.001,98.7,,,,,pendiente_revision
LONDON SCHOOL OF HYGIENE Y TROPICAL MEDICINE,1,0.001,98.7,,,,,pendiente_revision
ALCADIA MUNICIPAL DE VALLEDUPAR,1,0.001,98.7,,,,,pendiente_revision
UNIVERSITY OF ARKANSAS,1,0.001,98.7,,,,,pendiente_revision
I E COLEGIO ANDRES BELLO,1,0.001,98.7,,,,,pendiente_revision
UNIVERSIDAD DE LA RIOJA,1,0.001,98.7,,,,,pendiente_revision
CENTRO AGROPECUARIO Y DE SERVICIOS AMBIENTALES JIRIJIRIMO (SERVICIO NACIONAL DE APRENDIZAJE SENA),1,0.001,98.7,,,,,pendiente_revision
INSTITUCION EDUCATIVA MEGACOLEGIO MIA ROGERIO VELAZQUEZ MURILLO,1,0.001,98.7,,,,,pendiente_revision
TROPENBOS INTERNATIONAL,1,0.001,98.7,,,,,pendiente_revision
ZURCHER HOCHSCHULE DER KUNSTE,1,0.001,98.71,,,,,pendiente_revision
UNIVERSIDAD DEL META,1,0.001,98.71,,,,,pendiente_revision
LA ESCUELA SUPERIOR DE GUERRA,1,0.001,98.71,,,,,pendiente_revision
UNIVERSIDAD DE ALCALA,1,0.001,98.71,,,,,pendiente_revision
CENTRO EMPRESARIAL EDUCATIVO CEMPED,1,0.001,98.71,,,,,pendiente_revision
SOCIEDAD NACIONAL DE LA CRUZ ROJA COLOMBIANA,1,0.001,98.71,,,,,pendiente_revision
RTS COLOMBIA,1,0.001,98.71,,,,,pendiente_revision
RECONOSER ID SAS,1,0.001,98.71,,,,,pendiente_revision
UNIVERSIDAD PEDRO DE VALDIVIA,1,0.001,98.71,,,,,pendiente_revision
FUNDACION GLOBAL DISEASE RESEARCH COLOMBIA,1,0.001,98.71,,,,,pendiente_revision
CLINICA ERASMO LTDA,1,0.001,98.72,,,,,pendiente_revision
CORPORACION UNIVERSITARIA AUTONOMA DEL NORTE,1,0.001,98.72,,,,,pendiente_revision
GRUPO DE EVALUACION DE TECNOLOGIAS Y POLITICAS EN SALUD,1,0.001,98.72,,,,,pendiente_revision
CORPORACION ECOLOGICA Y CULTURAL PENCA DE SABILA,1,0.001,98.72,,,,,pendiente_revision
CENTRO PSICOSOCIAL ARGENTINO,1,0.001,98.72,,,,,pendiente_revision
HOSPITAL INFANTIL DE PASTO,1,0.001,98.72,,,,,pendiente_revision
DEPARTAMENTO ADMINISTRATIVO DE PLANEACION SANTIAGO DE CALI,1,0.001,98.72,,,,,pendiente_revision
ALCALDIA DE SAN JOSE DE CUCUTA,1,0.001,98.72,,,,,pendiente_revision
COLEGOA AGUSTINIANO DE PALMIRA,1,0.001,98.72,,,,,pendiente_revision
CENTRO INCA LTDA.,1,0.001,98.72,,,,,pendiente_revision
IED THELMA ROSA AREVALO,1,0.001,98.73,,,,,pendiente_revision
ESTRIOS SAS,1,0.001,98.73,,,,,pendiente_revision
SECRETARIA DISTRITAL DE INTEGRACION SOCIAL,1,0.001,98.73,,,,,pendiente_revision
SONO SAS,1,0.001,98.73,,,,,pendiente_revision
MEDICAL CENTER LITOTRICIA,1,0.001,98.73,,,,,pendiente_revision
CORPORACION PAISAJES RURALES,1,0.001,98.73,,,,,pendiente_revision
E S E HOSPITAL SAN RAFAEL DE TUNJA,1,0.001,98.73,,,,,pendiente_revision
ECOLE POLYTECHNIQUE,1,0.001,98.73,,,,,pendiente_revision
CLINICA SOMER,1,0.001,98.73,,,,,pendiente_revision
INSTITUTO CISALVA,1,0.001,98.73,,,,,pendiente_revision
SECRETARIA DE EDUCACION DE BARRANQUILLA,1,0.001,98.74,,,,,pendiente_revision
UNIMINUTO REGIONAL SUR (CORPORACION UNIVERSITARIA MINUTO DE DIOS UNIMINUTO),1,0.001,98.74,,,,,pendiente_revision
UROBOSQUE CENTRO UROLOGICO,1,0.001,98.74,,,,,pendiente_revision
UNIVERSIDAD PEDAGOGICA Y TECNOLOGICA DE COLOMBIA UPTC SEDE TUNJA,1,0.001,98.74,,,,,pendiente_revision
COMPENSAR,1,0.001,98.74,,,,,pendiente_revision
UNIVERSIDAD SURCOLOMBIANA USCO,1,0.001,98.74,,,,,pendiente_revision
HOSPITAL REGIONAL DE LA ORINOQUIA ESE,1,0.001,98.74,,,,,pendiente_revision
DENTIX COLOMBIA,1,0.001,98.74,,,,,pendiente_revision
THE HUMMINGBIRD CONSERVANCY FUNDACION COLIBRI,1,0.001,98.74,,,,,pendiente_revision
TEXAS STATE UNIVERSITY SAN MARCOS,1,0.001,98.74,,,,,pendiente_revision
COLEGIO EL DIVINO NINO,1,0.001,98.75,,,,,pendiente_revision
INSTITUTO MEDICO DE ALTA TECNOLOGIA,1,0.001,98.75,,,,,pendiente_revision
CENTRO LATINOAMERICANO DE ESTUDIOS AMBIENTALES,1,0.001,98.75,,,,,pendiente_revision
COMPANIA GRUPO ENEL,1,0.001,98.75,,,,,pendiente_revision
CLINICAS ODONTOLOGICAS ORALSMILE IPS,1,0.001,98.75,,,,,pendiente_revision
SERVICIO NACIONAL DE APRENDIZAJE SENA C D T I VALLE (SERVICIO NACIONAL DE APRENDIZAJE SENA),1,0.001,98.75,,,,,pendiente_revision
INSTITUTO COMPLUTENSE DE ESTUDIOS INTERNACIONALES,1,0.001,98.75,,,,,pendiente_revision
ECJRC,1,0.001,98.75,,,,,pendiente_revision
IDOM CONSULTING ENGINEERING ARCHITECTURE SAU,1,0.001,98.75,,,,,pendiente_revision
THE CHILDREN'S HOSPITAL OF PHILADELPHIA,1,0.001,98.75,,,,,pendiente_revision
PERSONERIA DE MEDELLIN,1,0.001,98.76,,,,,pendiente_revision
FUNDACION JAVERIANA DE SERVICIOS MEDICO ODONTOLOGICOS JAVESALUD,1,0.001,98.76,,,,,pendiente_revision
INSTITUTO TECNICO INDUSTRIAL SALESIANO,1,0.001,98.76,,,,,pendiente_revision
UNIVERSIDAD NUESTRA SENORA DEL ROSARIO,1,0.001,98.76,,,,,pendiente_revision
ADMINISTRACION DE NEGOCIOS S C LTDA,1,0.001,98.76,,,,,pendiente_revision
UNIVERSITY OF CALIFORNIA - SAN DIEGO,1,0.001,98.76,,,,,pendiente_revision
ECOSOCIAL CONSULTORES SAS,1,0.001,98.76,,,,,pendiente_revision
ESTANCIA POSDOCTORAL PROGRAMA DE POSGRADUACAO EM VETERINARIA UNIVERSIDADE FEDERAL DE PELOTAS PELOTAS RS BRASIL,1,0.001,98.76,,,,,pendiente_revision
CENTRO DE INVESTIGACION Y DESARROLLO EN CIENCIAS APLICADAS DR JORGE RONCO CINDECA,1,0.001,98.76,,,,,pendiente_revision
CORPORACION INSTITUTO SUPERIOR DE EDUCACION SOCIAL ISES,1,0.001,98.76,,,,,pendiente_revision
ALIMENTOS POLAR COLOMBIA S A S,1,0.001,98.77,,,,,pendiente_revision
ARMADA NACIONAL FUERZAS MILITARES DE COLOMBIA,1,0.001,98.77,,,,,pendiente_revision
INSTITUTO NACIONAL DE FORMACION TECNICA PROFESIONAL INFOTEP,1,0.001,98.77,,,,,pendiente_revision
UNIVERSIDAD DE PUERTO RICO RECINTO DE RIO PIEDRAS,1,0.001,98.77,,,,,pendiente_revision
UNIVERSIDAD DE SASKATCHEWAN,1,0.001,98.77,,,,,pendiente_revision
MASSACHUSETTS GENERAL HOSPITAL HARVARD MEDICAL SCHOOL,1,0.001,98.77,,,,,pendiente_revision
DEPARTAMENTO DISTRITAL DE SALUD DE BARRANQUILLA,1,0.001,98.77,,,,,pendiente_revision
PBX GRUPO DE INVESTIGACION EN COMUNICACION Y CULTURA,1,0.001,98.77,,,,,pendiente_revision
DIME CLINICA NEUROCARDIOVASCULAR,1,0.001,98.77,,,,,pendiente_revision
UNIMEQORL,1,0.001,98.77,,,,,pendiente_revision
CAMINERIACOLOMBIA SAS,1,0.001,98.78,,,,,pendiente_revision
FABA (FUNDACION TECNOLOGICA AUTONOMA DE BOGOTA FABA Y UNIVERSIDAD DE SANTANDER UDES SEDE BOGOTA),1,0.001,98.78,,,,,pendiente_revision
LOPEZ ASOCIADOS ABOGADOS S A S,1,0.001,98.78,,,,,pendiente_revision
FUNDACION REEDUCATIVA PROFUTURO,1,0.001,98.78,,,,,pendiente_revision
BIRMINGHAM CITY UNIVERSITY,1,0.001,98.78,,,,,pendiente_revision
SOCIEDAD COLOMBIANA DE ORQUIDEOLOGIA,1,0.001,98.78,,,,,pendiente_revision
ASOCIACION ALEMANA DE LUCHA AL ENFERMO DE LEPRA Y TUBERCULOSIS,1,0.001,98.78,,,,,pendiente_revision
UUNIVERSIDAD TECNOLOGICA DEL CHOCO,1,0.001,98.78,,,,,pendiente_revision
FUNDACION HISPANOAMERICANA CALI,1,0.001,98.78,,,,,pendiente_revision
UNIVERSITY OF CENTRAL FLORIDA,1,0.001,98.78,,,,,pendiente_revision
RED DE PEDAGOGIA S A S (RED DE PEDAGOGIA SAS),1,0.001,98.79,,,,,pendiente_revision
MINISTERIO DE TRANSPORTE,1,0.001,98.79,,,,,pendiente_revision
UNIVERSITY OF ILLINOIS AT URBABA CHAMPAIGN,1,0.001,98.79,,,,,pendiente_revision
UNIVERSIDAD AUTONOMA DE SAN LUIS POTOSI,1,0.001,98.79,,,,,pendiente_revision
NEW YORK UNIVERSITY,1,0.001,98.79,,,,,pendiente_revision
SYNERGY PUBLISHERS,1,0.001,98.79,,,,,pendiente_revision
PROSEARCH EUROPE,1,0.001,98.79,,,,,pendiente_revision
THE UNIVERSITY OF NEW SOUTH WALES,1,0.001,98.79,,,,,pendiente_revision
AALTO UNIVERSITY,1,0.001,98.79,,,,,pendiente_revision
SUBRED INTEGRADA DE SERVICIOS DE SALUD SUR ESE,1,0.001,98.79,,,,,pendiente_revision
FACULTAD DE ARTES ASAB UNIVERSIDAD DISTRITAL FRANCISCO JOSE DE CALDAS (UNIVERSIDAD DISTRITAL FRANCISCO JOSE DE CALDAS),1,0.001,98.8,,,,,pendiente_revision
AGRO360 SAS,1,0.001,98.8,,,,,pendiente_revision
INVESTIGADORA INDEPENDIENTE,1,0.001,98.8,,,,,pendiente_revision
ANLA AUTORIDAD NACIONAL DE LICENCIAS AMBIENTALES,1,0.001,98.8,,,,,pendiente_revision
INTERNATIONAL SCHOOL OF PENANG,1,0.001,98.8,,,,,pendiente_revision
INSTITUTO COLOMBIANO DEL SISTEMA NERVIOSO CLINICA MONTSERRAT,1,0.001,98.8,,,,,pendiente_revision
INSTITUTO DE ENVEJECIMIENTO,1,0.001,98.8,,,,,pendiente_revision
CORE BIOTECNOLOGIA BIOINGENIERIA S A,1,0.001,98.8,,,,,pendiente_revision
HONEYWELL INC,1,0.001,98.8,,,,,pendiente_revision
MEDICARTE S A,1,0.001,98.8,,,,,pendiente_revision
BIOMINERALESCOL SAS,1,0.001,98.81,,,,,pendiente_revision
ASOCIACION SOCIEDAD COLOMBIANA DE NEUROPSICOLOGIA,1,0.001,98.81,,,,,pendiente_revision
UNIVERSIDADE FEDERAL DO AMAZONAS MANAUS BRASIL,1,0.001,98.81,,,,,pendiente_revision
ISTITUTO NAZIONALE DI GEOFISICA E VULCANOLOGIA,1,0.001,98.81,,,,,pendiente_revision
TECHNOLOGICAL UNIVERSITY DUBLIN,1,0.001,98.81,,,,,pendiente_revision
GRUPO DE INVESTIGACION EN EDUCACION MATEMATICA MATEMATICA Y ESTADISTICA UP,1,0.001,98.81,,,,,pendiente_revision
MUSEO NACIONAL DE COLOMBIA,1,0.001,98.81,,,,,pendiente_revision
INSTITUTO MAX PLANCK PARA LA BIOGEOQUIMICA,1,0.001,98.81,,,,,pendiente_revision
GRUPO DE ECOLOGIA ANIMAL DE LA UNIVERSIDAD DEL VALLE,1,0.001,98.81,,,,,pendiente_revision
INSTITUCION EDUCATIVA COLEGIO ORIENTAL 26,1,0.001,98.81,,,,,pendiente_revision
UNIVERSITE DE NEUCHATEL,1,0.001,98.82,,,,,pendiente_revision
ALURA ANIMAL HEALTH & NUTRITION SAS,1,0.001,98.82,,,,,pendiente_revision
SERVICIO NACIONAL DE APRENDIZAJE SENA REGIONAL BOLIVAR CENTRO INTERNACIONAL NAUTICO FLUVIAL Y PORTUARIO (SERVICIO NACIONAL DE APRENDIZAJE SENA),1,0.001,98.82,,,,,pendiente_revision
INSTITUCION UNIVERSITARIA MARCO FIDEL SUAREZ,1,0.001,98.82,,,,,pendiente_revision
RANGEL REHABILITACION,1,0.001,98.82,,,,,pendiente_revision
THE UNIVERSITY OF NOTTINGHAM,1,0.001,98.82,,,,,pendiente_revision
BRAINCO SAS,1,0.001,98.82,,,,,pendiente_revision
INTERNATIONAL SOLUTIONS IN BUSINESS EDUCATION STRATEGIES AND TECHNOLOGIES SAS,1,0.001,98.82,,,,,pendiente_revision
ESCUELA NORMAL SUPERIOR FRANCISCO DE PAULA SANTANDER,1,0.001,98.82,,,,,pendiente_revision
BIOLOGIA Y CONTROL DE ENFERMEDADES INFECCIOSAS (UNIVERSIDAD DE ANTIOQUIA),1,0.001,98.82,,,,,pendiente_revision
UNIVERSIDAD DE ANTIOQUIA ESCUELA DE MICROBIOLOGIA,1,0.001,98.83,,,,,pendiente_revision
SERVICIO NACIONAL DE APRENDIZAJE SENA REGIONAL DE BOYACA (SERVICIO NACIONAL DE APRENDIZAJE SENA),1,0.001,98.83,,,,,pendiente_revision
FERMILAB,1,0.001,98.83,,,,,pendiente_revision
THE UNIVERSITY OF TENNESSEE,1,0.001,98.83,,,,,pendiente_revision
RUHRUNIVERSITAT BOCHUM,1,0.001,98.83,,,,,pendiente_revision
IMPERIAL COLLEGE OF SCIENCE TECHNOLOGY AND MEDICINE,1,0.001,98.83,,,,,pendiente_revision
INGREDIENTES Y PRODUCTOS FUNCIONALES SA,1,0.001,98.83,,,,,pendiente_revision
INSTITUTO DE BIOETICA,1,0.001,98.83,,,,,pendiente_revision
PFIZER S A S,1,0.001,98.83,,,,,pendiente_revision
UNIVERSIDAD DE SALZBURGO - UNIGIS,1,0.001,98.83,,,,,pendiente_revision
INSTITUCION EDUCATIVA INEM JOSE FELIX DE RESTREPO,1,0.001,98.84,,,,,pendiente_revision
FUNDACION CENTRO DE INVESTIGACION Y GESTION DEL CONOCIMIENTO,1,0.001,98.84,,,,,pendiente_revision
INSTITUCION EDUCATIVA BLANQUIZAL,1,0.001,98.84,,,,,pendiente_revision
E S E HOSPITAL MANUEL URIBE ANGEL,1,0.001,98.84,,,,,pendiente_revision
UNIVERSIDAD SANTO TOMAS SEDE BOGOTA,1,0.001,98.84,,,,,pendiente_revision
UNIFORMED SERVICES UNIVERSITY,1,0.001,98.84,,,,,pendiente_revision
CORPORACION INSTITUTO SUPERIOR MARTIN LUTHER KING (UNIVERSIDAD EVANGELICA NICARAGUENSE MARTIN LUTHER KING),1,0.001,98.84,,,,,pendiente_revision
UNIVERSITY OF MASSACHUSETTS AMHERST,1,0.001,98.84,,,,,pendiente_revision
CENTRO DE MICROSCOPIA Y MICROANALISIS,1,0.001,98.84,,,,,pendiente_revision
INSTITUTO TECNICO AGRICOLA DE CACHIRA,1,0.001,98.84,,,,,pendiente_revision
CORPORACION PENSER,1,0.001,98.85,,,,,pendiente_revision
INSTITUCION EDUCATIVA PRODENCIA DAZA,1,0.001,98.85,,,,,pendiente_revision
YARA DE COLOMBIA SA,1,0.001,98.85,,,,,pendiente_revision
DEJUSTICIA,1,0.001,98.85,,,,,pendiente_revision
NELSON MANDELA UNIVERSITY,1,0.001,98.85,,,,,pendiente_revision
JARDIN BOTANICO DE MEDELLIN,1,0.001,98.85,,,,,pendiente_revision
ICF,1,0.001,98.85,,,,,pendiente_revision
UNIVERSIDADE FEDERAL DA BAHIA,1,0.001,98.85,,,,,pendiente_revision
FUNDACION ANA HERRERA DE PARDO,1,0.001,98.85,,,,,pendiente_revision
"CENTRO DE ESTUDIOS DE DERECHO JUSTICIA Y SOCIEDAD (CENTRO DE ESTUDIOS DE DERECHO, JUSTICIA Y SOCIEDAD)",1,0.001,98.85,,,,,pendiente_revision
UNIVERSIDAD NACIONAL DE COLOMBIA SEDE MEDELLIN,1,0.001,98.86,,,,,pendiente_revision
SECRETARIA DE EDUCACION BELLO,1,0.001,98.86,,,,,pendiente_revision
HOSPITAL UNIVERSITARIO INFANTIL DE SAN JOSE,1,0.001,98.86,,,,,pendiente_revision
INALDE,1,0.001,98.86,,,,,pendiente_revision
ASOCIACION IBEROAMERICANA DE ECONOMIA ADMINISTRACION Y MARKETING,1,0.001,98.86,,,,,pendiente_revision
RUTGERS THE STATE UNIVERSITY OF NEW JERSEY,1,0.001,98.86,,,,,pendiente_revision
UNIVERSIDAD SURCOLOMBIANA PROGRAMA DE PSICOLOGIA,1,0.001,98.86,,,,,pendiente_revision
UNILABS ASESORIA E INVESTIGACION SAS,1,0.001,98.86,,,,,pendiente_revision
CENTRO INTERDISCIPLINARIO DE ESTUDIOS SOBRE DESARROLLO (UNIVERSIDAD DE LOS ANDES),1,0.001,98.86,,,,,pendiente_revision
UNIVERSITAT ERLANGEN NURNBERG FRIEDRICH ALEXANDER,1,0.001,98.86,,,,,pendiente_revision
INSTITUTO JOSE ANTONIO GALAN,1,0.001,98.87,,,,,pendiente_revision
UNIVERSIDAD DE ANTIOQUIA GRUPO DE INVEST BIOGENESIS,1,0.001,98.87,,,,,pendiente_revision
CALIFORNIA STATE UNIVERSITY DOMINGUEZ HILLS,1,0.001,98.87,,,,,pendiente_revision
CONCEJO NACIONAL DE CIENCIA Y TECNOLOGIA,1,0.001,98.87,,,,,pendiente_revision
UNIVERSIDAD PONTIFICIA BOLIVARIANA SEDE FLORIDABLANCA (UNIVERSIDAD PONTIFICIA BOLIVARIANA),1,0.001,98.87,,,,,pendiente_revision
UNIDAD NACIONAL PARA LA GESTION DEL RIESGO DE DESASTRES,1,0.001,98.87,,,,,pendiente_revision
CSIC,1,0.001,98.87,,,,,pendiente_revision
CONSULTORIA Y MEDIO AMBIENTE LTDA.,1,0.001,98.87,,,,,pendiente_revision
INSTITUTO NACIONAL DE SALUD PUBLICA DE MEXICO,1,0.001,98.87,,,,,pendiente_revision
HUMAX PHARMACEUTICAL S A S,1,0.001,98.87,,,,,pendiente_revision
UNIDAD DE INVESTIGACION CRIMINAL DE LA DEFENSA,1,0.001,98.88,,,,,pendiente_revision
LEIBNIZINSTITUT FUR NATURSTOFFFORSCHUNG UND INFEKTIONSBIOLOGIE,1,0.001,98.88,,,,,pendiente_revision
INTEL CORPORATION,1,0.001,98.88,,,,,pendiente_revision
SECRETARIA DEPARTAMENTAL DE SALUD DEL VALLE DEL CAUCA (GOBERNACION DEL VALLE DEL CAUCA),1,0.001,98.88,,,,,pendiente_revision
LIFEFACTORS ZONA FRANCA (LIFEFACTORS SAS),1,0.001,98.88,,,,,pendiente_revision
INSTITUTO DE PARASITOLOGIA Y BIOMEDICINA LOPEZ NEIRA,1,0.001,98.88,,,,,pendiente_revision
DARTMOUTH COLLEGE,1,0.001,98.88,,,,,pendiente_revision
INDUSTRIA,1,0.001,98.88,,,,,pendiente_revision
FRANCISCAN UNIVERSITY OF STEUBENVILLE,1,0.001,98.88,,,,,pendiente_revision
CENTRO DE INVESTIGACION EN ECOSISTEMAS DE LA PATAGONIA,1,0.001,98.88,,,,,pendiente_revision
MARQUETTE UNIVERSITY,1,0.001,98.89,,,,,pendiente_revision
SANOFI PASTEUR,1,0.001,98.89,,,,,pendiente_revision
JM DATA LABS,1,0.001,98.89,,,,,pendiente_revision
SUNY DOWNSTATE MEDICAL CENTER,1,0.001,98.89,,,,,pendiente_revision
UNIVERSIDAD DE MICHIGAN,1,0.001,98.89,,,,,pendiente_revision
FUNINDES,1,0.001,98.89,,,,,pendiente_revision
LV CONSULTORES,1,0.001,98.89,,,,,pendiente_revision
ESSEC BUSINESS SCHOOL,1,0.001,98.89,,,,,pendiente_revision
LADYS CONFECCIONES SAS,1,0.001,98.89,,,,,pendiente_revision
CROP ENHANCEMENT INC,1,0.001,98.89,,,,,pendiente_revision
FUNDACION CHILLOA,1,0.001,98.9,,,,,pendiente_revision
INSTITUTO SUPERIOR DE FORMACION DOCENTE SALOME URENA ISFODOSU,1,0.001,98.9,,,,,pendiente_revision
UNITED STATES DEPARTMENT OF AGRICULTURE USDA,1,0.001,98.9,,,,,pendiente_revision
ACKER LEBEN LTDA,1,0.001,98.9,,,,,pendiente_revision
CENTRO INTERNACIONAL DE RESTAURACION NEUROLOGICA,1,0.001,98.9,,,,,pendiente_revision
UNIVERSIDAD DEL VALLE SEDE NORTE DEL CAUCA (UNIVERSIDAD DEL VALLE),1,0.001,98.9,,,,,pendiente_revision
FUNDACION PARA LA INVESTIGACION Y CONSERVACION BIOLOGICA MARINA ECOMARES,1,0.001,98.9,,,,,pendiente_revision
FUNDACION INTERFACE CENTRO DE INNOVACION,1,0.001,98.9,,,,,pendiente_revision
MINERALES INDUSTRIALES S A,1,0.001,98.9,,,,,pendiente_revision
INSTITUTO CIFE S A S,1,0.001,98.9,,,,,pendiente_revision
GENETICA ANIMAL DE COLOMBIA SAS,1,0.001,98.91,,,,,pendiente_revision
UNIVERSIDAD NACIONAL DE MAR DEL PLATA,1,0.001,98.91,,,,,pendiente_revision
GREENCAP,1,0.001,98.91,,,,,pendiente_revision
VIRGINIA COMMONWEALTH UNIVERSITYCOLLEGE OF ENGINEERING,1,0.001,98.91,,,,,pendiente_revision
COLEGIO NACIONAL DE QUIMICOS FARMACEUTICOS DE COLOMBIA,1,0.001,98.91,,,,,pendiente_revision
UNIVERSIDAD DE GUANAJUATO CAMPUS CELAYA SALVATIERRA,1,0.001,98.91,,,,,pendiente_revision
INSTITUCION UNIVERSITARIA AUTONOMA DE LAS AMERCIAS,1,0.001,98.91,,,,,pendiente_revision
FRUBANA SAS,1,0.001,98.91,,,,,pendiente_revision
INSTITUTO DE TECNOLOGIA EN POLIMEROS Y NANOTECNOLOGIA ITPN CONICET UBA,1,0.001,98.91,,,,,pendiente_revision
PROGRAMA PARA EL TRATAMIENTO Y ESTUDIO DE ENFERMEDADES HEMATOLOGICAS Y ONCOLOGICAS DE SANTANDER LTDA,1,0.001,98.91,,,,,pendiente_revision
ASOCIACION COLOMBIANA DE NEUROCIRUGIA,1,0.001,98.92,,,,,pendiente_revision
CREANDO SOLUCIONES INFORMATICAS LTDA,1,0.001,98.92,,,,,pendiente_revision
INSTITUTO NEUMOLOGICO DEL ORIENTE SA,1,0.001,98.92,,,,,pendiente_revision
ELECTROCAQUETA,1,0.001,98.92,,,,,pendiente_revision
MINISTERIO DE AMBIENTE Y DESARROLLO TERRITORIAL,1,0.001,98.92,,,,,pendiente_revision
FUNDACION CENTRO DE FORMACION E INVESTIGACION DE CORDOBA,1,0.001,98.92,,,,,pendiente_revision
HOSPITAL UNIVERSITARIO DEL CARIBE,1,0.001,98.92,,,,,pendiente_revision
MUSEUM FUR NATURKUNDE,1,0.001,98.92,,,,,pendiente_revision
CENTRO DE CIENCIAS GENOMICAS - UNAM,1,0.001,98.92,,,,,pendiente_revision
ITOPF,1,0.001,98.92,,,,,pendiente_revision
UNIVERSIDAD DE CRANFIELD,1,0.001,98.93,,,,,pendiente_revision
INSTITUTO UNIVERSITARIO DE EDUCACION FISICA DE LA UNIVERSIDAD DE ANTIOQUIA (UNIVERSIDAD DE ANTIOQUIA),1,0.001,98.93,,,,,pendiente_revision
ALCALDIA DE SINCELEJO,1,0.001,98.93,,,,,pendiente_revision
HUMBOLDT UNIVERSITY OF BERLIN,1,0.001,98.93,,,,,pendiente_revision
"CENTRO DE ESTUDIOS DE DERECHO JUSTICIA Y SOCIEDAD DEJUSTICIA (CENTRO DE ESTUDIOS DE DERECHO, JUSTICIA Y SOCIEDAD)",1,0.001,98.93,,,,,pendiente_revision
INSTITUTO FRANCES DE ESTUDIOS ANATOLICOS,1,0.001,98.93,,,,,pendiente_revision
GENCELL PHARMA SAS,1,0.001,98.93,,,,,pendiente_revision
INSTITUCION TECNICA COMERCIAL SANTA RITA,1,0.001,98.93,,,,,pendiente_revision
UNIVERSIDAD AUTONOMA DE ENTRE RIOS,1,0.001,98.93,,,,,pendiente_revision
FUNDACION NACIONAL BATUTA,1,0.001,98.93,,,,,pendiente_revision
PROEXCAR SAS,1,0.001,98.94,,,,,pendiente_revision
CETIE-UNIVERSIDAD DE VALLADOLID,1,0.001,98.94,,,,,pendiente_revision
ASOCIACION DE PROFESIONALES EN MEDICINA VETERINARIA Y ZOOTECNIA DE LA AMAZONIA,1,0.001,98.94,,,,,pendiente_revision
ETH ZURICH,1,0.001,98.94,,,,,pendiente_revision
ONU MUJERES,1,0.001,98.94,,,,,pendiente_revision
UNIVERSIDAD AGUSTINIANA,1,0.001,98.94,,,,,pendiente_revision
UNIVERSITY OF MINNESOTA,1,0.001,98.94,,,,,pendiente_revision
UNIVERSITY OF LIEGE,1,0.001,98.94,,,,,pendiente_revision
UNIVERSIDAD DE LAS AMERICAS PUEBLA MEXICO,1,0.001,98.94,,,,,pendiente_revision
UNIVERSIDADE ESTADUAL DO NORTE FLUMINENSE DARCY RIBEIRO,1,0.001,98.94,,,,,pendiente_revision
CENTRO DE INVESTIGACIONES Y DE ESTUDIOS AVANZADOS DEL INSTITUTO POLITECNICO NACIONAL CINVESTAV,1,0.001,98.95,,,,,pendiente_revision
UNIVERSITY OF ILLINOIS AT URBANA-CHAMPAIGN,1,0.001,98.95,,,,,pendiente_revision
OKA CONSULTORES S A S,1,0.001,98.95,,,,,pendiente_revision
CENTRO DE INVESTIGACIONES Y FORMACION AVANZADA CIEACCODEMA (COOPERATIVA DEL MAGISTERIO),1,0.001,98.95,,,,,pendiente_revision
UNIVERSITY OF SUSSEX,1,0.001,98.95,,,,,pendiente_revision
INALDE ESCUELA DE DIRECCION Y NEGOCIOS,1,0.001,98.95,,,,,pendiente_revision
SUPERINTENDENCIA GENERAL DE PUERTOS,1,0.001,98.95,,,,,pendiente_revision
DIDACONTROL SAS,1,0.001,98.95,,,,,pendiente_revision
UNIVERSITE D ORLEANS,1,0.001,98.95,,,,,pendiente_revision
TIP LTDA,1,0.001,98.95,,,,,pendiente_revision
CELSIA S A E S P,1,0.001,98.96,,,,,pendiente_revision
UNIVERSIDAD DE AARHUS,1,0.001,98.96,,,,,pendiente_revision
FUNDACION UNIVERSITARIA CATOLICA,1,0.001,98.96,,,,,pendiente_revision
CORPORACION DE CIENCIA Y TECNOLOGIA AMBIENTAL MACARENIA,1,0.001,98.96,,,,,pendiente_revision
MEDICINA MATERNO FETAL CARTAGENA DE INDIAS DIAGNOSTICO PRENATAL AVANZADO Y TERAPIA FETAL SAS,1,0.001,98.96,,,,,pendiente_revision
RAMA JUDICIAL COLOMBIA,1,0.001,98.96,,,,,pendiente_revision
ROCHE DIAGNOSTICS GMBH,1,0.001,98.96,,,,,pendiente_revision
STANLEY S SCOTT CANCER CENTER LOUISIANA STATE UNIVERSITY HEALTH SCIENCES CENTER,1,0.001,98.96,,,,,pendiente_revision
CENTRO DE AUTOMATIZACION INDUSTRIAL SENA REGIONAL CALDAS (SERVICIO NACIONAL DE APRENDIZAJE SENA),1,0.001,98.96,,,,,pendiente_revision
CENTRO COLOMBIANO DE TECNOLOGIA SAS CECOLTEC SAS,1,0.001,98.96,,,,,pendiente_revision
DIRECCION TERRITORIAL DE SALUD DE CALDAS,1,0.001,98.97,,,,,pendiente_revision
INSTITUCION EDUCATIVA SURORIENTAL DE PEREIRA,1,0.001,98.97,,,,,pendiente_revision
UNIVERSIDAD DE LOS ANDES FACULTAD DE ARQUITECTURA Y DISENO,1,0.001,98.97,,,,,pendiente_revision
ALVARO VARGAS ABOGADOS,1,0.001,98.97,,,,,pendiente_revision
AGENCIA DE ESTADOS UNIDOS PARA EL DESARROLLO INTERNACIONAL COLOMBIA,1,0.001,98.97,,,,,pendiente_revision
UNIVERSITY OF PORTSMOUTH,1,0.001,98.97,,,,,pendiente_revision
ESCUELA NORMAL SUPERIOR SAGRADO CORAZON R,1,0.001,98.97,,,,,pendiente_revision
PHMET PROYECTOS HIDROMETEOROLOGICOS,1,0.001,98.97,,,,,pendiente_revision
PROYECTO DE CONSERVACION DE AGUAS Y TIERRAS COLOMBIA,1,0.001,98.97,,,,,pendiente_revision
PETROMARKERS INC,1,0.001,98.97,,,,,pendiente_revision
HOSPITAL INFANTIL DE MEDELLIN,1,0.001,98.98,,,,,pendiente_revision
D4X INGENIERIA SAS,1,0.001,98.98,,,,,pendiente_revision
UNIVERSIDAD DE BELLAS ARTES Y CIENCIAS DE BOLIVAR,1,0.001,98.98,,,,,pendiente_revision
CENTRO DE BIOLOGIA MARINHA DA UNIVERSIDADE DE SAO PAULO,1,0.001,98.98,,,,,pendiente_revision
UNIVERSITE DE NAMUR,1,0.001,98.98,,,,,pendiente_revision
FINANCIERA DEL DESARROLLO TERRITORIAL SA,1,0.001,98.98,,,,,pendiente_revision
UNIVERSIDAD DE VALENCIA LAB FISIOPATOLOGIA DE ENFERMEDADES RARAS,1,0.001,98.98,,,,,pendiente_revision
FACULTAD DE CIENCIAS UNIVERSIDAD NACIONAL AUTONOMA DE MEXICO,1,0.001,98.98,,,,,pendiente_revision
LA CORPORACION UNIVERSITARIA DEL HUILA,1,0.001,98.98,,,,,pendiente_revision
UNIVERSITY OF ILLINOIS AT CHICAGO,1,0.001,98.98,,,,,pendiente_revision
BROAD INSTITUTE OF MIT AND HARVARD,1,0.001,98.99,,,,,pendiente_revision
UNIVERSIDAD DE QUEENSLAND,1,0.001,98.99,,,,,pendiente_revision
ASOCIACION COLOMBIANA DE NEFROLOGIA E HIPERTENSION ARTERIAL,1,0.001,98.99,,,,,pendiente_revision
SMITHSONIAN INSTITUTION. NATIONAL MUSEUM OF NATURAL HISTORY,1,0.001,98.99,,,,,pendiente_revision
INSTITUTO DE FISICA - UNAM,1,0.001,98.99,,,,,pendiente_revision
FUNDACION PARA LA FORMACION INTEGRAL Y EL DESARROLLO HUMANO,1,0.001,98.99,,,,,pendiente_revision
UNIVERSIDAD UTEC,1,0.001,98.99,,,,,pendiente_revision
CREAINN SAS,1,0.001,98.99,,,,,pendiente_revision
PONTIFICIA UNIVERSIDAD CATOLICA DEL PERU,1,0.001,98.99,,,,,pendiente_revision
CONSEJO NACIONAL DE CIENCIA Y TECNOLOGIA CONACYT,1,0.001,98.99,,,,,pendiente_revision
CLINICA SAN JUAN DE DIOS,1,0.001,99.0,,,,,pendiente_revision
LABORATORIO DE INVESTIGACION Y DESARROLLO DE TOLU SAS,1,0.001,99.0,,,,,pendiente_revision
"ROYAL BOTANIC GARDENS, KEW",1,0.001,99.0,,,,,pendiente_revision
EMPRESAS MUNICIPALES DE CALI EMCALI,1,0.001,99.0,,,,,pendiente_revision
CORPORACION UNIVERSITARIA REMINGTON SEDE BOGOTA CUNDINAMARCA (CORPORACION UNIVERSITARIA REMINGTON),1,0.001,99.0,,,,,pendiente_revision
INDISA S A,1,0.001,99.0,,,,,pendiente_revision
BIOGRASS SAS,1,0.001,99.0,,,,,pendiente_revision
UNIP - UNIVERSIDADE PAULISTA,1,0.001,99.0,,,,,pendiente_revision
UNIVERSIDAD ACADEMIA DE HUMANISMO CRISTIANO,1,0.001,99.0,,,,,pendiente_revision
ALIANZA TEAM,1,0.001,99.0,,,,,pendiente_revision
INSTITUTE OF CLINICAL MOLECULAR BIOLOGY,1,0.001,99.01,,,,,pendiente_revision
INDULACTEOS DE COLOMBIA SAS,1,0.001,99.01,,,,,pendiente_revision
INSTITUTO NACIONAL DE PESQUISAS DA AMAZONIAINPA,1,0.001,99.01,,,,,pendiente_revision
FUNDACION PARA EL FOMENTO DE LA INVESTIGACION CIENTIFICA Y TECNOLOGICA,1,0.001,99.01,,,,,pendiente_revision
THERMOFISHER SCIENTIFIC,1,0.001,99.01,,,,,pendiente_revision
FUNDACION SYNAPSE,1,0.001,99.01,,,,,pendiente_revision
GOBERNACION DE BOLIVAR,1,0.001,99.01,,,,,pendiente_revision
AUSTRALIAN NATIONAL UNIVERSITY,1,0.001,99.01,,,,,pendiente_revision
CORPORACIÓN COLOMBIANA DE INVESTIGACIÓN AGROPECUARIA AGROSAVIA SEDE CENTRAL  (CORPORACION COLOMBIANA DE INVESTIGACION AGROPECUARIA AGROSAVIA),1,0.001,99.01,,,,,pendiente_revision
CENTRO DE INVESTIGACION Y ASISTENCIA EN TECNOLOGIA Y DISENO DEL ESTADO DE JALISCO AC,1,0.001,99.01,,,,,pendiente_revision
TECHNOLOGY INNOVATION INSTITUTE,1,0.001,99.02,,,,,pendiente_revision
UNIVERSITY OF SZEGED,1,0.001,99.02,,,,,pendiente_revision
INSTITUTO DE ESTUDIOS AMBIENTALES,1,0.001,99.02,,,,,pendiente_revision
GONZALEZ TASCON SAS,1,0.001,99.02,,,,,pendiente_revision
SECRETARIA DE EDUCACION DE CUNDINAMARCA (GOBERNACION DE CUNDINAMARCA),1,0.001,99.02,,,,,pendiente_revision
CLINICA TRAUMANORTE,1,0.001,99.02,,,,,pendiente_revision
UNIVERSIDAD DE ANTIOQUIA SEDE ANDES (UNIVERSIDAD DE ANTIOQUIA),1,0.001,99.02,,,,,pendiente_revision
HEALTHY MEDICAL CENTER S.A.S.,1,0.001,99.02,,,,,pendiente_revision
SECRETARIA DE EDUCACION DEL MUNICIPIO DE CALI,1,0.001,99.02,,,,,pendiente_revision
FUNDACION GAIA AMAZONAS,1,0.001,99.02,,,,,pendiente_revision
UNIVERSITAT POLITECNICA DE CATALUNYA,1,0.001,99.03,,,,,pendiente_revision
ASOCIACION COLOMBIANA DE NEUROLOGIA,1,0.001,99.03,,,,,pendiente_revision
KARLSRUHE INTITUTE OF TECHNOLOGY,1,0.001,99.03,,,,,pendiente_revision
EMILIO GARCIA ABOGADOS SAS,1,0.001,99.03,,,,,pendiente_revision
INSTITUTE FOR SYSTEMS AND COMPUTER ENGINEERING TECHNOLOGY AND SCIENCE,1,0.001,99.03,,,,,pendiente_revision
UNIVERSIDAD DE AYSEN,1,0.001,99.03,,,,,pendiente_revision
HOSPITAL DE CALDAS,1,0.001,99.03,,,,,pendiente_revision
UNIVERSIDAD TECNICA DE MANABI,1,0.001,99.03,,,,,pendiente_revision
F INICIATIVAS SAS,1,0.001,99.03,,,,,pendiente_revision
RESEARCH INSTITUTE OF UNITED STATES SPANISH,1,0.001,99.03,,,,,pendiente_revision
ESCUELA NACIONAL DE ANTROPOLOGIA E HISTORIA ENAH,1,0.001,99.04,,,,,pendiente_revision
CINARA,1,0.001,99.04,,,,,pendiente_revision
INSTITUCION EDUCATIVA TRICENTENARIO,1,0.001,99.04,,,,,pendiente_revision
UNIVERSITY OF LIVERPOOL,1,0.001,99.04,,,,,pendiente_revision
HORIZON MEDICAL,1,0.001,99.04,,,,,pendiente_revision
CLEMSON UNIVERSITY,1,0.001,99.04,,,,,pendiente_revision
REGISTRADURIA NACIONAL DEL ESTADO CIVIL,1,0.001,99.04,,,,,pendiente_revision
UNIDAD ONCOLOGICA SURCOLOMBIANA,1,0.001,99.04,,,,,pendiente_revision
BAIRESDEV,1,0.001,99.04,,,,,pendiente_revision
GIMNASIO CAMPESTRE STEPHEN HAWKING,1,0.001,99.04,,,,,pendiente_revision
UNIVERSITY OF LEEDS,1,0.001,99.05,,,,,pendiente_revision
CENTRO DE INNOVACION E INVESTIGACION EN METABOLISMO Y DIABETES SAS,1,0.001,99.05,,,,,pendiente_revision
UNIVERSIDAD NACIONAL DEL CENTRO DE LA PROVINCIA DE BUENOS AIRES,1,0.001,99.05,,,,,pendiente_revision
UNIVERSITAT PADERBORN,1,0.001,99.05,,,,,pendiente_revision
UNIVERSITY OF THE WEST OF ENGLAND,1,0.001,99.05,,,,,pendiente_revision
SMITHSONIAN TROPICAL RESEARCH INSTITUTE,1,0.001,99.05,,,,,pendiente_revision
AGROIDEA SAS,1,0.001,99.05,,,,,pendiente_revision
BRNO UNIVERSITY OF TECHNOLOGY,1,0.001,99.05,,,,,pendiente_revision
FUNDACION DE ESTUDIOS SUPERIORES COMFANORTE FESC,1,0.001,99.05,,,,,pendiente_revision
AGROGLOBAL SA,1,0.001,99.05,,,,,pendiente_revision
OKINAWA INSTITUTE OF SCIENCE AND TECHNOLOGY GRADUATE UNIVERSITY,1,0.001,99.06,,,,,pendiente_revision
EL COLEGIO DE MICHOACAN,1,0.001,99.06,,,,,pendiente_revision
INSTITUTO UNIVERSITARIO DE ELECTROQUIMICA,1,0.001,99.06,,,,,pendiente_revision
COLGENES,1,0.001,99.06,,,,,pendiente_revision
INSTITUTO DE INGENIERIA DE LA UNAM,1,0.001,99.06,,,,,pendiente_revision
SECRETARIA DE EDUCACION (ALCALDIA DE MEDELLIN),1,0.001,99.06,,,,,pendiente_revision
GFZ,1,0.001,99.06,,,,,pendiente_revision
SECRETARIA DE SALUD PUBLICA MUNICIPIO DE CALI,1,0.001,99.06,,,,,pendiente_revision
FEDERACION NACIONAL DE CULTIVADORES DE PALMA DE ACEITE FEDEPALMA,1,0.001,99.06,,,,,pendiente_revision
GRIFFITH UNIVERSITY,1,0.001,99.06,,,,,pendiente_revision
BIOEMBRIO FIV SAS,1,0.001,99.07,,,,,pendiente_revision
PROGRAMA OFIDISMO ESCORPIONISMO,1,0.001,99.07,,,,,pendiente_revision
GLASST INNOVATION COMPANY,1,0.001,99.07,,,,,pendiente_revision
FUNDACION UNIVERSITARIA INTERNACIONAL DEL TROPICO AMERICANO,1,0.001,99.07,,,,,pendiente_revision
FUNDACION JARDIN BOTANICO GUILLERMO PINERES,1,0.001,99.07,,,,,pendiente_revision
UNIVERSIDAD DE ANTOFAGASTA,1,0.001,99.07,,,,,pendiente_revision
MUSEO NACIONAL DE CIENCIAS NATURALES,1,0.001,99.07,,,,,pendiente_revision
ORGANIZACION PAJONALES S A S,1,0.001,99.07,,,,,pendiente_revision
PROGRAMA DE NACIONES UNIDAS PARA EL DESARROLLO (PROGRAMA DE LAS NACIONES UNIDAS PARA EL DESARROLLOPNUD),1,0.001,99.07,,,,,pendiente_revision
VERGARA S GROUP TRAINING CONSULTING RESEARCH,1,0.001,99.07,,,,,pendiente_revision
HAUTE ECOLE DINGENIERIE ET DARCHITECTURE FRIBOURG SUISSE,1,0.001,99.08,,,,,pendiente_revision
UNIVERSIDAD ESTATAL DE SONORA,1,0.001,99.08,,,,,pendiente_revision
CENTRO DE ESTUDIOS SUPERIORES MARIA GORETTI (UNIVERSIDAD CESMAG),1,0.001,99.08,,,,,pendiente_revision
PROGRAMA INOVASOCIAL,1,0.001,99.08,,,,,pendiente_revision
NORTHERN ARIZONA UNIVERSITY,1,0.001,99.08,,,,,pendiente_revision
UNIVERSIDADE DE PERNAMBUCO,1,0.001,99.08,,,,,pendiente_revision
UNAD UNIVERSIDAD NACIONAL A DISTANCIA FLORIDA,1,0.001,99.08,,,,,pendiente_revision
UNIVERSIDAD DE LA GUAJIRA VILLANUEVA (UNIVERSIDAD DE LA GUAJIRA),1,0.001,99.08,,,,,pendiente_revision
VITAL CARE CENTRO DE SIMULACION CLINICA,1,0.001,99.08,,,,,pendiente_revision
INSTITUT NATIONAL DES SCIENCES APPLIQUEES DE LYON,1,0.001,99.08,,,,,pendiente_revision
JARDIN BOTANICO DEL QUINDIO,1,0.001,99.09,,,,,pendiente_revision
NOVO NORDISK CENTER FOR BIOSUSTAINABILITY,1,0.001,99.09,,,,,pendiente_revision
ORGANIZACION DE LA NACIONES UNIDAS,1,0.001,99.09,,,,,pendiente_revision
JISO INGENIERIA AVANZADA SAS,1,0.001,99.09,,,,,pendiente_revision
THE ELITE FLOWER LTDA C I,1,0.001,99.09,,,,,pendiente_revision
PLANTA PILOTO DE INGENIERIA QUIMICA UNIVERSIDAD NACIONAL DEL SUR,1,0.001,99.09,,,,,pendiente_revision
REFORESTADORA DE LA COSTA S A GRUPO SANTODOMINGO,1,0.001,99.09,,,,,pendiente_revision
RYR KNOWLEDGE ENGINEERING Y LAB SAS,1,0.001,99.09,,,,,pendiente_revision
INSTITUT FUR BIOMATERIALFORSCHUNG HELMHOLTZ ZENTRUM GEESTHACHT,1,0.001,99.09,,,,,pendiente_revision
CENTRO DE INVESTIGACIONES TECNOLOGICAS DE LA COSTA ATLANTICA CITCA,1,0.001,99.09,,,,,pendiente_revision
SECRETARIA DE EDUCACION DE MEDELLIN,1,0.001,99.1,,,,,pendiente_revision
NEURO CLINICA,1,0.001,99.1,,,,,pendiente_revision
AGENCIA PARA LA RENOVACION DEL TERRITORIO,1,0.001,99.1,,,,,pendiente_revision
INSTITUTO MEXICANO DEL SEGURO SOCIAL,1,0.001,99.1,,,,,pendiente_revision
INVESTIGADOR INDEPENDIENTE,1,0.001,99.1,,,,,pendiente_revision
CORPORACION HUILTUR,1,0.001,99.1,,,,,pendiente_revision
GATEWAY TI MONTERIA S A S,1,0.001,99.1,,,,,pendiente_revision
DIRECCION DE INVESTIGACION CRIMINAL E INTERPOL,1,0.001,99.1,,,,,pendiente_revision
TECNOLOGIAS MARTE S A S,1,0.001,99.1,,,,,pendiente_revision
UNIVERSIDAD NACIONAL AUTONOMA DE MEXICO UNAM,1,0.001,99.1,,,,,pendiente_revision
LABORATORIO DE SUELOS UNIVERSIDAD NACIONAL DE COLOMBIA (UNIVERSIDAD NACIONAL DE COLOMBIA),1,0.001,99.11,,,,,pendiente_revision
SENA CENTRO DE DISENO TECNOLOGICO INDUSTRIAL (SERVICIO NACIONAL DE APRENDIZAJE SENA),1,0.001,99.11,,,,,pendiente_revision
SALGADO MELENDEZ Y ASOCIADOS,1,0.001,99.11,,,,,pendiente_revision
GHENT UNIVERSITY,1,0.001,99.11,,,,,pendiente_revision
FACULDADE PITAGORAS,1,0.001,99.11,,,,,pendiente_revision
FUNDACION HOSPITAL UNIVERSIDAD DEL NORTE,1,0.001,99.11,,,,,pendiente_revision
UNIVERSIDAD IBEROAMERICANA DE MEXICO,1,0.001,99.11,,,,,pendiente_revision
UNIVERSITY OF EASTERN FINLAND,1,0.001,99.11,,,,,pendiente_revision
UNIVERSIDAD PUBLICA DE NAVARRA,1,0.001,99.11,,,,,pendiente_revision
GAIA GREENTECH,1,0.001,99.11,,,,,pendiente_revision
I E D JACKELINE KENNEDY SEDE 2 PREESCOLAR LA CANDELARIA,1,0.001,99.12,,,,,pendiente_revision
EASY SOLUTIONS,1,0.001,99.12,,,,,pendiente_revision
CORPORACION COLEGIO INTERNACIONAL ALTAMIRA,1,0.001,99.12,,,,,pendiente_revision
CHARITE UNIVERSITATSMEDIZIN BERLIN,1,0.001,99.12,,,,,pendiente_revision
UNIVERSITE DE GENEVE,1,0.001,99.12,,,,,pendiente_revision
UNIVERZITA PARDUBICE,1,0.001,99.12,,,,,pendiente_revision
FONDO DE EMPLEADOS DE LA UNIVERSIDAD CATOLICA DE PEREIRA,1,0.001,99.12,,,,,pendiente_revision
UNIVERSITE TOULOUSE III PAUL SABATIER,1,0.001,99.12,,,,,pendiente_revision
UNIVERSITE DU LUXEMBOURG,1,0.001,99.12,,,,,pendiente_revision
IE MARIA INMACULADA,1,0.001,99.12,,,,,pendiente_revision
UNIVERSIDAD DE LESS ILLES BALEARS,1,0.001,99.13,,,,,pendiente_revision
DEAKIN UNIVERSITY,1,0.001,99.13,,,,,pendiente_revision
SESAME WORKSHOP,1,0.001,99.13,,,,,pendiente_revision
CENTRO DE LA INNOVACION LA AGROINDUSTRIA Y LA AVIACION REGIONAL ANTIOQUIA (SERVICIO NACIONAL DE APRENDIZAJE SENA),1,0.001,99.13,,,,,pendiente_revision
CONCORDIA UNIVERSITY,1,0.001,99.13,,,,,pendiente_revision
ITALCOL,1,0.001,99.13,,,,,pendiente_revision
UNIDAD DE FERTILIDAD DEL COUNTRY LTDA,1,0.001,99.13,,,,,pendiente_revision
UNIVERSITY OF TWENTE,1,0.001,99.13,,,,,pendiente_revision
UNIVERSIDAD AUTONOMA DE BAJA CALIFORNIA,1,0.001,99.13,,,,,pendiente_revision
INSTITUCION EDUCATIVA FRANCISCO MIRANDA,1,0.001,99.13,,,,,pendiente_revision
CIENCIA Y TECNOLOGIA DE FAGOS SCIPHAGE SAS,1,0.001,99.14,,,,,pendiente_revision
IED LICEO FEMENINO MERCEDES NARINO,1,0.001,99.14,,,,,pendiente_revision
HOKKAIDO UNIVERSITY,1,0.001,99.14,,,,,pendiente_revision
FUGRO,1,0.001,99.14,,,,,pendiente_revision
CARLOS RESTREPO ARAUJO,1,0.001,99.14,,,,,pendiente_revision
QUADRAM INSTITUTE BIOSCIENCE,1,0.001,99.14,,,,,pendiente_revision
INSTITUTO DE INVESTIGACION Y TECNOLOGIA AGROALIMENTARIAS IRTA,1,0.001,99.14,,,,,pendiente_revision
INSTITUTO PARA LA INVESTIGACION Y PRESERVACION DEL PATRIMONIO CULTURAL Y NATURAL DEL VALLE DEL CAUCA,1,0.001,99.14,,,,,pendiente_revision
UNIVERSITY OF ESSEX,1,0.001,99.14,,,,,pendiente_revision
BIOMANDARINO,1,0.001,99.14,,,,,pendiente_revision
COLEGIONUEVOGIMNASIO EDU CO,1,0.001,99.15,,,,,pendiente_revision
VIRGINIA TECH,1,0.001,99.15,,,,,pendiente_revision
UNIVERSITAT JAUME I DE CASTELLON,1,0.001,99.15,,,,,pendiente_revision
UNIVERSIDAD DE DEUSTO ESPANA,1,0.001,99.15,,,,,pendiente_revision
UNIVERSIDAD SANTIAGO DE CHILE,1,0.001,99.15,,,,,pendiente_revision
BIEKOS,1,0.001,99.15,,,,,pendiente_revision
UNIVERSITE DE PARIS VI PIERRE ET MARIE CURIE,1,0.001,99.15,,,,,pendiente_revision
TECNOLOGIAS ARISTA SAS,1,0.001,99.15,,,,,pendiente_revision
UNIVERSIDAD AUTONOMA DE COAHUILA MEXICO,1,0.001,99.15,,,,,pendiente_revision
UNIVERSIDAD DISTRITAL FRANCISCO JOSE DE CALCAS,1,0.001,99.15,,,,,pendiente_revision
THE UNIVERSITY OF AUCKLAND,1,0.001,99.16,,,,,pendiente_revision
I E VALENTIN CARABALI,1,0.001,99.16,,,,,pendiente_revision
IPS DIAGNOSTISALUD EU,1,0.001,99.16,,,,,pendiente_revision
UNIVERSIDADE DO PORTO,1,0.001,99.16,,,,,pendiente_revision
CENTRO DE ATENCION AL SECTOR AGROPECUARIOCASA,1,0.001,99.16,,,,,pendiente_revision
DEPARTAMENTO ADMINISTRATIVO DE LA PRESIDENCIA DE LA REPUBLICA DAPRE,1,0.001,99.16,,,,,pendiente_revision
CLEAN TECHNOLOGY PARTNERS,1,0.001,99.16,,,,,pendiente_revision
LYCEE NOTRE DAME DE NAZARETH,1,0.001,99.16,,,,,pendiente_revision
FACTORED,1,0.001,99.16,,,,,pendiente_revision
HOCHSCHULE FURTWANGEN UNIVERSITY,1,0.001,99.16,,,,,pendiente_revision
UNIVERSIDAD LIBRE CALI,1,0.001,99.17,,,,,pendiente_revision
LEGAL SHIELD,1,0.001,99.17,,,,,pendiente_revision
CAMPUS VIRTUAL UDES,1,0.001,99.17,,,,,pendiente_revision
TEXAS A M UNIVERSITY SYSTEM,1,0.001,99.17,,,,,pendiente_revision
SERVICIOS GRUPO BIOS SAS,1,0.001,99.17,,,,,pendiente_revision
REDES Y SISTEMAS INTEGRADOS SAS,1,0.001,99.17,,,,,pendiente_revision
UNIVERSIDAD AUTONOMA DE LAS AMERICAS,1,0.001,99.17,,,,,pendiente_revision
UNIVERSITY OF MASSACHUSSETS,1,0.001,99.17,,,,,pendiente_revision
SECRETARIA DE EDUCACION Y CULTURA MUNICIPIO DE SOACHA (MUNICIPIO DE SOACHA),1,0.001,99.17,,,,,pendiente_revision
NEXENTIA SAS,1,0.001,99.17,,,,,pendiente_revision
TECHNISCHE UNIVERSITAT MUNCHEN,1,0.001,99.18,,,,,pendiente_revision
UNIVERSITY OF MEMPHIS,1,0.001,99.18,,,,,pendiente_revision
NEW MEXICO INSTITUTE OF MINING AND TECHNOLOGY,1,0.001,99.18,,,,,pendiente_revision
INSTITUT DE RECHERCHE POUR LE DEVELOPPEMENT IRD,1,0.001,99.18,,,,,pendiente_revision
CENTROS ESPECIALIZADOS DE SAN VICENTE FUNDACION,1,0.001,99.18,,,,,pendiente_revision
GRAMMO SAS,1,0.001,99.18,,,,,pendiente_revision
MAYNOOTH UNIVERSITY,1,0.001,99.18,,,,,pendiente_revision
INSTITUCION EDUCATIVA TIERRA BAJA,1,0.001,99.18,,,,,pendiente_revision
COLEGIO GIMNASIO CAMPESTRE,1,0.001,99.18,,,,,pendiente_revision
SPECTRA INGENIERIA,1,0.001,99.18,,,,,pendiente_revision
UNIVERSITY OF QUEENSLAND CENTRE OF EXCELLENCE FOR ENVIRONMENTAL DECISIONS,1,0.001,99.19,,,,,pendiente_revision
GRUPO EMPRESARIAL HEMPTEC SAS,1,0.001,99.19,,,,,pendiente_revision
ASOCIACION PLATAFORMA LGBTI SANTANDER,1,0.001,99.19,,,,,pendiente_revision
MD ANDERSON CANCER CENTER,1,0.001,99.19,,,,,pendiente_revision
GRUPO DE INVESTIGACION CARLOS FINLAY,1,0.001,99.19,,,,,pendiente_revision
ARGUS COLOMBIA SA,1,0.001,99.19,,,,,pendiente_revision
CENTRO DE INVESTIGACIONES EN ENFERMEDADES TROPICALES UNIVERSIDAD INDUSTRI,1,0.001,99.19,,,,,pendiente_revision
CORPORACION UNIFICADA NACIONAL DE EDUCACION SUPERIOR CUN,1,0.001,99.19,,,,,pendiente_revision
INSTITUCION EDUCATIVA DISTRITAL REUVEN FEURSTEIN,1,0.001,99.19,,,,,pendiente_revision
SUPERINTENDENCIA NACIONAL DE SALUD,1,0.001,99.19,,,,,pendiente_revision
DEPARTAMENTO CONJUNTO DE COMUNICACIONES DE LAS FUERZAS MILITARES,1,0.001,99.2,,,,,pendiente_revision
CENTRO DE INVESTIGACIONES DEL BANANO CENIBANANO,1,0.001,99.2,,,,,pendiente_revision
UPQUA,1,0.001,99.2,,,,,pendiente_revision
MACQUARIE UNIVERSITY,1,0.001,99.2,,,,,pendiente_revision
ORQUESTA FILARMONICA DE BOGOTA,1,0.001,99.2,,,,,pendiente_revision
INSTITUTE FOR AUSTRIAN AND INTERNATIONAL TAX LAW,1,0.001,99.2,,,,,pendiente_revision
CORPORACION UNIVERSITARIA AGRARIA DE COLOMBIA UNIAGRARIA,1,0.001,99.2,,,,,pendiente_revision
1 2 TREE S A S,1,0.001,99.2,,,,,pendiente_revision
LUKER AGRICOLA,1,0.001,99.2,,,,,pendiente_revision
CONTINENTAL GOLD LTDA,1,0.001,99.2,,,,,pendiente_revision
DRUMMOND LTD,1,0.001,99.21,,,,,pendiente_revision
UNIVERSITA DEGLI STUDI DI BERGAMO,1,0.001,99.21,,,,,pendiente_revision
UNIVERSITE PARIS 1 PANTHEONSORBONNE,1,0.001,99.21,,,,,pendiente_revision
UFMG,1,0.001,99.21,,,,,pendiente_revision
BOTANIC GARDEN AND BOTANICAL MUSEUM,1,0.001,99.21,,,,,pendiente_revision
PIEL JOVEN DERMATOLOGIA,1,0.001,99.21,,,,,pendiente_revision
PLEXOS SOFTWARE SAS,1,0.001,99.21,,,,,pendiente_revision
THE BAMBOO FIBRE COMPANY BFC S A S,1,0.001,99.21,,,,,pendiente_revision
HOSPITAL SAN RAFAEL DE PASTO,1,0.001,99.21,,,,,pendiente_revision
UNIVERSIDAD ANDRES BELLO,1,0.001,99.21,,,,,pendiente_revision
ALZAK GROUP SAS,1,0.001,99.22,,,,,pendiente_revision
THINK LINK SAS,1,0.001,99.22,,,,,pendiente_revision
CORPORACION ARMARIO ABIERTO,1,0.001,99.22,,,,,pendiente_revision
EJERCITO NACIONAL,1,0.001,99.22,,,,,pendiente_revision
ADMINISTRATIVE MANAGEMENT CONSULTANTS SAS,1,0.001,99.22,,,,,pendiente_revision
CI INTER APEX SAS,1,0.001,99.22,,,,,pendiente_revision
CENTRO EDUCATIVO JUAN XXIII,1,0.001,99.22,,,,,pendiente_revision
PHARMAPRO S A,1,0.001,99.22,,,,,pendiente_revision
SOUTH POLE ASSET MANAGEMENT S A S,1,0.001,99.22,,,,,pendiente_revision
INCOMBUSTION FASE II,1,0.001,99.22,,,,,pendiente_revision
CORPORACION CULTURAL MUNISIPAL DE VILLAVICENCIO,1,0.001,99.23,,,,,pendiente_revision
CNRS,1,0.001,99.23,,,,,pendiente_revision
GRUPO PROYECTAME,1,0.001,99.23,,,,,pendiente_revision
ESCUELA SUPERIOR DE ADMINISTRACION PUBLICA ESAP SEDE NARINO (ESCUELA SUPERIOR DE ADMINISTRACION PUBLICA),1,0.001,99.23,,,,,pendiente_revision
UNIVERSIDAD CATOLICA DEL MAULE,1,0.001,99.23,,,,,pendiente_revision
SENADO DE LA REPUBLICA,1,0.001,99.23,,,,,pendiente_revision
MERTON COLLEGE,1,0.001,99.23,,,,,pendiente_revision
INSTITUTO TECNICO INDUSTRIAL PASCUAL BRAVO,1,0.001,99.23,,,,,pendiente_revision
HOSPITAL VISTA HERMOSA,1,0.001,99.23,,,,,pendiente_revision
UNIVERSTITAT AUTONOMA DE BARCELONA,1,0.001,99.23,,,,,pendiente_revision
IED SAN ISIDRO SO,1,0.001,99.24,,,,,pendiente_revision
QUEEN MARY AND WESTFIELD COLLEGE,1,0.001,99.24,,,,,pendiente_revision
TECHNISCHE UNIVERSITAT GRAZ,1,0.001,99.24,,,,,pendiente_revision
DUMIAN MEDICAL SAS,1,0.001,99.24,,,,,pendiente_revision
FEDERACION INTERNACIONAL DE LA CRUZ ROJA Y DE LA MEDIA LUNA ROJA,1,0.001,99.24,,,,,pendiente_revision
COLEGIO INTEGRADO NACIONAL ORIENTE DE CALDAS,1,0.001,99.24,,,,,pendiente_revision
UNIVERSIDAD DE CANTABRIA,1,0.001,99.24,,,,,pendiente_revision
UNIVERSIDAD DE BIELEFELD,1,0.001,99.24,,,,,pendiente_revision
FUNDACION IN JU HUELLAS,1,0.001,99.24,,,,,pendiente_revision
IPS YENNY ZORAYA SALAZAR GOLEMAN,1,0.001,99.24,,,,,pendiente_revision
CORPORACION ARTISTICA POLYMNIA TEATRO,1,0.001,99.25,,,,,pendiente_revision
PROYECTOS Y SOLUCIONES AGROINDUSTRIALES,1,0.001,99.25,,,,,pendiente_revision
LEUPHANA UNIVERSITAT OF LUNEBURG,1,0.001,99.25,,,,,pendiente_revision
CENTRO DE INVESTIGACIONES BIOMEDICAS DEL CENTRO DE DIAGNOSTICO CARDIOLOGICO,1,0.001,99.25,,,,,pendiente_revision
CASTILLO ORGANIZACION,1,0.001,99.25,,,,,pendiente_revision
SECRETARIA DE EDUCACION MUNICIPAL MONTERIA,1,0.001,99.25,,,,,pendiente_revision
PDVSA,1,0.001,99.25,,,,,pendiente_revision
ACOCIB ASOCIACION COLOMBIANA DE OBESIDAD Y CIRUGIA BARIATRICA,1,0.001,99.25,,,,,pendiente_revision
DEPARTAMENTO DEL CAUCA,1,0.001,99.25,,,,,pendiente_revision
MEDISANITAS,1,0.001,99.25,,,,,pendiente_revision
UNIVERSIDADE FEDERAL FLUMINENSE UFF,1,0.001,99.26,,,,,pendiente_revision
CEDIMED S.A.S,1,0.001,99.26,,,,,pendiente_revision
EMORY UNIVERSITY,1,0.001,99.26,,,,,pendiente_revision
VALDOSTA STATE UNIVERSITY,1,0.001,99.26,,,,,pendiente_revision
UNIVERSIDADE FEDERAL DO PARANA,1,0.001,99.26,,,,,pendiente_revision
CORPORACION INTERUNIVERSITARIA DE SERVICIOS,1,0.001,99.26,,,,,pendiente_revision
UNIVERSITY OF BERGEN,1,0.001,99.26,,,,,pendiente_revision
COLEGIO ALMIRANTE PADILLA,1,0.001,99.26,,,,,pendiente_revision
CENTRO DE INVESTIGACION Y EDUCACION POPULAR PROGRAMA POR LA PAZ CINEP (FUNDACION CENTRO DE INVESTIGACION Y EDUCACION POPULAR C I N E P),1,0.001,99.26,,,,,pendiente_revision
WYDEA SAS,1,0.001,99.26,,,,,pendiente_revision
REVISTA COPALA,1,0.001,99.27,,,,,pendiente_revision
POLITECNICO DI TORINO,1,0.001,99.27,,,,,pendiente_revision
CRUZ ROJA COLOMBIANA SECCIONAL CUNDINAMARCA Y BOGOTA D C,1,0.001,99.27,,,,,pendiente_revision
CORPORACION UNIVERSITARIA MINUTO DE DIOS VICERRECTORIA REGIONAL SANTANDERES (CORPORACION UNIVERSITARIA MINUTO DE DIOS UNIMINUTO),1,0.001,99.27,,,,,pendiente_revision
HOSPITAL DE KENNEDY,1,0.001,99.27,,,,,pendiente_revision
CENTRO DE INVESTIGACION Y EDUCACION POPULAR,1,0.001,99.27,,,,,pendiente_revision
PARC SANITARI SANT JOAN DE DEU,1,0.001,99.27,,,,,pendiente_revision
SERVICIO NACIONAL DE APRENDIZAJE SENA REGIONAL SANTA MARTA (SERVICIO NACIONAL DE APRENDIZAJE SENA),1,0.001,99.27,,,,,pendiente_revision
UNIVERSIDAD DISTRITAL DOCTORADO EN INGENIERIA (UNIVERSIDAD DISTRITAL FRANCISCO JOSE DE CALDAS),1,0.001,99.27,,,,,pendiente_revision
CLINICA SAHAGUN IPS SA,1,0.001,99.27,,,,,pendiente_revision
MAX PLANCK INSTITUTE FOR DEMOGRAPHIC RESEARCH,1,0.001,99.28,,,,,pendiente_revision
JUI LI ENTERPRISE CORPORATION,1,0.001,99.28,,,,,pendiente_revision
FUNDACION UNIVERSITARIA CATOLICA DEL SUR,1,0.001,99.28,,,,,pendiente_revision
ECOLE NATIONAL SUPERIEURE DES ARTS DECORATIFS ENSAD,1,0.001,99.28,,,,,pendiente_revision
CHILDREN INTERNATIONAL COLOMBIA,1,0.001,99.28,,,,,pendiente_revision
SYDES SAS,1,0.001,99.28,,,,,pendiente_revision
DBSS INTERNATIONAL SAS,1,0.001,99.28,,,,,pendiente_revision
INSTITUTO DE INVESTIGACIONES AMBIENTALES DEL PACIFICO JOHN VON NEUMANN IIAP,1,0.001,99.28,,,,,pendiente_revision
CORTE CONSTITUCIONAL,1,0.001,99.28,,,,,pendiente_revision
DEFENSORIA DEL PUEBLO DE COLOMBIA,1,0.001,99.28,,,,,pendiente_revision
UNIVERSIDAD NACIONAL DE MISIONES,1,0.001,99.29,,,,,pendiente_revision
SURATEP ADMINISTRADORA DE RIESGOS PROFESIONALES,1,0.001,99.29,,,,,pendiente_revision
CGR BIOTECNOLOGIA EMPRESA,1,0.001,99.29,,,,,pendiente_revision
IMAT INSTITUTO MEDICO DE ALTA TECNOLOGIA ONCOMEDICA S A,1,0.001,99.29,,,,,pendiente_revision
INSTITUCION EDUCATIVA DISTRITAL FRANCISCO ANTONIO ZEA DE USME,1,0.001,99.29,,,,,pendiente_revision
ZOOLOGICO DE BARRANQUILLA,1,0.001,99.29,,,,,pendiente_revision
VICOMTECH,1,0.001,99.29,,,,,pendiente_revision
LEIBNIZ UNIVERSITY HANNOVER,1,0.001,99.29,,,,,pendiente_revision
ENSENA POR COLOMBIA TEACH FOR ALL,1,0.001,99.29,,,,,pendiente_revision
ENGIE LAB CRIGEN,1,0.001,99.29,,,,,pendiente_revision
DUQUEKELLEY AND ASSOCIATES PLLC,1,0.001,99.3,,,,,pendiente_revision
UBILEX CENTRO DE NEGOCIOS SAS,1,0.001,99.3,,,,,pendiente_revision
CLINICA SANTA MARIA,1,0.001,99.3,,,,,pendiente_revision
FUNDACION CULTURAL Y SOCIAL COFRADIA TEATRAL,1,0.001,99.3,,,,,pendiente_revision
SENA REGIONAL MAGDALENA (SERVICIO NACIONAL DE APRENDIZAJE SENA),1,0.001,99.3,,,,,pendiente_revision
UNION DE CIRUJANOS S A S MANIZALES,1,0.001,99.3,,,,,pendiente_revision
CORPORACION AUTONOMA REGIONAL PARA EL DESARROLLO DE CALDAS CORPOCALDAS ANTES CRAMSA,1,0.001,99.3,,,,,pendiente_revision
OLIMPIA MANAGEMENT,1,0.001,99.3,,,,,pendiente_revision
INSTITUCION EDUCATIVA SAGRADO CORAZON DE JESUS,1,0.001,99.3,,,,,pendiente_revision
FUNDACION CENTRO DE ESTIMULACION NIVELACION Y DESARROLLO,1,0.001,99.3,,,,,pendiente_revision
MAXPLANCKINSTITUT FUR AUSLANDISCHES OFFENTLICHES RECHT UND VOLKERRECHT,1,0.001,99.31,,,,,pendiente_revision
SOCIEDAD RUEDA GALOFRE E HIJOS SAS,1,0.001,99.31,,,,,pendiente_revision
IGLESIA CENTRO INTERNACIONAL TABERNACULO DE ADORACION,1,0.001,99.31,,,,,pendiente_revision
MUNICIPIO DE ENVIGADO,1,0.001,99.31,,,,,pendiente_revision
CENTRO LATINOAMERICANO DE NUTRICION CELAN,1,0.001,99.31,,,,,pendiente_revision
ESCUELA SUPERIOR DE EMPRESA INGENIERIA Y TECNOLOGIA,1,0.001,99.31,,,,,pendiente_revision
FUNDACION FACTORIA L EXPLOSE,1,0.001,99.31,,,,,pendiente_revision
UNIVERSIDAD AUTONOMA DE GUERRERO,1,0.001,99.31,,,,,pendiente_revision
LABORATORIOS FARMAVIC SA,1,0.001,99.31,,,,,pendiente_revision
FELICIDADCOM SAS,1,0.001,99.31,,,,,pendiente_revision
MAP CENTRE FOR URBAN HEALTH SOLUTIONS LI KA SHING KNOWLEDGE INSTITUTE,1,0.001,99.32,,,,,pendiente_revision
ASESORIAS ACADEMICAS MILTON OCHOA Y BOGOTA SAS,1,0.001,99.32,,,,,pendiente_revision
BIOVERSITY INTERNATIONAL,1,0.001,99.32,,,,,pendiente_revision
INSTITUTO PROFESIONAL IACC,1,0.001,99.32,,,,,pendiente_revision
WAGENINGEN UNIVERSITY Y RESEARCH,1,0.001,99.32,,,,,pendiente_revision
UNIVERSIDAD CIENTIFICA DEL SUR,1,0.001,99.32,,,,,pendiente_revision
UNIVERSITY OF SOUTH CAROLINA,1,0.001,99.32,,,,,pendiente_revision
ALIANZA DE INVESTIGADORES INTERNACIONALES SAS,1,0.001,99.32,,,,,pendiente_revision
CLINICA COLSUBSIDIO,1,0.001,99.32,,,,,pendiente_revision
FUNDACION ZOOLOGICA DE CALI,1,0.001,99.32,,,,,pendiente_revision
CENTRO DE ORTOPEDIA Y REHABILITACION ORTOVITAL INTEGRAL SAS,1,0.001,99.33,,,,,pendiente_revision
UNIVERSIDAD DE GUANAJUATO CAMPUS IRAPUATOSALAMANCA,1,0.001,99.33,,,,,pendiente_revision
UNIVERSIDAD POLITECNICA DEL BICENTENARIO,1,0.001,99.33,,,,,pendiente_revision
SERVICIOS Y ASESORIAS CONSTRUMEGACOSAS,1,0.001,99.33,,,,,pendiente_revision
