inst_filia_str,n_apariciones,pct,pct_acum
UNIVERSIDAD DE ANTIOQUIA,3669,5.358,5.36
UNIVERSIDAD NACIONAL DE COLOMBIA SEDE BOGOTA (UNIVERSIDAD NACIONAL DE COLOMBIA),3642,5.318,10.68
PONTIFICIA UNIVERSIDAD JAVERIANA,2392,3.493,14.17
UNIVERSIDAD DE LOS ANDES,2071,3.024,17.19
UNIVERSIDAD DEL VALLE,1964,2.868,20.06
UNIVERSIDAD INDUSTRIAL DE SANTANDER,1429,2.087,22.15
UNIVERSIDAD PONTIFICIA BOLIVARIANA,1239,1.809,23.96
COLEGIO MAYOR NUESTRA SENORA DEL ROSARIO,1123,1.64,25.6
FUNDACION UNIVERSIDAD DEL NORTE,1077,1.573,27.17
UNIVERSIDAD DISTRITAL FRANCISCO JOSE DE CALDAS,968,1.414,28.58
UNIVERSIDAD EAFIT,879,1.284,29.87
UNIVERSIDAD PEDAGOGICA Y TECNOLOGICA DE COLOMBIA UPTC SEDE TUNJA (UNIVERSIDAD PEDAGOGICA Y TECNOLOGICA DE COLOMBIA),820,1.197,31.06
UNIVERSIDAD DE CARTAGENA,804,1.174,32.24
UNIVERSIDAD TECNOLOGICA DE PEREIRA,802,1.171,33.41
UNIVERSIDAD DE LA SABANA,777,1.135,34.54
UNIVERSIDAD DE CALDAS,761,1.111,35.66
UNIVERSIDAD EXTERNADO DE COLOMBIA,712,1.04,36.7
UNIVERSIDAD NACIONAL DE COLOMBIA,693,1.012,37.71
UNIVERSIDAD MILITAR NUEVA GRANADA,686,1.002,38.71
UNIVERSIDAD DEL ATLANTICO,678,0.99,39.7
UNIVERSIDAD DE LA SALLE,663,0.968,40.67
UNIVERSIDAD DEL CAUCA,661,0.965,41.63
UNIVERSIDAD EL BOSQUE,640,0.935,42.57
CORPORACION COLOMBIANA DE INVESTIGACION AGROPECUARIA AGROSAVIA,631,0.921,43.49
UNIVERSIDAD SANTO TOMAS,607,0.886,44.38
CORPORACION UNIVERSIDAD DE LA COSTA,597,0.872,45.25
UNIVERSIDAD DEL TOLIMA,572,0.835,46.08
UNIVERSIDAD NACIONAL DE COLOMBIA SEDE MEDELLIN (UNIVERSIDAD NACIONAL DE COLOMBIA),564,0.824,46.91
PONTIFICIA UNIVERSIDAD JAVERIANA PUJ SEDE CALI (PONTIFICIA UNIVERSIDAD JAVERIANA),562,0.821,47.73
UNIVERSIDAD DE CORDOBA,554,0.809,48.54
UNIVERSIDAD DE MEDELLIN,553,0.808,49.34
UNIVERSIDAD COOPERATIVA DE COLOMBIA,546,0.797,50.14
UNIVERSIDAD DEL QUINDIO,526,0.768,50.91
UNIVERSIDAD DEL MAGDALENA,526,0.768,51.68
UNIVERSIDAD LIBRE DE COLOMBIA,520,0.759,52.44
UNIVERSIDAD PEDAGOGICA NACIONAL,517,0.755,53.19
UNIVERSIDAD NACIONAL DE COLOMBIA SEDE MANIZALES (UNIVERSIDAD NACIONAL DE COLOMBIA),508,0.742,53.93
UNIVERSIDAD DE PAMPLONA,503,0.735,54.67
UNIVERSIDAD ICESI,463,0.676,55.34
UNIVERSIDAD DE NARINO,451,0.659,56.0
UNIVERSIDAD JORGE TADEO LOZANO,448,0.654,56.66
UNIVERSIDAD CES,432,0.631,57.29
UNIVERSIDAD SIMON BOLIVAR,432,0.631,57.92
INSTITUTO TECNOLOGICO METROPOLITANO DE MEDELLIN,424,0.619,58.54
UNIVERSIDAD SANTIAGO DE CALI,423,0.618,59.16
UNIVERSIDAD DE LA GUAJIRA,416,0.607,59.76
UNIVERSIDAD AUTONOMA DE BUCARAMANGA,414,0.605,60.37
UNIVERSIDAD FRANCISCO DE PAULA SANTANDER,390,0.57,60.94
UNIVERSIDAD NACIONAL ABIERTA Y A DISTANCIA,388,0.567,61.5
CORPORACION UNIVERSITARIA MINUTO DE DIOS UNIMINUTO,379,0.553,62.06
UNIVERSIDAD SIMON BOLIVAR SEDE BARRANQUILLA Y SEDE CUCUTA (UNIVERSIDAD SIMON BOLIVAR),373,0.545,62.6
UNIVERSIDAD AUTONOMA DE OCCIDENTE,365,0.533,63.14
UNIVERSIDAD SERGIO ARBOLEDA,340,0.496,63.63
UNIVERSIDAD CATOLICA DE COLOMBIA,336,0.491,64.12
UNIVERSIDAD SURCOLOMBIANA,336,0.491,64.61
UNIVERSIDAD AUTONOMA DEL CARIBE,309,0.451,65.06
UNIVERSIDAD NACIONAL DE COLOMBIA SEDE PALMIRA (UNIVERSIDAD NACIONAL DE COLOMBIA),291,0.425,65.49
UNIVERSIDAD CATOLICA LUIS AMIGO,272,0.397,65.89
INSTITUTO NACIONAL DE SALUD,261,0.381,66.27
UNIVERSIDAD DE SUCRE,259,0.378,66.65
UNIVERSIDAD SANTO TOMAS SECCIONAL BUCARAMANGA (UNIVERSIDAD SANTO TOMAS),259,0.378,67.02
UNIVERSIDAD DE SAN BUENAVENTURA CALI (UNIVERSIDAD DE SAN BUENAVENTURA),258,0.377,67.4
UNIVERSIDAD AUTONOMA DE MANIZALES,254,0.371,67.77
CORPORACION UNIVERSITARIA AMERICANA,254,0.371,68.14
UNIVERSIDAD ANTONIO NARINO SEDE BOGOTA U A N (UNIVERSIDAD ANTONIO NARINO),247,0.361,68.5
UNIVERSIDAD DE MANIZALES UMANIZALES,237,0.346,68.85
UNIVERSIDAD DE SAN BUENAVENTURA SEDE MEDELLIN (UNIVERSIDAD DE SAN BUENAVENTURA),236,0.345,69.19
UNIVERSIDAD ANTONIO NARINO,236,0.345,69.54
SERVICIO NACIONAL DE APRENDIZAJE SENA,230,0.336,69.88
UNIVERSIDAD MANUELA BELTRAN,225,0.329,70.2
FUNDACION UNIVERSITARIA DE CIENCIAS DE LA SALUD FUCS,221,0.323,70.53
UNIVERSIDAD PONTIFICIA BOLIVARIANA SECCIONAL BUCARAMANGA (UNIVERSIDAD PONTIFICIA BOLIVARIANA),218,0.318,70.85
UNIVERSIDAD DE LOS LLANOS,218,0.318,71.16
UNIVERSIDAD EAN,216,0.315,71.48
UNIVERSIDAD DE LA AMAZONIA,208,0.304,71.78
UNIVERSIDAD DE SANTANDER,205,0.299,72.08
UNIVERSIDAD PEDAGOGICA Y TECNOLOGICA DE COLOMBIA,204,0.298,72.38
UNIVERSIDAD POPULAR DEL CESAR,201,0.294,72.67
UNIVERSIDAD DE BOYACA,199,0.291,72.96
UNIVERSIDAD TECNOLOGICA DE BOLIVAR,198,0.289,73.25
POLITECNICO COLOMBIANO JAIME ISAZA CADAVID,196,0.286,73.54
UNIDADES TECNOLOGICAS DE SANTANDER,195,0.285,73.82
CORPORACION UNIVERSITARIA DEL CARIBE CECAR,192,0.28,74.1
UNIVERSIDAD DE SAN BUENAVENTURA SEDE BOGOTA (UNIVERSIDAD DE SAN BUENAVENTURA),186,0.272,74.38
UNIVERSIDAD DE CIENCIAS APLICADAS Y AMBIENTALES U D C A,179,0.261,74.64
FUNDACION UNIVERSITARIA DEL AREA ANDINA,177,0.258,74.9
UNIVERSIDAD CENTRAL,173,0.253,75.15
UNIVERSIDAD MARIANA UNIMAR,173,0.253,75.4
FUNDACION SANTA FE DE BOGOTA,168,0.245,75.65
TECNOLOGICO DE ANTIOQUIA INSTITUCION UNIVERSITARIA,166,0.242,75.89
CORPORACION UNIVERSITARIA LASALLISTA,165,0.241,76.13
UNIVERSIDAD DEL SINU ELIAS BECHARA ZAINUM,165,0.241,76.37
UNIVERSIDAD EIA,148,0.216,76.59
INSTITUTO DE INVESTIGACION DE RECURSOS BIOLOGICOS ALEXANDER VON HUMBOLDT,147,0.215,76.8
FUNDACION UNIVERSITARIA LOS LIBERTADORES,146,0.213,77.01
CORPORACION UNIVERSIDAD PILOTO DE COLOMBIA,146,0.213,77.23
FUNDACION UNIVERSITARIA KONRAD LORENZ,145,0.212,77.44
UNIVERSIDAD DE IBAGUE,144,0.21,77.65
UNIVERSIDAD CATOLICA DE ORIENTE,144,0.21,77.86
INSTITUTO NACIONAL DE CANCEROLOGIA ESE,143,0.209,78.07
UNIVERSIDAD CATOLICA DE PEREIRA,142,0.207,78.28
UNIVERSIDAD CATOLICA DE MANIZALES,139,0.203,78.48
UNIVERSIDAD SAN BUENAVENTURA CARTAGENA (UNIVERSIDAD DE SAN BUENAVENTURA),138,0.202,78.68
INSTITUTO DE INVESTIGACIONES MARINAS Y COSTERAS JOSE BENITO VIVES DE ANDREIS INVEMAR,133,0.194,78.87
UNIVERSIDAD COLEGIO MAYOR DE CUNDINAMARCA,133,0.194,79.07
ESCUELA COLOMBIANA DE INGENIERIA JULIO GARAVITO,132,0.193,79.26
FUNDACION CARDIOINFANTIL INSTITUTO DE CARDIOLOGIA,128,0.187,79.45
INSTITUCION UNIVERSITARIA PASCUAL BRAVO,127,0.185,79.63
FUNDACION UNIVERSITARIA TECNOLOGICO COMFENALCO CARTAGENA,127,0.185,79.82
UNIVERSIDAD AUTONOMA DE COLOMBIA,126,0.184,80.0
UNIVERSIDAD DE CUNDINAMARCA,126,0.184,80.19
INSTITUCION UNIVERSITARIA POLITECNICO GRANCOLOMBIANO,123,0.18,80.37
CORPORACION UNIVERSITARIA REMINGTON,122,0.178,80.54
HOSPITAL UNIVERSITARIO SAN IGNACIO,120,0.175,80.72
UNIVERSIDAD ECCI,119,0.174,80.89
UNIVERSIDAD SANTO TOMAS SECCIONAL TUNJA (UNIVERSIDAD SANTO TOMAS),119,0.174,81.07
INSTITUCION UNIVERSITARIA ITSA,119,0.174,81.24
CORPORACION UNIVERSITARIA RAFAEL NUNEZ,118,0.172,81.41
FUNDACION VALLE DEL LILI,117,0.171,81.58
UNIVERSIDAD METROPOLITANA,117,0.171,81.76
UNIVERSIDAD FRANCISCO DE PAULA SANTANDER OCANA,116,0.169,81.92
UNIVERSIDAD AUTONOMA LATINOAMERICANA UNAULA,115,0.168,82.09
UNIVERSIDAD EL BOSQUE ESCUELA COLOMBIANA DE MEDICINA (UNIVERSIDAD EL BOSQUE),106,0.155,82.25
INSTITUTO AMAZONICO DE INVESTIGACIONES CIENTIFICAS SINCHI,106,0.155,82.4
UNIVERSIDAD SIMON BOLIVAR SEDE CUCUTA (UNIVERSIDAD SIMON BOLIVAR),102,0.149,82.55
FUNDACION CARDIOVASCULAR DE COLOMBIA FLORIDABLANCA,100,0.146,82.7
FUNDACION UNIVERSITARIA JUAN DE CASTELLANOS,100,0.146,82.84
UNIVERSIDAD TECNOLOGICA DEL CHOCO DIEGO LUIS CORDOBA,94,0.137,82.98
UNIVERSIDAD CESMAG,92,0.134,83.12
CORPORACION UNIVERSIDAD DE INVESTIGACION Y DESARROLLO,89,0.13,83.24
FEDERACION NACIONAL DE CAFETEROS DE COLOMBIA CENTRO NACIONAL DE INVESTIGACIONES DE CAFE CENICAFE,86,0.126,83.37
HOSPITAL PABLO TOBON URIBE,85,0.124,83.49
SERVICIO GEOLOGICO COLOMBIANO,83,0.121,83.62
FUNDACION UNIVERSITARIA AGRARIA DE COLOMBIA,79,0.115,83.73
CORPORACION PARA INVESTIGACIONES BIOLOGICAS,75,0.11,83.84
MINISTERIO DE EDUCACION NACIONAL MINEDUCACION,71,0.104,83.94
HOSPITAL MILITAR CENTRAL,71,0.104,84.05
FUNDACION UNIVERSIDAD DE AMERICA,71,0.104,84.15
CORPORACION UNIVERSITARIA REPUBLICANA,69,0.101,84.25
FUNDACION UNIVERSITARIA MARIA CANO,69,0.101,84.35
INSTITUCION UNIVERSITARIA DE ENVIGADO,69,0.101,84.46
UNIVERSIDAD SANTO TOMAS DE AQUINO SEDE BOGOTA USTA (UNIVERSIDAD SANTO TOMAS),68,0.099,84.55
UNIVERSIDAD PONTIFICIA BOLIVARIANA SECCIONAL MONTERIA (UNIVERSIDAD PONTIFICIA BOLIVARIANA),68,0.099,84.65
CENTRO INTERNACIONAL DE AGRICULTURA TROPICAL,67,0.098,84.75
UNIVERSIDAD LA GRAN COLOMBIA,67,0.098,84.85
UNIVERSIDAD DEL ROSARIO (COLEGIO MAYOR NUESTRA SENORA DEL ROSARIO),67,0.098,84.95
UNIVERSIDAD DEL SINU SECCIONAL CARTAGENA (UNIVERSIDAD DEL SINU ELIAS BECHARA ZAINUM),66,0.096,85.04
ESCUELA NACIONAL DEL DEPORTE,65,0.095,85.14
CORPORACION CENTRO DE INVESTIGACION EN PALMA DE ACEITE,64,0.093,85.23
UNIVERSITARIA AGUSTINIANA,64,0.093,85.32
UNIVERSIDAD LA GRAN COLOMBIA SECCIONAL ARMENIA (UNIVERSIDAD LA GRAN COLOMBIA),63,0.092,85.42
INSTITUTO UNIVERSITARIO DE LA PAZ INUPAZ,61,0.089,85.51
MINISTERIO DE CIENCIA TECNOLOGIA E INNOVACION,60,0.088,85.59
DIRECCION NACIONAL DE ESCUELAS POLICIA NACIONAL DE COLOMBIA,58,0.085,85.68
INSTITUCION UNIVERSITARIA COLEGIO MAYOR DE ANTIOQUIA,58,0.085,85.76
INSTITUTO COLOMBIANO DEL PETROLEO (ECOPETROL S A),56,0.082,85.85
UNIVERSIDAD DE SAN BUENAVENTURA,55,0.08,85.93
CORPORACION UNIFICADA DE EDUCACION SUPERIOR CUN,54,0.079,86.0
CORPORACION CENTRO INTERNACIONAL DE ENTRENAMIENTO E INVESTIGACIONES MEDICAS CIDEIM,52,0.076,86.08
FUNDACION UNIVERSITARIA SAN MARTIN,52,0.076,86.16
FUNDACION CENTRO INTERNACIONAL DE EDUCACION Y DESARROLLO HUMANO CINDE,51,0.074,86.23
ESCUELA NAVAL DE CADETES ALMIRANTE PADILLA,51,0.074,86.3
UNIVERSIDAD PEDAGOGICA Y TECNOLOGICA DE COLOMBIA - UPTC - SEDE TUNJA (UNIVERSIDAD PEDAGOGICA Y TECNOLOGICA DE COLOMBIA),51,0.074,86.38
FUNDACION UNIVERSITARIA SANITAS,50,0.073,86.45
FUNDACION INSTITUTO DE INMUNOLOGIA DE COLOMBIA,49,0.072,86.52
CORPORACION UNIVERSITARIA ADVENTISTA,49,0.072,86.6
FUNDACION UNIVERSITARIA AUTONOMA DE LAS AMERICAS,48,0.07,86.67
UNIDAD CENTRAL DEL VALLE DEL CAUCA,48,0.07,86.74
CENTRO DE INVESTIGACION DE LA CANA DE AZUCAR DE COLOMBIA,47,0.069,86.8
UNIVERSIDAD DE SANTANDER CAMPUS BUCARAMANGA (UNIVERSIDAD DE SANTANDER),47,0.069,86.87
COLEGIO DE ESTUDIOS SUPERIORES DE ADMINISTRACION CESA,47,0.069,86.94
UNIVERSIDAD NACIONAL DE COLOMBIA SEDE AMAZONIA (UNIVERSIDAD NACIONAL DE COLOMBIA),46,0.067,87.01
FUNDACION HOSPITALARIA SAN VICENTE DE PAUL,46,0.067,87.08
ESCUELA SUPERIOR DE ADMINISTRACION PUBLICA,45,0.066,87.14
INSTITUTO CARO Y CUERVO,45,0.066,87.21
INSTITUCION UNIVERSITARIA ANTONIO JOSE CAMACHO,45,0.066,87.27
INSTITUCION UNIVERSITARIA ESUMER,44,0.064,87.34
CONSEJO SUPERIOR DE INVESTIGACIONES CIENTIFICAS CSIC,44,0.064,87.4
FUNDACION UNIVERSITARIA DE SAN GIL UNISANGIL,44,0.064,87.47
FUNDACION UNIVERSITARIA DE POPAYAN,44,0.064,87.53
UNIVERSIDAD DE SAO PABLO,42,0.061,87.59
FUNDACION UNIVERSITARIA JUAN N CORPAS,42,0.061,87.65
UNIVERSIDAD SERGIO ARBOLEDA SEDE SANTA MARTA (UNIVERSIDAD SERGIO ARBOLEDA),42,0.061,87.71
UNIVERSIDAD PEDAGOGICA Y TECNOLOGICA DE COLOMBIA UPTC,42,0.061,87.77
INSTITUCION UNIVERSITARIA COLEGIOS DE COLOMBIA UNICOC ANTES COLEGIO ODONTOLOGICO COLOMBIANO,41,0.06,87.83
CORPORACION UNIVERSITARIA AUTONOMA DEL CAUCA,41,0.06,87.89
CORPORACION UNIVERSITARIA LATINOAMERICANA,41,0.06,87.95
UNIVERSIDAD SANTO TOMAS VILLAVICENCIO (UNIVERSIDAD SANTO TOMAS),40,0.058,88.01
UNIVERSIDAD LA GRAN COLOMBIA SEDE BOGOTA (UNIVERSIDAD LA GRAN COLOMBIA),39,0.057,88.07
UNIVERSIDAD DEL VALLE SEDE CALI (UNIVERSIDAD DEL VALLE),38,0.055,88.12
SECRETARIA DISTRITAL DE SALUD DE BOGOTA (ALCALDIA MAYOR DE BOGOTA),37,0.054,88.18
FEDERACION NACIONAL DE CAFETEROS DE COLOMBIA FEDECAFE (FEDERACION NACIONAL DE CAFETEROS DE COLOMBIA CENTRO NACIONAL DE INVESTIGACIONES DE CAFE CENICAFE),36,0.053,88.23
SUMICOL SAS,36,0.053,88.28
FUNDACION NEUMOLOGICA COLOMBIANA,36,0.053,88.34
FUNDACION UNIVERSITARIA SAN MATEO EDUCACION SUPERIOR,36,0.053,88.39
FUNDACION UNIVERSITARIA COLOMBO INTERNACIONAL,35,0.051,88.44
CORPORACION UNIVERSITARIA DEL META,34,0.05,88.49
FUNDACION UNIVERSITARIA CEIPA,34,0.05,88.54
CORPORACION PARA LA INVESTIGACION DE LA CORROSION,33,0.048,88.59
INSTITUTO DE CAPACITACION E INVESTIGACION DEL PLASTICO Y DEL CAUCHO ICIPC,32,0.047,88.64
CLINICA UNIVERSITARIA BOLIVARIANA UNIVERSIDAD PONTIFICIA BOLIVARIANA (UNIVERSIDAD PONTIFICIA BOLIVARIANA),32,0.047,88.68
FUNDACION OFTALMOLOGICA DE SANTANDER,32,0.047,88.73
INSTITUTO COLOMBIANO DE ANTROPOLOGIA E HISTORIA ICANH,31,0.045,88.78
ESCUELA SUPERIOR DE GUERRA,31,0.045,88.82
CORPORACION POLITECNICO DE LA COSTA ATLANTICA,31,0.045,88.87
ESCUELA SUPERIOR DE ADMINISTRACION PUBLICA ESAP SEDE BOGOTA (ESCUELA SUPERIOR DE ADMINISTRACION PUBLICA),30,0.044,88.91
FUNDACION UNIVERSIDAD INCCA DE COLOMBIA,30,0.044,88.95
CORPORACION UNIVERSITARIA DEL HUILA,30,0.044,89.0
CORPORACION UNIVERSITARIA SANTA ROSA DE CABAL UNISARC,30,0.044,89.04
CENTRO PARA LA INVESTIGACION EN SISTEMAS SOSTENIBLES DE PRODUCCION AGROPECUARIA CIPAV,29,0.042,89.08
FUNDACION INSTITUTO NEUROLOGICO DE COLOMBIA,29,0.042,89.13
INSTITUTO NACIONAL DE METROLOGIA INM,29,0.042,89.17
FUNDACION UNIVERSIDAD JORGE TADEO LOZANO SANTA MARTA (UNIVERSIDAD JORGE TADEO LOZANO),28,0.041,89.21
CORPORACION UNIVERSITARIA COMFACAUCA UNICOMFACAUCA,28,0.041,89.25
EMPRESA SOCIAL DEL ESTADO CENTRO DERMATOLOGICO FEDERICO LLERAS ACOSTA,27,0.039,89.29
UNIVERSIDAD PEDAGOGICA Y TECNOLOGICA DE COLOMBIA UPTC SEDE DUITAMA (UNIVERSIDAD PEDAGOGICA Y TECNOLOGICA DE COLOMBIA),27,0.039,89.33
SERVICIO NACIONAL DE APRENDIZAJE SENA SEDE CALI (SERVICIO NACIONAL DE APRENDIZAJE SENA),26,0.038,89.37
CENTRO MEDICO IMBANACO DE CALI SA,26,0.038,89.4
FUNDACION UNIVERSITARIA NAVARRA UNINAVARRA,26,0.038,89.44
INSTITUTO TECNOLOGICO METROPOLITANO ITM,26,0.038,89.48
INSTITUTO COLOMBIANO DE MEDICINA TROPICAL UNIVERSIDAD CES,25,0.037,89.52
FUNDACION ERIGAIE,25,0.037,89.55
CORPORACION UNIVERSITARIA DE SABANETA,25,0.037,89.59
COMPANIA NACIONAL DE LEVADURAS LEVAPAN SA,25,0.037,89.63
UNIVERSIDAD MANUELA BELTRAN SECCIONAL BUCARAMANGA (UNIVERSIDAD MANUELA BELTRAN),25,0.037,89.66
CORPORACION VIDARIUM CENTRO DE INVESTIGACION EN NUTRICION SALUD Y BIENESTAR,24,0.035,89.7
FUNDACION TECNOLOGICA ANTONIO DE AREVALO TECNAR,24,0.035,89.73
FUNDACION CATOLICA LUMEN GENTIUM,24,0.035,89.77
SOCIEDAD DE CIRUGIA DE BOGOTA HOSPITAL DE SAN JOSE,24,0.035,89.8
HOSPITAL UNIVERSITARIO DE LA SAMARITANA H U S,24,0.035,89.84
FUNDACION ABOOD SHAIO EN RESTRUCTURACION,24,0.035,89.87
UNIVERSIDAD MARIANA (UNIVERSIDAD MARIANA UNIMAR),24,0.035,89.91
INDUSTRIA DE ALIMENTOS ZENU SAS,23,0.034,89.94
CORPORACION UNIVERSITARIA EMPRESARIAL ALEXANDER VON HUMBOLDT,23,0.034,89.98
CORPORACION UNIVERSITARIA CENTRO SUPERIOR,23,0.034,90.01
JARDIN BOTANICO DE BOGOTA JOSE CELESTINO MUTIS,23,0.034,90.05
CORPORACION CORPOGEN,22,0.032,90.08
UNIVERSIDADE ESTADUAL PAULISTA JULIO DE MESQUITA FILHO,22,0.032,90.11
UNIVERSIDAD DEL PACIFICO,22,0.032,90.14
UNIVERSIDAD ANTONIO NARINO TUNJA (UNIVERSIDAD ANTONIO NARINO),22,0.032,90.17
CORPORACION UNIVERSITARIA IBEROAMERICANA,22,0.032,90.21
UNIVERSIDAD PONTIFICIA BOLIVARIANA SEDE PALMIRA (UNIVERSIDAD PONTIFICIA BOLIVARIANA),22,0.032,90.24
CORPORACION UNIVERSITARIA DE CIENCIAS EMPRESARIALES EDUCACION Y SALUD,22,0.032,90.27
SERVICIO NACIONAL DE APRENDIZAJE SENA REGIONAL ATLANTICO (SERVICIO NACIONAL DE APRENDIZAJE SENA),22,0.032,90.3
INSTITUTO GEOGRAFICO AGUSTIN CODAZZI,21,0.031,90.33
INSTITUCION UNIVERSITARIA SALAZAR Y HERRERA,21,0.031,90.36
FUNDACION HOSPITAL DE LA MISERICORDIA,21,0.031,90.39
FUNDACION INSTITUTO DE ALTA TECNOLOGIA MEDICA DE ANTIOQUIA IATM,21,0.031,90.43
CORPORACION UNIVERSITARIA DE CIENCIA Y DESARROLLO UNICIENCIA,21,0.031,90.46
FUNDACION UNIVERSITARIA COMPENSAR,21,0.031,90.49
PONTIFICIA UNIVERSIDAD JAVERIANA SEDE BOGOTA (PONTIFICIA UNIVERSIDAD JAVERIANA),21,0.031,90.52
UNIVERSIDAD DEL NORTE,21,0.031,90.55
CORPORACION UNIVERSITARIA REFORMADA,20,0.029,90.58
CORPORACION DE LUCHA CONTRA EL SIDA,20,0.029,90.61
INSTITUTO NACIONAL DE MEDICINA LEGAL Y CIENCIAS FORENSES,19,0.028,90.64
CORPORACION EDUCATIVA MAYOR DEL DESARROLLO SIMON BOLIVAR (UNIVERSIDAD SIMON BOLIVAR),19,0.028,90.66
ALPINA PRODUCTOS ALIMENTICIOS SA,19,0.028,90.69
ANHIDRIDOS Y DERIVADOS DE COLOMBIA,19,0.028,90.72
FUNDACION UNIVERSITARIA CAFAM,19,0.028,90.75
UNIVERSIDAD DE CHILE,19,0.028,90.78
CORPORACION UNIVERSITARIA ANTONIO JOSE DE SUCRE,19,0.028,90.8
UNIVERSIDAD LIBRE SECCIONAL CALI (UNIVERSIDAD LIBRE DE COLOMBIA),19,0.028,90.83
UNIVERSIDAD DE LA COSTA CUC,19,0.028,90.86
CIDET,18,0.026,90.89
ICONTEC INTERNACIONAL,18,0.026,90.91
INSTITUTO DE CANCEROLOGIA S A,18,0.026,90.94
CENTRO DE BIOINFORMATICA Y BIOLOGIA COMPUTACIONAL DE COLOMBIA,18,0.026,90.96
SERVICIO NACIONAL DE APRENDIZAJESENA (SERVICIO NACIONAL DE APRENDIZAJE SENA),18,0.026,90.99
UNIVERSIDAD DE LA COSTA (CORPORACION UNIVERSIDAD DE LA COSTA),18,0.026,91.02
UNIVERSIDAD AUTONOMA DE MADRID,17,0.025,91.04
FUNDACION CENTRO DE INVESTIGACION Y EDUCACION POPULAR C I N E P,17,0.025,91.07
ESCUELA MILITAR DE CADETES GENERAL JOSE MARIA CORDOVA,17,0.025,91.09
INSTITUTO DEPARTAMENTAL DE BELLAS ARTES,17,0.025,91.12
HOSPITAL UNIVERSITARIO DEL VALLE EVARISTO GARCIA E S E,17,0.025,91.14
CLINICA COLSANITAS S A,17,0.025,91.17
FUNDACION CENTRO INTERNACIONAL DE VACUNAS,17,0.025,91.19
ESCUELA COLOMBIANA DE REHABILITACION E C R,17,0.025,91.22
INSTITUCION UNIVERSITARIA BELLAS ARTES Y CIENCIAS DE BOLIVAR,17,0.025,91.24
CORPORACION DE ALTA TECNOLOGIA PARA LA DEFENSA,17,0.025,91.27
INSTITUTO TECNOLOGICO METROPOLITANO,17,0.025,91.29
FUNDACION INTAL,16,0.023,91.31
UNIVERSIDAD DE SANTANDER CAMPUS VALLEDUPAR (UNIVERSIDAD DE SANTANDER),16,0.023,91.34
SOCIEDAD COLOMBIANA DE ANESTESIOLOGIA Y REANIMACION S C A R E,16,0.023,91.36
FUNDACION SALUTIA CENTRO DE ESTUDIOS INNOVACION E INVESTIGACIONES EN SALUD,16,0.023,91.38
FUNDACION UNIVERSITARIA CATOLICA DEL NORTE,16,0.023,91.41
INSTITUTO DE EVALUACION TECNOLOGICA EN SALUD,16,0.023,91.43
PROMIGAS S A E S P,16,0.023,91.45
COLEGIO MAYOR DEL CAUCA INSTITUCION UNIVERSITARIA,16,0.023,91.48
INSTITUTO TOLIMENSE DE FORMACION TECNICA PROFESIONAL ITFIP,16,0.023,91.5
UNIVERSIDAD DE BARCELONA,15,0.022,91.52
UNIVERSIDAD AUTONOMA DE OCCIDENTE SEDE VALLE DEL LILI (UNIVERSIDAD AUTONOMA DE OCCIDENTE),15,0.022,91.54
CENTRO PARA LA FORMACION CAFETERA SENA REGIONAL CALDAS (SERVICIO NACIONAL DE APRENDIZAJE SENA),15,0.022,91.56
UNIVERSIDAD NACIONAL DE COLOMBIA SEDE SAN ANDRES (UNIVERSIDAD NACIONAL DE COLOMBIA),15,0.022,91.59
CORPORACION UNIVERSITARIA AUTONOMA DE NARINO,15,0.022,91.61
UNIVERSIDAD DE SEVILLA,15,0.022,91.63
OBSERVATORIO COLOMBIANO DE CIENCIA Y TECNOLOGIA OCYT,15,0.022,91.65
FUNDACION UNIVERSITARIA SEMINARIO BIBLICO DE COLOMBIA,15,0.022,91.67
CORPORACION UNIVERSITARIA DE ASTURIAS,15,0.022,91.7
INSTITUTO DE CIENCIAS NATURALES U NACIONAL (UNIVERSIDAD NACIONAL DE COLOMBIA),15,0.022,91.72
CENTRO DE INVESTIGACIONES OCEANOGRAFICAS E HIDROGRAFICAS CIOH,14,0.02,91.74
UNIVERSIDAD DE BUENOS AIRES,14,0.02,91.76
ALCALDIA DE MEDELLIN,14,0.02,91.78
CORPORACION DE CIENCIA Y TECNOLOGIA PARA EL DESARROLLO DE LA INDUSTRIA NAVAL MARITIMA Y FLUVIAL COTECMAR,14,0.02,91.8
UNIVERSIDAD DE BOGOTA JORGE TADEO LOZANO SECCIONAL DEL CARIBE (UNIVERSIDAD JORGE TADEO LOZANO),14,0.02,91.82
PROCURADURIA GENERAL DE LA NACION,14,0.02,91.84
UNIVERSIDADE ESTADUAL DE CAMPINAS,14,0.02,91.86
FUERZA AEREA COLOMBIANA,14,0.02,91.88
FUNDACION UNIVERSITARIA EMPRESARIAL DE LA CAMARA DE COMERCIO DE BOGOTA UNIEMPRESARIAL,14,0.02,91.9
CENTRO DE CONTROL DE CANCER LTDA,14,0.02,91.92
HOSPITAL GENERAL DE MEDELLIN LUZ CASTRO DE GUTIERREZ ESE,14,0.02,91.94
FUNDACION UNIVERSITARIA MONSERRATE,14,0.02,91.96
UNIVERSIDAD DE SANTANDER CAMPUS CUCUTA (UNIVERSIDAD DE SANTANDER),14,0.02,91.98
ESCUELA TECNOLOGICA INSTITUTO TECNICO CENTRAL,14,0.02,92.0
UNIVERSIDAD DE ANTIOQUIA SEDE CARMEN DE VIBORAL (UNIVERSIDAD DE ANTIOQUIA),13,0.019,92.02
CENTRO INTERNACIONAL DE FISICA CIF,13,0.019,92.04
CENTRO REGIONAL DE GESTION PARA LA PRODUCTIVIDAD Y LA INNOVACION DE BOYACA CREPIB,13,0.019,92.06
FUNDACION OFTALMOLOGICA NACIONAL,13,0.019,92.07
CENTRO DE INVESTIGACION Y DESARROLLO TECNOLOGICO DE LA INDUSTRIA ELECTRO ELECTRONICA Y TIC,13,0.019,92.09
CAJA DE COMPENSACION FAMILIAR DE RISARALDA,13,0.019,92.11
SERVICIO NACIONAL DE APRENDIZAJE REGIONAL ANTIOQUIA (SERVICIO NACIONAL DE APRENDIZAJE SENA),13,0.019,92.13
ESCUELA DE ADMINISTRACION Y MERCADOTECNIA DEL QUINDIO,13,0.019,92.15
PURDUE UNIVERSITY,13,0.019,92.17
HOSPITAL SIMON BOLIVAR III NIVEL E S E,13,0.019,92.19
ORGANIZACION SANITAS INTERNACIONAL,13,0.019,92.21
UNIVERSIDAD NACIONAL DE COLOMBIA SEDE CARIBE (UNIVERSIDAD NACIONAL DE COLOMBIA),13,0.019,92.23
OBSERVATORIO DEL CARIBE COLOMBIANO,13,0.019,92.25
CORPORACION UNIVERSITARIA UNITEC,13,0.019,92.26
INSTITUTO PARA LA EVALUACION DE LA CALIDAD Y ATENCION EN SALUD IECAS,13,0.019,92.28
ECOPETROL S A,13,0.019,92.3
COLEGIATURA COLOMBIANA INSTITUCION UNIVERSITARIA,13,0.019,92.32
COLOMBIANA DE TRASPLANTES,13,0.019,92.34
VEDAS CORPORACION DE INVESTIGACION E INNOVACION,13,0.019,92.36
CENTRO DE INVESTIGACION Y DE ESTUDIOS AVANZADOS DEL IPN,12,0.018,92.38
UNIVERSIDAD CARLOS III DE MADRID,12,0.018,92.4
INSTITUTO COLOMBIANO PARA LA EVALUACION DE LA EDUCACION,12,0.018,92.41
INSTITUTO DE INVESTIGACIONES AMBIENTALES DEL PACIFICO,12,0.018,92.43
UNIVERSIDAD ANTONIO NARINO POPAYAN (UNIVERSIDAD ANTONIO NARINO),12,0.018,92.45
HOSPITAL DEPARTAMENTAL UNIVERSITARIO DEL QUINDIO SAN JUAN DE DIOS,12,0.018,92.47
ASOCIACION COLOMBIANA PARA EL AVANCE DE LA CIENCIA ACAC,12,0.018,92.49
INSTITUCION PRESTADORA DE SERVICIOS DE SALUD UNIVERSIDAD DE ANTIOQUIA I P S UNIVERSITARIA,12,0.018,92.5
FUND COLOMBIANA PARA LA INVESTIGACION Y CONSERVACION DE TIBURONES Y RAYAS,12,0.018,92.52
CLINICA DE OFTALMOLOGIA DE CALI S A,12,0.018,92.54
FUNDACION UNIVERSITARIA UNITROPICO SEDE YOPAL,12,0.018,92.56
CEMENTOS ARGOS SA,12,0.018,92.58
UNIVERSIDAD COOPERATIVA DE COLOMBIA BUCARAMANGA (UNIVERSIDAD COOPERATIVA DE COLOMBIA),12,0.018,92.59
INSTITUTO DE INVESTIGACIONES INMUNOLOGICAS DE LA UNIVERSIDAD DE CARTAGENA,12,0.018,92.61
UNIVERSIDAD COMPLUTENSE DE MADRID,11,0.016,92.63
CORPORACION REGION,11,0.016,92.64
ESCUELA DE ADMINISTRACION DE NEGOCIOS E A N (UNIVERSIDAD EAN),11,0.016,92.66
ESCUELA MILITAR DE AVIACION MARCO FIDEL SUAREZ EMAVI,11,0.016,92.68
CLINICA MEDELLIN,11,0.016,92.69
FUNDACION UNIVERSITARIA CIEO UNICIEO,11,0.016,92.71
FUNDACION OMACHA 6502,11,0.016,92.72
CORPORACION GEOLOGICA ARES,11,0.016,92.74
UNIVERSIDAD ANTONIO NARINO BARRANQUILLA (UNIVERSIDAD ANTONIO NARINO),11,0.016,92.76
NEW STETIC S A,11,0.016,92.77
CLINICA OFTALMOLOGICA DEL CARIBE SAS,11,0.016,92.79
FUNDACION DE ESTUDIOS SUPERIORES COMFANORTE,11,0.016,92.8
UNIVERSIDAD NACIONAL AUTONOMA DE MEXICO,11,0.016,92.82
UNIVERSIDAD DEL VALLE SEDE PALMIRA (UNIVERSIDAD DEL VALLE),10,0.015,92.83
UNIVERSIDAD ANTONIO NARINO BUCARAMANGA (UNIVERSIDAD ANTONIO NARINO),10,0.015,92.85
KAROLINSKA INSTITUTET,10,0.015,92.86
CORPORACION INSTITUTO LATINOAMERICANO DE ALTOS ESTUDIOS,10,0.015,92.88
UNIVERSIDAD SANTO TOMAS MEDELLIN (UNIVERSIDAD SANTO TOMAS),10,0.015,92.89
SERVICIO NACIONAL DE APRENDIZAJE SENA SEDE MOSQUERA (SERVICIO NACIONAL DE APRENDIZAJE SENA),10,0.015,92.91
COMPANIA NACIONAL DE CHOCOLATES SAS,10,0.015,92.92
INSTITUTO COLOMBIANO DE NEUROPEDAGOGIA,10,0.015,92.94
SELVA INVESTIGACION PARA LA CONSERVACION EN EL NEOTROPICO,10,0.015,92.95
HOSPITAL UNIVERSITARIO CLINICA SAN RAFAEL,10,0.015,92.97
PROYECTO DE CONSERVACION DE AGUAS Y TIERRAS,10,0.015,92.98
FUNDACION CENTRO DE INVESTIGACION EN MODELACION EMPRESARIAL DEL CARIBE,10,0.015,93.0
SERVICIO NACIONAL DE APRENDIZAJE SENA REGIONAL GUAJIRA (SERVICIO NACIONAL DE APRENDIZAJE SENA),10,0.015,93.01
CORPORACION ESCUELA DE ARTES Y LETRAS INSTITUCION UNIVERSITARIA,10,0.015,93.03
DISTRITO ESPECIAL INDUSTRIAL Y PORTUARIO DE BARRANQUILLA (ALCALDIA DISTRITAL DE BARRANQUILLA),10,0.015,93.04
FUNDACION IDEAL PARA LA REHABILITACION INTEGRAL JULIO H CALONJE,10,0.015,93.06
EJERCITO NACIONAL DE COLOMBIA DIRECCION DE SANIDAD,10,0.015,93.07
POLICIA NACIONAL DE COLOMBIA,10,0.015,93.09
ESCUELA SUPERIOR DE ADMINISTRACION PUBLICA ESAP,10,0.015,93.1
CLINICA LAS AMERICAS,10,0.015,93.12
CENTRO CARDIOVASCULAR COLOMBIANO CLINICA SANTA MARIA,10,0.015,93.13
FUNDACION PARA LA EDUCACION SUPERIOR Y EL DESARROLLO FEDESARROLLO,9,0.013,93.15
ASOCIACION DE BANANEROS DE COLOMBIA (CENTRO DE INVESTIGACIONES DEL BANANO CENIBANANO),9,0.013,93.16
HARVARD UNIVERSITY,9,0.013,93.17
CENTRO NACIONAL DE CONSULTORIA,9,0.013,93.19
INSTITUTO PARA LA INVESTIGACION EDUCATIVA Y EL DESARROLLO PEDAGOGICO,9,0.013,93.2
CENTRO DE DESARROLLO TECNOLOGICO DE ASISTENCIA TECNICA A LA INDUSTRIA SENA ASTIN (SERVICIO NACIONAL DE APRENDIZAJE SENA),9,0.013,93.21
FUNDACION PROMIGAS,9,0.013,93.23
DEPARTAMENTO ADMINISTRATIVO NACIONAL DE ESTADISTICA DANE,9,0.013,93.24
INSTITUTO TECNOLOGICO Y DE ESTUDIOS SUPERIORES DE MONTERREY ITESM,9,0.013,93.25
MALOKA CENTRO INTERACTIVO DE CIENCIA Y TECNOLOGIA,9,0.013,93.26
CORPORACION INDUSTRIAL MINUTO DE DIOS,9,0.013,93.28
UNIVERSIDADE FEDERAL DE MINAS GERAIS,9,0.013,93.29
INSTITUTO ROOSEVELT,9,0.013,93.3
FUNDACION DE EDUCACION SUPERIOR SAN JOSE,9,0.013,93.32
HOSPITAL INFANTIL NAPOLEON FRANCO PAREJA,9,0.013,93.33
ONE SOLUTION POSITION,9,0.013,93.34
INSTITUTO TECNICO AGRICOLA,9,0.013,93.36
CONICET,9,0.013,93.37
UNIVERSIDAD SANTIAGO DE CALI SEDE PRINCIPAL (UNIVERSIDAD SANTIAGO DE CALI),9,0.013,93.38
MINISTERIO DE SALUD Y PROTECCION SOCIAL,9,0.013,93.39
NANOMAT SAS,9,0.013,93.41
CENTRO DE INVESTIGACIONES UNIVERSIDAD MANUELA BELTRAN C I U M B,9,0.013,93.42
UNIVERSIDAD NACIONAL DE COLOMBIA SEDE MANIZALES,9,0.013,93.43
UNIVERSIDAD DE BOGOTA JORGE TADEO LOZANO (UNIVERSIDAD JORGE TADEO LOZANO),9,0.013,93.45
CENTRO DE BIOTECNOLOGIA INDUSTRIAL SENA (SERVICIO NACIONAL DE APRENDIZAJE SENA),9,0.013,93.46
COLCAFE SAS,9,0.013,93.47
UNIVERSIDAD COOPERATIVA DE COLOMBIA CAMPUS BOGOTA (UNIVERSIDAD COOPERATIVA DE COLOMBIA),9,0.013,93.49
UNIVERSITY OF ILLINOIS,8,0.012,93.5
JOHNS HOPKINS UNIVERSITY,8,0.012,93.51
UNIVERSITAT ROVIRA I VIRGILI,8,0.012,93.52
CORNELL UNIVERSITY DYSON SCHOOL OF APPLIED ECONOMICS AND MANAGEMENT,8,0.012,93.53
BIOTECNOLOGIA Y GENETICA S A,8,0.012,93.55
FUNDACION NATURA COLOMBIA,8,0.012,93.56
CENTRO DE ESTUDIOS EN PROTECCION SOCIAL Y ECONOMIA DE LA SALUD,8,0.012,93.57
CORPORACION PARA LA INVESTIGACION Y DESARROLLO EN ASFALTOS EN EL SECTOR TRANSPORTE E INDUSTRIAL CORASFALTOS,8,0.012,93.58
UNIVERSIDAD NACIONAL DE COLOMBIA SEDE ARAUCA (UNIVERSIDAD NACIONAL DE COLOMBIA),8,0.012,93.59
CENTRO DE LA CIENCIA Y LA INVESTIGACION FARMACEUTICA,8,0.012,93.61
CORPORACION HOSPITALARIA JUAN CIUDAD,8,0.012,93.62
INSTITUTO COLOMBIANO AGROPECUARIO ICA,8,0.012,93.63
CLINICA UNIVERSIDAD DE LA SABANA,8,0.012,93.64
MISION VERDE AMAZONIA CORPORACION PARA EL DESARROLLO SOSTENIBLE Y MITIGACION DE CAMBIO CLIMATICO,8,0.012,93.65
SERVICIO NACIONAL DE APRENDIZAJE REGIONAL BOLIVAR SENA (SERVICIO NACIONAL DE APRENDIZAJE SENA),8,0.012,93.67
HOSPITAL UNIVERSITARIO HERNANDO MONCALEANO PERDOMO,8,0.012,93.68
FUNDACION CSTAR SCIENCE TEHNOLOGY ADVANCED RESEARCH,8,0.012,93.69
UNIVERSITY OF PITTSBURGH,8,0.012,93.7
GRUPO ZAMBRANO S A S,8,0.012,93.71
CLINICA UNIVERSITARIA COLOMBIA,8,0.012,93.73
ALZAK FOUNDATION,8,0.012,93.74
CORPORACIÓN COLOMBIANA DE INVESTIGACIÓN AGROPECUARIA AGROSAVIA CENTRO DE INVESTIGACIÓN TIBAITATÁ (CORPORACION COLOMBIANA DE INVESTIGACION AGROPECUARIA AGROSAVIA),8,0.012,93.75
COLEGIO MAYOR DE BOLIVAR,8,0.012,93.76
TALLER CINCO CENTRO DE DISENO,8,0.012,93.77
UNIVERSIDAD DE GUADALAJARA,8,0.012,93.79
UNIVERSIDAD NACIONAL DE COLOMBIA SEDE PALMIRA,8,0.012,93.8
BANCO DE LA REPUBLICA BOGOTA,7,0.01,93.81
CORPORACION PARQUE EXPLORA,7,0.01,93.82
ALCALDIA MAYOR DE BOGOTA,7,0.01,93.83
SOCIEDAD COLOMBIANA DE FISICA,7,0.01,93.84
INSTITUTO VALLECAUCANO DE INVESTIGACIONES CIENTIFICAS INCIVA (INSTITUTO PARA LA INVESTIGACION Y PRESERVACION DEL PATRIMONIO CULTURAL Y NATURAL DEL VALLE DEL CAUCA),7,0.01,93.85
CAMARA DE COMERCIO DE BOGOTA,7,0.01,93.86
INSTITUTO DE EPILEPSIA Y PARKINSON DEL EJE CAFETERO SA,7,0.01,93.87
FUNDACION PARA LA INVESTIGACION Y EL DESARROLLO SOSTENIBLE,7,0.01,93.88
UNIVERSIDAD POLITECNICA DE VALENCIA INTERNACIONAL,7,0.01,93.89
CENTRO NACIONAL DE INVESTIGACIONES PARA LA AGROINDUSTRIALIZACION DE ESPECIES VEGETALES AROMATICAS Y MEDICINALES TROPICALES,7,0.01,93.9
SECRETARIA DE EDUCACION DISTRITO CAPITAL (ALCALDIA MAYOR DE BOGOTA),7,0.01,93.91
UNIVERSIDAD DE MURCIA,7,0.01,93.92
GRUPO DE INVESTIGACION Y EDITORIAL KAVILANDO,7,0.01,93.93
UNIVERSIDAD DE VIGO,7,0.01,93.94
GEORGIA INSTITUTE OF TECHNOLOGY,7,0.01,93.95
FUNDACION JARDIN BOTANICO JOAQUIN ANTONIO URIBE COD ANTIGUO 2107,7,0.01,93.96
UNIVERSIDAD NACIONAL DE COLOMBIA SEDE NARINO (UNIVERSIDAD NACIONAL DE COLOMBIA),7,0.01,93.97
UNIVERSIDAD DE ZARAGOZA,7,0.01,93.98
CORPORACION INSTITUTO ANTIOQUENO DE INVESTIGACION,7,0.01,93.99
LOGYCAINVESTIGACION,7,0.01,94.0
UNIVERSIDAD DE GRANADA,7,0.01,94.01
INDUSTRIAS TECSOL LTDA,7,0.01,94.02
FUNDACION ESCUELA TECNOLOGICA DE NEIVA JESUS OVIEDO PEREZ,7,0.01,94.03
UNIVERSIDAD ANTONIO NARINO ARMENIA (UNIVERSIDAD ANTONIO NARINO),7,0.01,94.04
CEDIUL SA,7,0.01,94.05
FUNDACION UNIVERSITARIA BELLAS ARTES,7,0.01,94.06
CORPORACION MAVI,7,0.01,94.07
INSTITUTO DE PROGRAMACION Y SISTEMAS DEL NORTE S A S,7,0.01,94.08
PROGRAMA DE ESTUDIO Y CONTROL DE ENFERMEDADES TROPICALES,7,0.01,94.09
UNIVERSIDAD LIBRE SEDE BOGOTA (UNIVERSIDAD LIBRE DE COLOMBIA),7,0.01,94.1
SECRETARIA DISTRITAL DE SALUD,7,0.01,94.11
SUB RED INTEGRADA DE SERVICIOS DE SALUD CENTRO ORIENTE ESE,7,0.01,94.12
UNIVERSIDAD SUR COLOMBIANA DE NEIVA (UNIVERSIDAD SURCOLOMBIANA),7,0.01,94.13
UNIVERSIDAD SAN BUENAVENTURA CALI,7,0.01,94.14
UNIVERSITAT DE VALENCIA,7,0.01,94.15
HOSPITAL SAN JOSE (SOCIEDAD DE CIRUGIA DE BOGOTA HOSPITAL DE SAN JOSE),7,0.01,94.16
CORPORACION UNIVERSITARIA MINUTO DE DIOS (CORPORACION UNIVERSITARIA MINUTO DE DIOS UNIMINUTO),7,0.01,94.17
PONTIFICIA UNIVERSIDAD CATOLICA DE CHILE,7,0.01,94.18
PUNTO ESTRATEGICO RED DE CONSULTORES SAS,7,0.01,94.19
CLINICA RAFAEL URIBE URIBE ISS,6,0.009,94.2
CENTRO DE INVESTIGACION CIENTIFICA CAUCASECO LTDA,6,0.009,94.21
FUNDACION CANGURO,6,0.009,94.21
ACADEMIA NACIONAL DE MEDICINA,6,0.009,94.22
ASOCIACION COLOMBIANA DE FISIOTERAPIA ASCOFI,6,0.009,94.23
ASOCIACION COLOMBIANA DE INGENIEROS ELECTRICISTAS MECANICOS Y ELECTRONICOS ACIEM,6,0.009,94.24
ASOCIACION COLOMBIANA DE INFECTOLOGIA,6,0.009,94.25
CORPORACION AUTONOMA REGIONAL DE CUNDINAMARCA,6,0.009,94.26
FUNDACION UNIVERSITARIA CLARETIANA,6,0.009,94.27
UNIVERSIDAD POLITECNICA DE MADRID,6,0.009,94.28
INSTITUCION UNIVERSITARIA COLOMBO AMERICANA,6,0.009,94.29
HOSPITAL SANTA CLARA E S E,6,0.009,94.3
ASOCIACION COLOMBIANA DE PORCICULTORES,6,0.009,94.3
CENTRO DE INVESTIGACION DE LAS TELECOMUNICACIONES CINTEL,6,0.009,94.31
UNIVERSIDAD NACIONAL ABIERTA Y A DISTANCIA UNAD SEDE PASTO (UNIVERSIDAD NACIONAL ABIERTA Y A DISTANCIA),6,0.009,94.32
COLMEDICA MEDICINA PREPAGADA S A,6,0.009,94.33
UNIVERSIDAD FEDERAL DE RIO DE JANEIRO UFRJ,6,0.009,94.34
UNIVERSIDADE FEDERAL DO RIO GRANDE DO NORTE,6,0.009,94.35
SOLLA SA,6,0.009,94.36
INSTITUTO DE ESTUDIOS DEL MINISTERIO PUBLICO,6,0.009,94.37
TEAM INGENIERIA DE CONOCIMIENTO LTDA,6,0.009,94.38
UNIVERSITY OF GRONINGEN,6,0.009,94.39
RENSSELAER POLYTECHNIC INSTITUTE,6,0.009,94.39
INNOVACION Y COMPETITIVIDAD SAS,6,0.009,94.4
ESCUELA NAVAL DE SUBOFICIALES ARC BARRANQUILLA,6,0.009,94.41
INSTITUCION UNIVERSITARIA ESCOLME,6,0.009,94.42
EMPRESA COLOMBIANA DE PRODUCTOS VETERINARIOS,6,0.009,94.43
CONSTRUCTORA CONCONCRETO S A,6,0.009,94.44
FISCALIA GENERAL DE LA NACION,6,0.009,94.45
UNIVERSIDAD DE LA GUAJIRA SEDE FONSECA (UNIVERSIDAD DE LA GUAJIRA),6,0.009,94.46
CORPORACION UNIVERSITARIA EMPRESARIAL DE SALAMANCA,6,0.009,94.47
FUNDACION UNIVERSITARIA CERVANTES SAN AGUSTIN,6,0.009,94.48
CORPORACION DE ESTUDIOS TECNOLOGICOS DEL NORTE DEL VALLE,6,0.009,94.48
HELPHARMA,6,0.009,94.49
CENTRO DE INVESTIGACION CORPOICA C I LA LIBERTAD (CORPORACION COLOMBIANA DE INVESTIGACION AGROPECUARIA AGROSAVIA),6,0.009,94.5
INSTITUTO TOBIAS EMANUEL,6,0.009,94.51
SECRETARIA DE EDUCACION DEL DISTRITO (ALCALDIA MAYOR DE BOGOTA),6,0.009,94.52
UNIVERSIDAD DE LA GUAJIRA UNIGUAJIRA,6,0.009,94.53
UNIVERSIDAD PEDAGOGICA Y TECNOLOGICA DE COLOMBIA UPTC SEDE SOGAMOSO (UNIVERSIDAD PEDAGOGICA Y TECNOLOGICA DE COLOMBIA),6,0.009,94.54
ESCUELA COLOMBIANA DE CARRERAS INDUSTRIALES,6,0.009,94.55
SERVICIO NACIONAL DE APRENDIZAJE SENA CENTRO DE COMERCIO (SERVICIO NACIONAL DE APRENDIZAJE SENA),6,0.009,94.56
INSTITUTO DISTRITAL DE CIENCIA BIOTECNOLOGIA E INNOVACION EN SALUD,6,0.009,94.57
UNIVERSIDAD DE CUNDINAMARCA FGGA,6,0.009,94.57
INSTITUTO NACIONAL DE FORMACION TECNICA PROFESIONAL HUMBERTO VELASQUEZ GARCIA,6,0.009,94.58
UNIVERSIDAD DEL ROSARIO,6,0.009,94.59
GRUPO DE NEUROCIENCIAS DE ANTIOQUIA,6,0.009,94.6
ESCUELA DE INTELIGENCIA Y CONTRAINTELIGENCIA BG RICARDO CHARRY SOLANO,6,0.009,94.61
CORPORACION UNIVERSITARIA DE LA COSTA,6,0.009,94.62
EJERCITO DE COLOMBIA DIRECCION DE CIENCIA Y TECNOLOGIA,6,0.009,94.63
UNIVERSIDAD DE ANDALUCIA,6,0.009,94.64
UNIVERSIDAD LIBRE SECCIONAL BARRANQUILLA (UNIVERSIDAD LIBRE DE COLOMBIA),6,0.009,94.65
CORPORACION UNIVERSITARIA MINUTO DE DIOS SEDE BELLO (CORPORACION UNIVERSITARIA MINUTO DE DIOS UNIMINUTO),6,0.009,94.66
AUDITORIA GENERAL DE LA REPUBLICA,6,0.009,94.66
COLEGIO MAYOR DE NUESTRA SENORA DEL ROSARIO,6,0.009,94.67
UNIVERSITAT POMPEU FABRA,5,0.007,94.68
UNIVERSITY OF WISCONSIN MADISON,5,0.007,94.69
ASOCIACION COLOMBIANA DE LA SALUD ASSALUD,5,0.007,94.69
SOCIEDAD COLOMBIANA DE LA CIENCIA DEL SUELO,5,0.007,94.7
ESCUELA NACIONAL SINDICAL ENS,5,0.007,94.71
CORPORACION CENTRO DE CIENCIA Y TECNOLOGIA DE ANTIOQUIA,5,0.007,94.72
CORPORACION PARA LA EDUCACION Y LAS TICS,5,0.007,94.72
FACULDADE DE CIENCIAS AGRARIAS E VETERINARIAS DE JABOTICABAL (UNIVERSIDADE ESTADUAL PAULISTA JULIO DE MESQUITA FILHO),5,0.007,94.73
ESCUELA SUPERIOR DE ADMINISTRACION PUBLICA ESAP SEDE BOYACA (ESCUELA SUPERIOR DE ADMINISTRACION PUBLICA),5,0.007,94.74
MINISTERIO DE RELACIONES EXTERIORES MINRELEXT,5,0.007,94.74
INTERNATIONAL CORPORATION OF NETWORKS OF KNOWLEDGE ICONK,5,0.007,94.75
INTERCONEXION ELECTRICA S A ISA,5,0.007,94.76
EMURACENTER LATINOAMERICA,5,0.007,94.76
CORPORACION UNIVERSITARIA DE COLOMBIA IDEAS,5,0.007,94.77
TECNAS S A,5,0.007,94.78
ESCUELA SUPERIOR DE ADMINISTRACION PUBLICA ESAP SEDE CALI (ESCUELA SUPERIOR DE ADMINISTRACION PUBLICA),5,0.007,94.79
GENES,5,0.007,94.79
UNIVERSIDAD DE BRASILIA,5,0.007,94.8
MASSACHUSETTS INSTITUTE OF TECHNOLOGY MIT,5,0.007,94.81
CAMARA DE COMERCIO DE CARTAGENA,5,0.007,94.81
DIRECCION GENERAL MARITIMA DIMAR,5,0.007,94.82
CENTRO DE PRODUCTIVIDAD Y COMPETITIVIDAD DEL ORIENTE,5,0.007,94.83
MINISTERIO DEL INTERIOR MININTERIOR,5,0.007,94.83
INTER TELCO S A S,5,0.007,94.84
UNIVERSIDAD DE LA LAGUNA,5,0.007,94.85
FUNDACION HOSPITAL INFANTIL UNIVERSITARIO DE SAN JOSE,5,0.007,94.86
CORPORACION AUTONOMA REGIONAL DE LA GUAJIRA,5,0.007,94.86
CLINICA PULMONAR Y DEL SUENO SAS,5,0.007,94.87
MINISTERIO DE SALUD PUBLICA MINSALUD,5,0.007,94.88
ANGIOGRAFIA DE OCCIDENTE,5,0.007,94.88
ESCUELA DE INGENIEROS MILITARES,5,0.007,94.89
CORPORACION CLAYUCA,5,0.007,94.9
FUNDACION DEL CARIBE PARA LA INVESTIGACION BIOMEDICA,5,0.007,94.9
UNIVERSITY OF TORONTO,5,0.007,94.91
CORPORACION CENTRO DE DESARROLLO TECNOLOGICO DEL GAS,5,0.007,94.92
UNIVERSIDAD AUTONOMA DE NUEVO LEON,5,0.007,94.93
FUNDACION HUMEDALES,5,0.007,94.93
FUNDACION SALUD DE LOS ANDES,5,0.007,94.94
ACADEMIA COLOMBIANA DE HISTORIA,5,0.007,94.95
ASOCIACION FUNDACION DE INVESTIGACION MICROBIOMAS,5,0.007,94.95
INSTITUTO NACIONAL DE FORMACION TECNICA PROFESIONAL DE SAN JUAN DEL CESAR,5,0.007,94.96
FUNDACION MENTES EN TRANSICION,5,0.007,94.97
INSTITUTO SUPERIOR DE EDUCACION RURAL ISER,5,0.007,94.97
FUNDACION UNIVERSITARIA SEMINARIO TEOLOGICO BAUTISTA INTERNACIONAL,5,0.007,94.98
ASOCIACION PROBIENESTAR DE LA FAMILIA COLOMBIANA PROFAMILIA,5,0.007,94.99
RYMEL INGENIERIA ELECTRICA S A S,5,0.007,95.0
FUNDACION UNIVERSITARIA COMFAMILIAR RISARALDA,5,0.007,95.0
INTEGRA SA,5,0.007,95.01
CAMARA DE COMERCIO DE IBAGUE,5,0.007,95.02
UNIVERSIDAD LIBRE DE COLOMBIA SOCORRO (UNIVERSIDAD LIBRE DE COLOMBIA),5,0.007,95.02
ESCUELA DE POSTGRADOS DE POLICIA MIGUEL ANTONIO LLERAS PIZARRO,5,0.007,95.03
UNIVERSIDADE FEDERAL DE VICOSA,5,0.007,95.04
ESCUELA SUPERIOR DE OFTALMOLOGIA DEL INSTITUTO BARRAQUER DE AMERICA,5,0.007,95.04
INSTITUCION TECNOLOGICA COLEGIO MAYOR DE BOLIVAR,5,0.007,95.05
CLINICA DEL PRADO,5,0.007,95.06
UNIVERSITY OF FLORIDA,5,0.007,95.07
UNIVERSIDAD DISTRITAL FRANCISCO JOSE DE CALDAS FACULTAD TECNOLOGICA (UNIVERSIDAD DISTRITAL FRANCISCO JOSE DE CALDAS),5,0.007,95.07
HOSPITAL UNIVERSITARIO SAN JOSE DE POPAYAN,5,0.007,95.08
FUNDACION UNIVERSITARIA DEL AREA ANDINA VALLEDUPAR (FUNDACION UNIVERSITARIA DEL AREA ANDINA),5,0.007,95.09
FUNDACION UNIVERSITARIA DEL AREA ANDINA SECCIONAL PEREIRA (FUNDACION UNIVERSITARIA DEL AREA ANDINA),5,0.007,95.09
CLINICA CES,5,0.007,95.1
UNITEC,5,0.007,95.11
UNIVERSIDAD DE SALAMANCA,5,0.007,95.11
UNIVERSIDAD DE CUNDINAMARCA SEDE GIRARDOT UDEC (UNIVERSIDAD DE CUNDINAMARCA),5,0.007,95.12
HOSPITAL DEPARTAMENTAL UNIVERSITARIO SANTA SOFIA DE CALDAS,5,0.007,95.13
UNIVERSIDAD DEL VALLE SEDE ZARZAL (UNIVERSIDAD DEL VALLE),5,0.007,95.14
UNIVERSIDAD DE OVIEDO,5,0.007,95.14
ESENTTIA SA,5,0.007,95.15
NEUROECONOMIX SAS,5,0.007,95.16
EJERCITO DE COLOMBIA,5,0.007,95.16
CORPORACION TECNOLOGICA INDOAMERICA,5,0.007,95.17
FUNDACION CALIMA,5,0.007,95.18
CENTRO DE EXCELENCIA EN NUEVOS MATERIALES CENM,4,0.006,95.18
ASOCIACION COLOMBIANA DE PSIQUIATRIA,4,0.006,95.19
DEPARTAMENTO NACIONAL DE PLANEACION DNP,4,0.006,95.2
CENTRO DE INVESTIGACIONES DE LA UNIVERSIDAD PEDAGOGICA NACIONAL (UNIVERSIDAD PEDAGOGICA NACIONAL),4,0.006,95.2
ASOCIACION COLOMBIANA DE HISTORIADORES,4,0.006,95.21
EMPRESA SOCIAL DEL ESTADO HOSPITAL SAN VICENTE DE PAUL DE SANTA ROSA DE CABAL,4,0.006,95.21
AUBURN UNIVERSITY,4,0.006,95.22
UNIVERSIDAD AUTONOMA METROPOLITANA,4,0.006,95.23
EMPRESA DE ACUEDUCTO Y ALCANTARILLADO DE BOGOTA E A A B,4,0.006,95.23
ASOCIACION TURMEQUE,4,0.006,95.24
ORGANIZACION PARA LA EXCELENCIA DE LA SALUD,4,0.006,95.24
SERVICIO NACIONAL DE APRENDIZAJE SENA SEDE GUADALAJARA DE BUGA (SERVICIO NACIONAL DE APRENDIZAJE SENA),4,0.006,95.25
UNIVERSITY OF SHEFFIELD,4,0.006,95.26
COMISION COLOMBIANA DEL OCEANO CCO,4,0.006,95.26
CENTRO DE INVESTIGACION PARA EL MANEJO AMBIENTAL Y EL DESARROLLO,4,0.006,95.27
ASOCIACION COLOMBIANA DE GERONTOLOGIA Y GERIATRIA,4,0.006,95.27
CORPORACION DE CENTRO DE INVESTIGACION CARBONO BOSQUES,4,0.006,95.28
CENTRO DE INVESTIGACIONES EN BIOMODELOS,4,0.006,95.29
CENTRO DE ESTUDIOS REGIONALES CAFETEROS Y EMPRESARIALES CRECE,4,0.006,95.29
UNIVERSIDAD DEL VALLE SEDE BUENAVENTURA (UNIVERSIDAD DEL VALLE),4,0.006,95.3
CORPORACION AUTONOMA REGIONAL DEL CENTRO DE ANTIOQUIA CORANTIOQUIA,4,0.006,95.3
SERVICIO NACIONAL DE APRENDIZAJE REGIONAL MEDELLIN SENA (SERVICIO NACIONAL DE APRENDIZAJE SENA),4,0.006,95.31
UNIVERSIDAD DE LISBOA,4,0.006,95.32
CRUZ ROJA COLOMBIANA SECCIONAL VALLE DEL CAUCA,4,0.006,95.32
UNIVERSIDAD DE CONCEPCION,4,0.006,95.33
INSTITUTO NACIONAL DE SALUD PUBLICA,4,0.006,95.33
UNIVERSIDAD ANTONIO NARINO SEDE COSTA ATLANTICA (UNIVERSIDAD ANTONIO NARINO),4,0.006,95.34
CLINICA CHICAMOCHA S A,4,0.006,95.35
UNIVERSIDAD DE COSTA RICA,4,0.006,95.35
UNIVERSIDAD FEDERAL DE RIO GRANDE DO SUL,4,0.006,95.36
CORPORACION PARA EL DESARROLLO DE LA BIOTECNOLOGIA CORPORACION BIOTEC,4,0.006,95.36
INTEGRAL S A INGENIERIA TECNICA GENERAL S A INGENIEROS CONSULTORES SUCURSAL BOGOTA,4,0.006,95.37
MCS CONSULTORIA Y MONITOREO AMBIENTAL S A S,4,0.006,95.38
BANCO DE LA REPUBLICA SUCURSAL CARTAGENA (BANCO DE LA REPUBLICA BOGOTA),4,0.006,95.38
PROCESSUM CONSULTORIA INSTITUCIONAL SAS,4,0.006,95.39
FUNDACION PARA LA INVESTIGACION Y EL DESARROLLO EDUCATIVO EMPRESARIAL FIDEE,4,0.006,95.39
ONCOLOGOS DEL OCCIDENTE S A,4,0.006,95.4
HAERENTIA,4,0.006,95.41
UNIVERSIDAD DE SANTIAGO DE COMPOSTELA,4,0.006,95.41
CORPORACION BUCARAMANGA EMPRENDEDORA LUIS CARLOS GALAN SARMIENTO INCUBADORA DE EMPRESAS DE BASE TECNOLOGICA C B E,4,0.006,95.42
GOBERNACION DE SUCRE,4,0.006,95.42
FUNDACION MEDITECH,4,0.006,95.43
HOSPITAL DEPARTAMENTAL DE VILLAVICENCIO,4,0.006,95.44
CLINICA EL ROSARIO,4,0.006,95.44
HOSPITAL EL TUNAL III NIVEL ESE,4,0.006,95.45
CLINICA DE LA MUJER,4,0.006,95.45
INSTITUTO NACIONAL DE VIGILANCIA DE MEDICAMENTOS Y ALIMENTOS,4,0.006,95.46
ESCUELA DE POSTGRADOS DE LA FUERZA AEREA COLOMBIANA,4,0.006,95.47
SUPERINTENDENCIA DE INDUSTRIA Y COMERCIO SIC,4,0.006,95.47
TECHNICAL UNIVERSITY OF DENMARK,4,0.006,95.48
COMBUSTION INGENIEROS S A S,4,0.006,95.48
CORPORACION PARA LA INVESTIGACION Y EL DESARROLLO SOCIAL AGROPECUARIO TECONOLOGICO E INDUSTRIAL EN EL TROPICO,4,0.006,95.49
FEDERACION NACIONAL DE ARROCEROS FEDEARROZ,4,0.006,95.5
KM ROBOTA S A S,4,0.006,95.5
CENTRO AGROPECUARIO DE BUGA CAB SENA (SERVICIO NACIONAL DE APRENDIZAJE SENA),4,0.006,95.51
UNIPALMA DE LOS LLANOS S A,4,0.006,95.51
CENTRO LATINOAMERICANO INV Y ENTRENAMIENTO CIRUGIA DE MINIMA INVASION,4,0.006,95.52
LABORATORIOS BAXTER S A,4,0.006,95.53
CENTRO REGIONAL DE PRODUCTIVIDAD Y DESARROLLO TECNOLOGICO DEL TOLIMA CRPT,4,0.006,95.53
HOSPITAL CARDIOVASCULAR DEL NINO DE CUNDINAMARCA,4,0.006,95.54
CENTRO DE ESTUDIOS EN INFECTOLOGIA PEDIATRICA,4,0.006,95.54
EMPRESA SOCIAL DEL ESTADO HOSPITAL UNIVERSITARIO DE SANTANDER,4,0.006,95.55
CENTRO DE APLICACIONES FISICOQUIMICAS EN EL ENTORNO,4,0.006,95.56
CORPORACION ALMA ARTE Y ACCION,4,0.006,95.56
FUNDACION CON VIDA,4,0.006,95.57
HOSPITAL INFANTIL CLUB NOEL,4,0.006,95.57
FUNDACION IFARMA,4,0.006,95.58
GOBERNACION DEL ATLANTICO,4,0.006,95.59
NETUX S A S,4,0.006,95.59
TEAM FOODS COLOMBIA S A (TEAM FOODS COLOMBIA S A ACEITES Y GRASAS VEGETALES S A),4,0.006,95.6
CUENTA DE ALTO COSTO,4,0.006,95.6
CONSEJO NACIONAL DE ACREDITACION,4,0.006,95.61
FUNDACION UNIVERSITARIA MARIA CANO EXTENSION NEIVA,4,0.006,95.62
CENTRO DE GESTION Y DESARROLLO SOSTENIBLE SURCOLOMBIANO (SERVICIO NACIONAL DE APRENDIZAJE SENA),4,0.006,95.62
SECRETARIA DE EDUCACION MUNICIPAL,4,0.006,95.63
ARTMEDICA,4,0.006,95.63
FUNDACION CENTRO DE INVESTIGACIONES PARA EL EMPRENDIMIENTO Y DESARROLLO SOCIAL,4,0.006,95.64
CENTRO DE PROCESOS INDUSTRIALES Y CONSTRUCCION SENA REGIONAL CALDAS (SERVICIO NACIONAL DE APRENDIZAJE SENA),4,0.006,95.65
HOSPITAL UNIVERSITARIO MAYOR MEDERI,4,0.006,95.65
UNIVERSIDAD SIMON BOLIVAR SEDE CUCUTA,4,0.006,95.66
CENTRO DE ESTUDIOS MEDICOS INTERCULTURALES,4,0.006,95.66
UNIVERSIDAD AUTONOMA DE BARCELONA,4,0.006,95.67
ESCUELA DE GOBIERNO ALBERTO LLERAS CAMARO UNIVERSIDAD DE LOS ANDES,4,0.006,95.68
AUDIFARMA SA,4,0.006,95.68
INSTITUCION UNIVERSITARIA DIGITAL DE ANTIOQUIA,4,0.006,95.69
UNIVERSIDAD PONTIFICIA BOLIVARIANA SECCIONAL MEDELLIN (UNIVERSIDAD PONTIFICIA BOLIVARIANA),4,0.006,95.69
LUND UNIVERSITY,4,0.006,95.7
EDITIC SAS,4,0.006,95.71
CODENSA SA ESP,4,0.006,95.71
SECRETARIA DE EDUCACION DE BOGOTA (ALCALDIA MAYOR DE BOGOTA),4,0.006,95.72
FUNDACION ACADEMIA DE DIBUJO PROFESIONAL,4,0.006,95.72
UNIVERSITY OF ALBERTA,4,0.006,95.73
HELPHARMA IPS,4,0.006,95.74
LABORATORIO CLINICO HIGUERA ESCALANTE,4,0.006,95.74
INSTITUCIÓN UNIVERSITARIA POLITÉCNICO GRANCOLOMBIANO SEDE MEDELLÌN (INSTITUCION UNIVERSITARIA POLITECNICO GRANCOLOMBIANO),4,0.006,95.75
INSIGHT RESEARCH GROUP SAS,4,0.006,95.75
ADVANCED SCIENCIE TECHNOLOGIES LTDA,4,0.006,95.76
FUNDACION GUARDAGUAS DE LA BAHIA Y O CARTAGENA BAYKEEPER,4,0.006,95.77
FUNDACION PARA LA EXCELENCIA DE LA MEDICINA CLINICA EN COLOMBIA FUNDACION CLINICA,4,0.006,95.77
COMISION PARA EL ESCLARECIMIENTO DE LA VERDAD LA CONVIVENCIA Y LA REPETICION,4,0.006,95.78
FUNDACION CENTRO DE EXCELENCIA EN SISTEMAS DE INNOVACION,4,0.006,95.78
GROWING UP FOUNDATION,4,0.006,95.79
ACADEMIA CALDENSE DE HISTORIA,3,0.004,95.79
INSTITUTO PARA NINOS CIEGOS Y SORDOS DEL VALLE DEL CAUCA,3,0.004,95.8
FUNDACION ORGANIZACION VID,3,0.004,95.8
INSTITUTO COLOMBIANO DE BIENESTAR FAMILIAR,3,0.004,95.81
CORPORACION OBSERVATORIO SISMOLOGICO DEL SUR OCCIDENTE OSSO,3,0.004,95.81
CORPORACION CENTRO DE INVESTIGACION DE LA ACUICULTURA DE COLOMBIA,3,0.004,95.81
UNIVERSITE LAVAL,3,0.004,95.82
FUNDACION PARA LA EDUCACION SUPERIOR FES SOCIAL,3,0.004,95.82
UNIVERSIDAD FEDERAL DE SAO PAULO UNIFESP,3,0.004,95.83
ASOCIACION COLOMBIANA DE FACULTADES DE INGENIERIA ACOFI,3,0.004,95.83
FUNDACION COOMEVA,3,0.004,95.83
ACADEMIA COLOMBIANA DE CIENCIAS EXACTAS FISICAS Y NATURALES ACCEFYN,3,0.004,95.84
SINERGIAS ALIANZAS ESTRATEGICAS PARA LA SALUD Y EL DESARROLLO SOCIAL,3,0.004,95.84
ASOCIACION GRUPO ARCO,3,0.004,95.85
INSTITUTO INTERAMERICANO DE COOPERACION PARA LA AGRICULTURA IICA,3,0.004,95.85
ORGANIZACION MUNDIAL DE LA SALUD,3,0.004,95.85
DUKE UNIVERSITY,3,0.004,95.86
CAMARA DE COMERCIO DE DOSQUEBRADAS,3,0.004,95.86
MAGNA SCIENCE CORPORATION,3,0.004,95.87
UNIDAD MUNICIPAL DE ASISTENCIA TECNICA AGROPECUARIA,3,0.004,95.87
FUNDACION SEMILLERO CIENTIFICO,3,0.004,95.87
CORPORACION CENTRO DE INVESTIGACION PARA EL CULTIVO DEL CAUCHO,3,0.004,95.88
FAPCIM S A S,3,0.004,95.88
FUNDACION CARDIO INFANTIL F C I (FUNDACION CARDIOINFANTIL INSTITUTO DE CARDIOLOGIA),3,0.004,95.89
INSTITUTO PARA EL DESARROLLO SOSTENIBLE,3,0.004,95.89
CENTRO DE INVESTIGACION Y DESARROLLO EN BIOTECNOLOGIA,3,0.004,95.89
CONSERVACION INTERNACIONAL COLOMBIA,3,0.004,95.9
UNIVERSIDAD DE ANTIOQUIA SEDE CAUCASIA (UNIVERSIDAD DE ANTIOQUIA),3,0.004,95.9
FUNDACION UNIVERSITARIA HORIZONTE,3,0.004,95.91
RED DE UNIVERSIDADES PUBLICAS DEL EJE CAFETERO ALMA MATER,3,0.004,95.91
UNIVERSIDAD DEL VALLE SEDE BUGA (UNIVERSIDAD DEL VALLE),3,0.004,95.91
UNIVERSIDAD DE HEIDELBERG,3,0.004,95.92
BENEMERITA UNIVERSIDAD AUTONOMA DE PUEBLA,3,0.004,95.92
FUNDACION DERECHO JUSTO,3,0.004,95.93
CORPORACION ESCUELA TECNOLOGICA DEL ORIENTE,3,0.004,95.93
CENTERS FOR DISEASE CONTROL AND PREVENTION,3,0.004,95.93
INSTITUTO COLOMBIANO DE DERECHO TRIBUTARIO,3,0.004,95.94
UNIVERSIDAD DE BURGOS,3,0.004,95.94
SERVICIO NACIONAL DE APRENDIZAJE SEDE BUCARAMANGA (SERVICIO NACIONAL DE APRENDIZAJE SENA),3,0.004,95.95
UNIVERSIDAD DE OSLO,3,0.004,95.95
RAIN CONCEPT SAS,3,0.004,95.95
GOBERNACION DE ANTIOQUIA,3,0.004,95.96
CAMARA DE COMERCIO DE BUCARAMANGA CAMACOBU,3,0.004,95.96
ARKEBIOS SAS,3,0.004,95.97
FUNDACION PARA EL DESARROLLO DE COMUNIDADES,3,0.004,95.97
UNIVERSITY OF TEXAS MEDICAL BRANCH UTMB,3,0.004,95.97
GOBERNACION DE BOYACA,3,0.004,95.98
REGENERAR SA,3,0.004,95.98
CORPORACION DE PLANEACION Y TRANSFERENCIA TECNOLOGICA AGROPECUARIA PLANTTA,3,0.004,95.99
INSTITUTO DE INVESTIGACION DEL COMPORTAMIENTO HUMANO,3,0.004,95.99
INSTITUTO DE BIOCIENCIAS LETRAS E CIENCIAS EXATAS DE SAO JOSE DO RIO PRETO (UNIVERSIDADE ESTADUAL PAULISTA JULIO DE MESQUITA FILHO),3,0.004,95.99
CAMARA COLOMBIANA DE LA CONSTRUCCION CAMACOL,3,0.004,96.0
THE NATURE CONSERVANCY,3,0.004,96.0
ESE HOSPITAL UNIVERSITARIO DEL CARIBE,3,0.004,96.01
CENTRO DE ATENCION Y DIAGNOSTICO DE ENFERMEDADES INFECCIOSAS C D I S A,3,0.004,96.01
FUNDACION CENTRO DE INVESTIGACION Y ESTUDIOS ODONTOLOGICOS CIEO,3,0.004,96.01
EMPRESAS PUBLICAS DE MEDELLIN,3,0.004,96.02
CLINICA MARLY,3,0.004,96.02
UNIVERSIDAD REY JUAN CARLOS,3,0.004,96.03
UNIVERSITAT JAUME I,3,0.004,96.03
FUNDACION INVESTIGA PARA UN DESARROLLO SOSTENIBLE,3,0.004,96.03
FUNDACION CHELONIA COLOMBIA,3,0.004,96.04
MASSEY UNIVERSITY COLLEGE OF SCIENCES,3,0.004,96.04
SOLUCIONES BIOTECNOLOGICAS Y AGROAMBIENTALES SAS,3,0.004,96.05
FUNDACION MALPELO Y OTROS ECOSISTEMAS MARINOS,3,0.004,96.05
FUNDACION PARA LA INVESTIGACION Y DESARROLLO DE LA SALUD Y LA SEGURIDAD SOCIAL FEDESALUD,3,0.004,96.05
FUNDACION SALDARRIAGA CONCHA,3,0.004,96.06
ASOCIACION COLOMBIANA DE MEDICINA INTERNA ACMI,3,0.004,96.06
FUNDACION UNIVERSITARIA SAN ALFONSO,3,0.004,96.07
ASOCIACION COLOMBIANA DE FACULTADES DE ODONTOLOGIA,3,0.004,96.07
SOCIEDAD COLOMBIANA DE ENTOMOLOGIA,3,0.004,96.07
SERVICIO NACIONAL DE APRENDIZAJE SENA REGIONAL TOLIMA (SERVICIO NACIONAL DE APRENDIZAJE SENA),3,0.004,96.08
CENTRO REGIONAL DE PRODUCTIVIDAD E INNOVACION DEL CAUCA CREPIC,3,0.004,96.08
UNIVERSIDAD AUTONOMA DEL ESTADO DE MORELOS,3,0.004,96.09
FUNDACION PARA EL DESARROLLO DEL CARIBE FUNDESARROLLO,3,0.004,96.09
UNIVERSIDAD ANTONIO NARINO NEIVA (UNIVERSIDAD ANTONIO NARINO),3,0.004,96.09
CORPORACION NUEVOS RUMBOS,3,0.004,96.1
ESCUELA MILITAR DE SUBOFICIALES SARGENTO INOCENCIO CHINCA,3,0.004,96.1
ESCUELA DE SUBOFICIALES DE LA FAC ESUFA,3,0.004,96.11
UNIVERSIDAD DR RAFAEL BELLOSO CHACIN,3,0.004,96.11
XM COMPANIA DE EXPERTOS EN MERCADOS S A E S P,3,0.004,96.11
FUNDACION UNICOLCIENCIAS,3,0.004,96.12
BEYOND IDEATION GROUP SAS,3,0.004,96.12
INVESTIGACION EN PSICOLOGIA DEL CONSUMIDOR LTDA,3,0.004,96.13
ASOCIACION DE BECARIOS DE CASANARE,3,0.004,96.13
CONTRALORIA GENERAL DE LA REPUBLICA,3,0.004,96.13
WASHINGTON STATE UNIVERSITY,3,0.004,96.14
FUNDACION OF RESEARCHERS IN SCIENCE AND TECHNOLOGY OF MATERIALS,3,0.004,96.14
EMPRESA COLOMBIANA DE INNOVACION S A S,3,0.004,96.15
IDINNOV S A S,3,0.004,96.15
UNIVERSITY OF LEICESTER,3,0.004,96.15
ECOFLORA AGRO SAS,3,0.004,96.16
FUNDACION RESERVA NATURAL LA PALMITA CENTRO DE INVESTIGACION,3,0.004,96.16
FUNDACION ESTACION BIOLOGICA GUAYACANAL,3,0.004,96.17
FUNDACION MACUATICOS COLOMBIA,3,0.004,96.17
GOBERNACION DE CORDOBA,3,0.004,96.17
CONSERVATORIO DEL TOLIMA,3,0.004,96.18
MINISTERIO DE DEFENSA NACIONAL MINDEFENSA,3,0.004,96.18
CENTRO DE INVESTIGACION Y ATENCION EN SALUD DEL MAGDALENA MEDIO,3,0.004,96.19
CENTRO DE COMERCIO SENA REGIONAL ANTIOQUIA (SERVICIO NACIONAL DE APRENDIZAJE SENA),3,0.004,96.19
HOSPITAL DE USAQUEN I NIVEL E S E,3,0.004,96.19
SECRETARIA DISTRITAL DE MOVILIDAD (ALCALDIA MAYOR DE BOGOTA),3,0.004,96.2
MINISTERIO DE JUSTICIA Y DEL DERECHO MINJUSTICIA,3,0.004,96.2
EMPRESA SOCIAL DEL ESTADO HOSPITAL ROSARIO PUMAREJO DE LOPEZ,3,0.004,96.21
ESCUELA NORMAL SUPERIOR LA HACIENDA,3,0.004,96.21
POTENCIA Y TECNOLOGIAS INCORPORADAS SA,3,0.004,96.21
DISENOS Y CONSTRUCCIONES ESPECIALIZADAS EN INGENIERIA LTDA,3,0.004,96.22
FUNDACION UNIVERSITARIA UNINPAHU,3,0.004,96.22
FUNDACION COLOMBIANA PARA EL DIAGNOSTICO Y TRATAMIENTO DE LAS ARRITMIAS CARDIACAS,3,0.004,96.23
FEDERACION NACIONAL DE CACAOTEROS,3,0.004,96.23
FUNIFELT,3,0.004,96.23
CORPORACION PARA INVESTIGACION APLICADA AL DESARROLLO,3,0.004,96.24
ORGANIZACION PANAMERICANA DE LA SALUD,3,0.004,96.24
CONSEJO NACIONAL DE CIENCIA Y TECNOLOGIA CONACYT MEXICO (CONSEJO NACIONAL DE CIENCIA Y TECNOLOGIA),3,0.004,96.25
CENTRO NACIONAL DE INVESTIGACIONES DE CAFE,3,0.004,96.25
UNIVERSIDAD TECNOLOGICA DE PEREIRA UTP,3,0.004,96.25
CLINICA NTRA SRA DE LOS REMEDIOS,3,0.004,96.26
JURISDICCIAN ESPECIAL PARA LA PAZ,3,0.004,96.26
DISTRITO TURISTICO CULTURAL E HISTORICO DE SANTA MARTA (ALCALDIA DE SANTA MARTA),3,0.004,96.27
UNIVERSIDAD DE SANTIAGO DE CHILE,3,0.004,96.27
CORPORACION CENTRO DE DESARROLLO TECNOLOGICO CLUSTER CREATIC,3,0.004,96.27
UNIVERSITY OF CALIFORNIA DAVIS,3,0.004,96.28
CAMARA DE COMERCIO DE ARMENIA Y DEL QUINDIO,3,0.004,96.28
CLINICA DE OCCIDENTE SA,3,0.004,96.29
SEFITRONES,3,0.004,96.29
UNIVERSIDAD SERGIO ARBOLEDA SEDE BOGOTA (UNIVERSIDAD SERGIO ARBOLEDA),3,0.004,96.29
UNIVERSIDAD DE ORIENTE,3,0.004,96.3
FUNDACION COLOMBIANA DE CANCEROLOGIA CLINICA VIDA,3,0.004,96.3
CORNELL UNIVERSITY,3,0.004,96.31
UNIVERSIDAD DEL CAUCA UNICAUCA,3,0.004,96.31
INSTITUCION UNIVERSITARIA CENTRO DE ESTUDIOS SUPERIORES MARIA GORETTI CESMAG,3,0.004,96.31
INSTITUTO SMITHSONIAN DE INVESTIGACIONES TROPICALES,3,0.004,96.32
CORPORACION UNIVERSITARIA CENTRO SUPERIOR UNICUCES,3,0.004,96.32
INTEGRAL S A INGENIERIA TECNICA GENERAL S A INGENIEROS CONSULTORES SEDE MEDELLIN (INTEGRAL S A INGENIERIA TECNICA GENERAL S A INGENIEROS CONSULTORES SUCURSAL BOGOTA),3,0.004,96.33
UNIVERSITAT OBERTA DE CATALUNYA,3,0.004,96.33
ECOREEF LTDA,3,0.004,96.33
UNIVERSIDADE FEDERAL DE PERNAMBUCO,3,0.004,96.34
HOSPITAL OCCIDENTE DE KENNEDY,3,0.004,96.34
UNIVERSIDAD DE ANTIOQUIA SEDE TURBO (UNIVERSIDAD DE ANTIOQUIA),3,0.004,96.35
LOSCOBOS MEDICAL CENTER,3,0.004,96.35
TEMPLE UNIVERSITY,3,0.004,96.35
LEGACY MANAGEMENT CONSULTING GROUP SAS,3,0.004,96.36
UNIVERSITAT DE GIRONA,3,0.004,96.36
FUNDACION UNIVERSIDAD DE ANTIQOUIA,3,0.004,96.37
UNIVERSIDAD NACIONAL DE COLOMBIA FACULTAD DE ODONTOLOGIA,3,0.004,96.37
UNIVERSIDAD NACIONAL ABIERTA YA DISTANCIA,3,0.004,96.37
UNIVERSIDAD DE SONORA,3,0.004,96.38
SERVICIO NACIONAL DE APRENDIZAJE SENA REGIONAL CESAR (SERVICIO NACIONAL DE APRENDIZAJE SENA),3,0.004,96.38
PVG ARQUITECTOS SAS,3,0.004,96.39
UNIVERSIDAD NACIONAL DE SAN LUIS,3,0.004,96.39
PURDUE UNIVERSITY WEST LAFAYETTE,3,0.004,96.39
CORPORACION UNIVERSITARIA CENDA,3,0.004,96.4
INSTITUTO DE PROGRAMAS INTERDISCIPLINARIOS DE ATENCION PRIMARIA EN SALUD,3,0.004,96.4
CENTRO DE LA INNOVACION LA AGROINDUSTRIA Y EL TURISMO (SERVICIO NACIONAL DE APRENDIZAJE SENA),3,0.004,96.41
UNIVERSIDAD METROPOLITANA DE CIENCIAS DE LA EDUCACION,3,0.004,96.41
CLINICA INTEGRAL DE DIABETES (EMDEC S A S),3,0.004,96.41
CENTRO DE INGENIERIA AVANZADA INVESTIGACION Y DESARROLLO,3,0.004,96.42
UNIVERSIDAD DE GEORGIA,3,0.004,96.42
INSTITUTO ASYS,3,0.004,96.43
UNIVERSITY OF CALIFORNIA SANTA BARBARA,3,0.004,96.43
BAYER SA,3,0.004,96.43
UNIVERSIDAD AUTONOMA DE YUCATAN,3,0.004,96.44
COMPANIA SURAMERICANA DE SERVICIOS DE SALUD S A,3,0.004,96.44
UNIVERSIDAD NACIONAL DE LA PLATA (UNLP),3,0.004,96.45
GOBERNACION DE NORTE DE SANTANDER,3,0.004,96.45
UNIVERSIDAD DE SANTA ROSA DE CABAL UNISARC,3,0.004,96.45
INALDE UNIVERSIDAD DE LASABANA (UNIVERSIDAD DE LA SABANA),3,0.004,96.46
MCGILL UNIVERSITY,3,0.004,96.46
INSTITUCION UNIVERSITARIA CESMAG,3,0.004,96.47
TEAM FOODS COLOMBIA S A ACEITES Y GRASAS VEGETALES S A,3,0.004,96.47
SOCIEDAD INTEGRAL DE ESPECIALISTAS EN SALUD S A S,3,0.004,96.47
GENIUS SPORTS SERVICES COLOMBIA SAS,3,0.004,96.48
HOSPITAL UNIVERSITARIO DEPARTAMENTAL DE NARINO EMPRESA SOCIAL DEL ESTADO,3,0.004,96.48
UNIVERSIDAD ANTONIO NARINO DUITAMA (UNIVERSIDAD ANTONIO NARINO),3,0.004,96.49
COMPENSA UNIPANAMERICANA,3,0.004,96.49
CLINICA REINA SOFIA,3,0.004,96.49
UNIVERSIDAD PONTIFICIA BOLIVARIANA SEDE ROBLEDO (UNIVERSIDAD PONTIFICIA BOLIVARIANA),3,0.004,96.5
UNIVERSIDAD VERACRUZANA,3,0.004,96.5
UNIVERSIDAD AUTONOMA DE BARCELONA ESPANA,3,0.004,96.51
AYUDAS DIAGNOSTICAS SURA SAS,3,0.004,96.51
FUNDACION PARA LA INVESTIGACION CLINICA Y MOLECULAR APLICADA DEL CANCER,3,0.004,96.51
FUNDACIAN UNIERSITARIA AREANDINA,3,0.004,96.52
FUNDACION TECNALIA COLOMBIA,3,0.004,96.52
CORPORACION SALUD UN,3,0.004,96.53
ESCUELA DE GOBIERNO (UNIVERSIDAD DE LOS ANDES),3,0.004,96.53
BOSTON MEDICAL GROUP S A S,3,0.004,96.53
QUIPUX,3,0.004,96.54
CLINICA LA ESTANCIA,3,0.004,96.54
MINISTERIO DE CIENCIA TECNOLOGIA E INNOVACION MINCIENCIAS,3,0.004,96.55
ICP INSTITUTO COLOMBIANO DE PETROLEO,3,0.004,96.55
UNIVERSIDAD SANTO TOMAS BUCARAMANGA,3,0.004,96.55
UNIVERSIDAD AUTONOMA DEL ESTADO DE MEXICO,3,0.004,96.56
SECRETARIA DE EDUCACION DISTRITAL,3,0.004,96.56
MUSEO NACIONAL DE COLOMBIA (MINISTERIO DE CULTURA DE COLOMBIA),2,0.003,96.56
COLEGIO GIMNASIO MODERNO,2,0.003,96.57
CORPORACION EDUCATIVA MINUTO DE DIOS,2,0.003,96.57
UNIVERSIDAD FEDERAL DE GOIAS,2,0.003,96.57
UNIVERSITY OF SOUTHAMPTON,2,0.003,96.58
CENTRO DE INVESTIGACIONES EN ACUICULTURA CENIACUA,2,0.003,96.58
MINISTERIO DE LA PROTECCION SOCIAL,2,0.003,96.58
CORPORACION PARA EL DESARROLLO ENERGETICO Y SOSTENIBLE,2,0.003,96.59
YALE UNIVERSITY,2,0.003,96.59
CONSULTORIA PARA LOS DERECHOS HUMANOS Y EL DESPLAZAMIENTO,2,0.003,96.59
ASOCIACION COLOMBIANA DE FACULTADES DE PSICOLOGIA,2,0.003,96.59
CENTRO DE INVESTIGACIONES PARA EL DESARROLLO CID (UNIVERSIDAD NACIONAL DE COLOMBIA),2,0.003,96.6
FUNDACION CORONA,2,0.003,96.6
GOBERNACION DEL VALLE DEL CAUCA,2,0.003,96.6
CENTRO INTERNACIONAL PARA PRUEBA DE VACUNAS Y MEDICAMENTOS ANTIMALARICOS,2,0.003,96.61
GENETICA MOLECULAR DE COLOMBIA,2,0.003,96.61
ASOCIACION COLOMBIANA DE FACULTADES DE ADMINISTRACION,2,0.003,96.61
ASOCIACION COLOMBIANA DE CIENCIAS BIOLOGICAS A C C B,2,0.003,96.62
COLUMBIA UNIVERSITY MAILMAN SCHOOL OF PUBLIC HEALTH,2,0.003,96.62
FUNDACION TERRA FIRME,2,0.003,96.62
INSTITUTO OSWALDO CRUZ FIOCRUZ DEPARTAMENTO DE BIOQUIMICA Y BIOLOGIA MOLECULAR LABORATORIO DE EXPRESION GENICA,2,0.003,96.62
MINISTERIO DE AGRICULTURA Y DESARROLLO RURAL MINAGRICULTURA,2,0.003,96.63
INSTITUTO DE ESTUDIOS AMBIENTALES DE LA UNIVERSIDAD NACIONAL DE COLOMBIA (UNIVERSIDAD NACIONAL DE COLOMBIA),2,0.003,96.63
AXOPOD CONSULTANTS FOR LIFE S A S,2,0.003,96.63
FUNDACION CENTRO PARA LA PERSONA,2,0.003,96.64
FUNDACION OFTALMOLOGICA DEL CARIBE FOCA,2,0.003,96.64
SUPER DE ALIMENTOS SAS,2,0.003,96.64
UNIVERSIDAD PEDAGOGICA Y TECNOLOGICA DE COLOMBIA UPTC SEDE CHIQUINQUIRA (UNIVERSIDAD PEDAGOGICA Y TECNOLOGICA DE COLOMBIA),2,0.003,96.65
UNIVERSITY OF BATH,2,0.003,96.65
SISTEMAS ESPECIALIZADOS DE INFORMACION S A,2,0.003,96.65
GRANJA PORCICOLA MADRIGAL SAS,2,0.003,96.65
FUNDACION ECSIM CENTRO DE ESTUDIOS EN ECONOMIA SISTEMICA,2,0.003,96.66
INSTITUCION EDUCATIVA BENEDIKTA ZUR NIEDEN,2,0.003,96.66
INSTITUTO DE HIDROLOGIA METEOROLOGIA Y ESTUDIOS AMBIENTALES IDEAM,2,0.003,96.66
NATURAL HISTORY MUSEUM,2,0.003,96.67
UNIVERSIDAD DE TALCA,2,0.003,96.67
FUNDACION BIODIVERSA COLOMBIA,2,0.003,96.67
CENTRO DE DESARROLLO PRODUCTIVO DE JOYERIA,2,0.003,96.68
CORPORACION TECNOLOGICA DE BOGOTA,2,0.003,96.68
FUNDACION NUEVA HERENCIA,2,0.003,96.68
HUMAX PHARMACEUTICAL,2,0.003,96.68
GRUPO HTM,2,0.003,96.69
SENSE SOCIAL AND ENVIRONMENTAL SENSE,2,0.003,96.69
ESCUELA SUPERIOR DE CIENCIAS EMPRESARIALES,2,0.003,96.69
GRUPO ENERGIA BOGOTA ESP,2,0.003,96.7
UNIVERSIDAD NACIONAL DE SAN MARTIN,2,0.003,96.7
FUNDACION CENTRO PARA EL DESARROLLO SOCIAL Y ECONOMICO DE COLOMBIA,2,0.003,96.7
FUNDACION PAZ Y RECONCILIACION,2,0.003,96.71
FUNDACION RUBEN ARDILA PARA EL AVANCE DE LA PSICOLOGIA (FUNDACION PARA EL AVANCE DE LA PSICOLOGIA),2,0.003,96.71
UNIVERSIDAD DE EDIMBURGO,2,0.003,96.71
CORPORACION PARA EL DESARROLLO DE LA DIGNIDAD HUMANA,2,0.003,96.71
FUNDACION UNIVERSITARIA COLOMBO GERMANA,2,0.003,96.72
ASOCIACION DE INVESTIGADORES CIENTIFICOS PARA LA CONSERVACION DEL NEOTROPICO COLOMBIANO,2,0.003,96.72
UNIDAD DE EPIDEMIOLOGIA CLINICA DE LA UNIVERSIDAD JAVERIANA (PONTIFICIA UNIVERSIDAD JAVERIANA),2,0.003,96.72
FUNDACION PLAN,2,0.003,96.73
FUNDACION PARA LA PROMOCION DE LA INVESTIGACION Y LA TECNOLOGIA,2,0.003,96.73
YOLUKA ONG FUNDACION DE INVESTIGACION EN BIODIVERSIDAD Y CONSERVACION,2,0.003,96.73
CENTRE NATIONAL DE LA RECHERCHE SCIENTIFIQUE,2,0.003,96.74
CORPORACION CLINICA UNIVERSIDAD COOPERATIVA DE COLOMBIA,2,0.003,96.74
UNIVERSIDAD DE COIMBRA,2,0.003,96.74
LONDON SCHOOL OF ECONOMICS,2,0.003,96.74
CAJA COLOMBIANA DE SUBSIDIO FAMILIAR COLSUBSIDIO,2,0.003,96.75
INSTITUTO DE EDUCACION Y PEDAGOGIA (UNIVERSIDAD DEL VALLE),2,0.003,96.75
SERVICIO NACIONAL DE APRENDIZAJE CENTRO DE DISENO E INNOVACION TECNOLOGICA INDUSTRIIAL (SERVICIO NACIONAL DE APRENDIZAJE SENA),2,0.003,96.75
FUNDACION CENTRO DE INVESTIGACION DE BIOPROSPECCION Y BIOTECNOLOGIA DE LA BIODIVERSIDAD BIOLABB,2,0.003,96.76
PARQUE DE LA CONSERVACION,2,0.003,96.76
CORPORACION PARA LA INVESTIGACION ACCION EN SOCIEDAD SALUD Y CULTURA,2,0.003,96.76
CORPORACION EDUCATIVA ITAE,2,0.003,96.77
FUNDACION INNOVACION Y CIENCIA POR COLOMBIA,2,0.003,96.77
SECRETARIA DE EDUCACION DE BOYACA (GOBERNACION DE BOYACA SECRETARIA DE EDUCACION),2,0.003,96.77
CENTRO DE INVESTIGACION CIENTIFICA PARA EL DESARROLLO ECONOMICO LA CALIDAD DE VIDA Y SUPERACION DE LA POBREZA CIDECAVIP,2,0.003,96.77
INSTITUTO DE PSICOLOGIA (UNIVERSIDAD DEL VALLE),2,0.003,96.78
CELBIT LTDA,2,0.003,96.78
CENTRO DE LOGISTICA Y PROMOCION ECOTURISTICA DEL MAGDALENA SENA (SERVICIO NACIONAL DE APRENDIZAJE SENA),2,0.003,96.78
INSTITUTO NACIONAL PENITENCIARIO Y CARCELARIO,2,0.003,96.79
TECNOLOGICA FITEC,2,0.003,96.79
FEDERACION NACIONAL DE CULTIVADORES DE CEREALES,2,0.003,96.79
TECKNOWLEDGE,2,0.003,96.8
LABORATORIO CLINICO HEMATOLOGICO S A,2,0.003,96.8
SUCROAL S A,2,0.003,96.8
SOCIEDAD COLOMBIANA DE PEDIATRIA,2,0.003,96.8
ALCALDIA DE TUNJA,2,0.003,96.81
REHABILITAR CUCUTA IPS,2,0.003,96.81
FUNDACION CENTRO COLOMBIANO DE ESTUDIOS PROFESIONALES,2,0.003,96.81
CENTRO DE ELECTRICIDAD ELECTRONICA Y TELECOMUNICACIONES SENA (SERVICIO NACIONAL DE APRENDIZAJE SENA),2,0.003,96.82
UNIVERSIDAD DE LEON,2,0.003,96.82
CORPORACION EDUCATIVA DEL LITORAL,2,0.003,96.82
FONDO NACIONAL DE PROYECTOS DE DESARROLLO FONADE,2,0.003,96.83
AES CHIVOR Y CIA SCA ESP,2,0.003,96.83
CLINICA DE LA COSTA,2,0.003,96.83
INSTITUCION EDUCATIVA DEPARTAMENTAL RURAL DE TASAJERA,2,0.003,96.83
CORPORACION PROTEGIENDONOS,2,0.003,96.84
UNIVERSIDAD DEL SINU DE MONTERIA (UNIVERSIDAD DEL SINU ELIAS BECHARA ZAINUM),2,0.003,96.84
FUNDACION UNIVERSITARIA CATOLICA LUMEN GENTIUM,2,0.003,96.84
EMPRESA DE ENERGIA DE BOYACA SA ESP,2,0.003,96.85
INCLIVA INSTITUTO DE INVESTIGACION SANITARIA,2,0.003,96.85
CORPORACION NACIONAL PARA EL DESARROLLO DEL CHOCO,2,0.003,96.85
JUNTA DE CALIFICACION DE INVALIDEZ,2,0.003,96.86
TRUST INVESTMENT,2,0.003,96.86
CARDIO COLOMBIA SAS,2,0.003,96.86
HASSELT UNIVERSITY,2,0.003,96.86
FUNDACION BOTANICA Y ZOOLOGICA DE BARRANQUILLA,2,0.003,96.87
MAYO CLINIC AND MAYO FOUNDATION,2,0.003,96.87
MASSACHUSETTS INSTITUTE OF TECHNOLOGY,2,0.003,96.87
SENA CENTRO METAL MECANICO (SERVICIO NACIONAL DE APRENDIZAJE SENA),2,0.003,96.88
UNIVERSIDAD NACIONAL ABIERTA Y A DISTANCIA UNAD SEDE IBAGUE (UNIVERSIDAD NACIONAL ABIERTA Y A DISTANCIA),2,0.003,96.88
VISUAL INTERACTION COMMUNICATION TECHNOLOGIES,2,0.003,96.88
MOLECULARVET SAS,2,0.003,96.89
UNIVERSITY OF OXFORD,2,0.003,96.89
INDIAN INSTITUTE OF ENTREPRENEURSHIP,2,0.003,96.89
INSTITUCION EDUCATIVA DIVNA PASTORA,2,0.003,96.89
OFTALMOLOGOS EL TESORO,2,0.003,96.9
GRIFFITH SCHOOL OF ENVIRONMENT GRIFFITH UNIVERSITY,2,0.003,96.9
INSTITUTO TECNOLOGICO DEL PUTUMAYO ITP,2,0.003,96.9
CALIFORNIA INSTITUTE OF TECHNOLOGY CALTECH,2,0.003,96.91
INSTITUTO DE CIENCIAS NATURALES,2,0.003,96.91
COMFAMILIAR ATLANTICO,2,0.003,96.91
DEL VALLE MORA S A S,2,0.003,96.92
INSTITUTO DE ACUICULTURA DE LLANOS IALL,2,0.003,96.92
UNIVERSITY OF EDINBURGH,2,0.003,96.92
SED BOGOTA,2,0.003,96.92
CONVENIO UPTC IGAC,2,0.003,96.93
GRUPO DE INVESTIGACION NUTRICION,2,0.003,96.93
FUNDACION UNIVERSITARIA MANUELA BELTRAN,2,0.003,96.93
UNIVERSIDAD DE BONN,2,0.003,96.94
PRINCETON UNIVERSITY,2,0.003,96.94
GRUPO DE ENTOMOLOGIA INSTITUTO NACIONAL DE SALUD,2,0.003,96.94
CORPORACION INSTITUTO DE ADMINISTRACION Y FINANZAS,2,0.003,96.95
INSTITUTO COLOMBIANO DE INVESTIGACIONES GEOTECNICAS,2,0.003,96.95
UNIVERSIDADE FEDERAL DA PARAIBA,2,0.003,96.95
INSTITUTO PROINAPSA DE LA UNIVERSIDAD INDUSTRIAL DE SANTANDER,2,0.003,96.95
FESC FUNDACION DE ESTUDIOS SUPERIORES DE COMFANORTE,2,0.003,96.96
CENTER FOR RESEARCH AND SURVEILLANCE OF TROPICAL AND INFECTIOUS DISEASES,2,0.003,96.96
UNIVERSIDAD DE ANTIOQUIA ESCUELA DE NUTRICION Y DIETETICA (UNIVERSIDAD DE ANTIOQUIA),2,0.003,96.96
INSTITUTO COLOMBIANO DE MEDICINA TROPICAL INSTITUTO DE CIENCIAS DE LA SALUD CES,2,0.003,96.97
ESCUELA DE ADMINISTRACION UNIVERSIDAD DEL ROSARIO (COLEGIO MAYOR NUESTRA SENORA DEL ROSARIO),2,0.003,96.97
UNIVERSIDAD AUTONOMA DE BAJA CALIFORNIA SUR,2,0.003,96.97
UNIVERSITY OF EAST ANGLIA,2,0.003,96.98
ASOSCIACION COLOMBIANA DE FACULTADES DE ENFERMERIA,2,0.003,96.98
MORENO SERVICIOS LEGALES S A S,2,0.003,96.98
CENTRO DE INVESTIGACION DE LA FUNDACION CARDIOVASCULAR,2,0.003,96.98
UNIVERSIDAD POLITECNICA DE CARTAGENA,2,0.003,96.99
FACULTAD DE CIENCIA POLITICA GOBIERNO Y RELACIONES INTERNACIONALES UROSARIO,2,0.003,96.99
CONCEJO DE BOGOTA (ALCALDIA MAYOR DE BOGOTA),2,0.003,96.99
FUNDACION SERSOCIAL,2,0.003,97.0
UNIVERSIDAD DE CONCPCION,2,0.003,97.0
SANCLEMENTE FERNANDEZ ABOGADOS,2,0.003,97.0
MUSEO DE HISTORIA NATURAL UNIVERSIDAD DEL CAUCA,2,0.003,97.01
SENA (SERVICIO NACIONAL DE APRENDIZAJE SENA),2,0.003,97.01
UNIVERSITY OF WINNIPEG,2,0.003,97.01
INSTITUTO JORGE TADEO LOZANO,2,0.003,97.01
UNIVERSIDAD DEL VALLE FACULTAD DE HUMANIDADES,2,0.003,97.02
GEOCUENCAS S A S,2,0.003,97.02
SUBRED INTEGRADA DE SERVICIOS DE SALUD NORTE E S E,2,0.003,97.02
FUNDACION CIENTIFICA Y TECNOLOGICA PARA EL DESARROLLO DE LA TELEMEDICINA Y LA TELESALUD,2,0.003,97.03
HOSPITAL UNIVERSITARIO ERASMO MEOZ,2,0.003,97.03
RESEARCH FOR TALENT,2,0.003,97.03
HOSPITAL UNIVERSITARIO RAMON Y CAJAL,2,0.003,97.04
FUNDACION IMAGINARIA,2,0.003,97.04
UNIVERSIDAD DE CALDAS MANIZALES,2,0.003,97.04
RED IBEROAMERICANA DE INDICADORES DE CIENCIAS Y TECNOLOGIA RICYT,2,0.003,97.04
CENTRO AGROEMPRESARIAL Y MINERO SENA REGIONAL BOLIVAR,2,0.003,97.05
FUNDACION COLOMBIANA PARA LA INVESTIGACION Y CONSERVACION DE TIBURONES Y RA,2,0.003,97.05
UES DE PEDIATRIA,2,0.003,97.05
GRUPO MALARIA UNIVERSIDAD DE ANTIOQUIA,2,0.003,97.06
CENTRO DE PRODUCTIVIDAD DEL TOLIMA,2,0.003,97.06
INST DE BIOLOGIA FAC CS EXACTAS Y NATLES UNIVERSIDAD DE ANTIOQUIA,2,0.003,97.06
INEM SIMON BOLIVAR,2,0.003,97.07
UNIVERSIDAD DE LA SABANA FACULTAD DE COMUNICACION SOCIAL Y PERIODISMO,2,0.003,97.07
UNIVERSIDAD CES MEDELLIN,2,0.003,97.07
SECRETARIA DE SALUD DEL VALLE,2,0.003,97.07
HOSPITAL UNIVERSITARIO SAN JOSE POPAYAN,2,0.003,97.08
CORPORACION AUTONOMA REGIONAL DEL ATLANTICO,2,0.003,97.08
MUSEU NACIONAL UFRJ,2,0.003,97.08
UNIVERSIDAD DEL ATLANTICO PROFESOR ASOCIADO FACULTAD DE BELLAS ARTES,2,0.003,97.09
HALMSTAD UNIVERSITY,2,0.003,97.09
FACULTAD DE EDUCACION UNIVERSIDAD DE ANTIOQUIA,2,0.003,97.09
INSTITUTO DE ESTUDIOS AMBIENTALES IDEAB UFPS,2,0.003,97.1
CORTE SUPREMA DE JUSTICIA,2,0.003,97.1
OREGON STATE UNIVERSITY,2,0.003,97.1
FUNDACION UNIVERITARIA JUAN N CORPAS,2,0.003,97.1
FUNDACION UNIVERSITARIA MARIA CANO POPAYAN,2,0.003,97.11
OBSERVATORIO ASTRONOMICO NACIONAL,2,0.003,97.11
FUNDACION UNIVERSIDAD DE BOGOTA JORGE TDEO LOZANO,2,0.003,97.11
UNIVERSITY OF CALIFORNIA,2,0.003,97.12
SOCIEDAD COLOMBIANA DE OTORRINOLARINGOLOGIA,2,0.003,97.12
COLINNOVACION S A S,2,0.003,97.12
UNIVERSITY OF CALIFORNIA SAN FRANCISCO,2,0.003,97.13
IED ONCE DE NOVIEMBRE,2,0.003,97.13
UNIVERSITE DE ROUEN,2,0.003,97.13
NANYANG TECHNOLOGICAL UNIVERSITY,2,0.003,97.13
UNIVERSIDAD JAVERIANA INSTITUTO DE SALUD PUBLICA,2,0.003,97.14
SWANSEA UNIVERSITY,2,0.003,97.14
CENTRO FEDERAL DE EDUCACION TECNICA Y TECNOLOGICA DE MINAS GERAIS,2,0.003,97.14
ESCUELA POLITECNICA FEDERAL DE LAUSANNE EPFL,2,0.003,97.15
CORPORACION ACADEMICA PARA EL ESTUDIO DE PATOLOGIAS TROPICALES,2,0.003,97.15
ESCUELA DE CADETES GENERAL SANTANDER,2,0.003,97.15
HOSPITAL UNIVERSITARIO DE SANTANDER,2,0.003,97.16
PROGRAMA INGENIERIA CIVIL UNIVERSIDAD DE MEDELLIN,2,0.003,97.16
E S E HOSPITAL DE ENGATIVA,2,0.003,97.16
UNIVERSIDAD DEL SINU SECCIONAL CARTAGENA ELIAS BECHARA ZAINUM (KARISEGUROS Y CIA LTDA ASESORES DE SEGUROS),2,0.003,97.16
DEFENSORIA DEL PUEBLO,2,0.003,97.17
UNIVERSIDAD DEL ZULIA,2,0.003,97.17
CONACYT,2,0.003,97.17
BIOCRUCES HEALTH RESEARCH INSTITUTE,2,0.003,97.18
CORTE CONSTITUCIONAL DE COLOMBIA,2,0.003,97.18
UNIVERSIDAD DE CASTILLA LA MANCHA,2,0.003,97.18
CENTRO DE INVESTIGACION EN CIENCIAS Y RECURSOS GEOAGROAMBIENTALES,2,0.003,97.19
CENTRO DE INNOVACION DE LA FLORICULTURA COLOMBIANA,2,0.003,97.19
UNIVERSIDAD DEL BOSQUE,2,0.003,97.19
INSTITUTO PARA LA INVESTIGACION Y LA PRESERVACION DEL PATRIMONIO CULTURAL,2,0.003,97.19
COLEGIO INTEGRADO LOS SANTOS,2,0.003,97.2
CENTRO DE DESARROLLO TECNOLOGICO AEROESPACIAL PARA LA DEFENSA (FUERZA AEREA COLOMBIANA),2,0.003,97.2
UNIVERSIDAD EAN SEDE BOGOTA (UNIVERSIDAD EAN),2,0.003,97.2
RADIOLOGOS ASOCIADOS SAS,2,0.003,97.21
HOSPITAL UNIVERSITARIO SAN IGNACIO Y PONTIFICIA UNIVERSIDAD JAVERIANA,2,0.003,97.21
FUNDACION HIDROBIOLOGICA GEORGE DAHL,2,0.003,97.21
UNIVERSIDAD IBEROAMERICANA DE PUEBLA,2,0.003,97.22
PURE CHEMISTRY S A S,2,0.003,97.22
CONSEJO DE ESTADO,2,0.003,97.22
SECRETARIA DE EDUCACION DE MONTERIA,2,0.003,97.22
FUNDACION UNIVERSIDAD DEL NORTE DIVISION DE INGENIERIAS,2,0.003,97.23
WILDLIFE CONSERVATION SOCIETY,2,0.003,97.23
UMEA UNIVERSITY,2,0.003,97.23
COLORADO STATE UNIVERSITY,2,0.003,97.24
CENTRO DE ESTUDIOS AVANZADOS EN NINEZ Y JUVENTUD UMANIZALES CIND,2,0.003,97.24
UNIVERSIDAD DE DELAWARE,2,0.003,97.24
CENTRO DE FORMACION PARA EL DESARROLLO RURAL Y MINERO (SERVICIO NACIONAL DE APRENDIZAJE SENA),2,0.003,97.25
MUNICIPIO DE MEDELLIN,2,0.003,97.25
UNIVERSITE DE MONTREAL,2,0.003,97.25
ZOOLOGICAL MUSEUM OF THE JAGIELLONIAN UNIVERSITY,2,0.003,97.25
INSTITUTO SUPERIOR DE FORMACION DOCENTE SALOME URENA,2,0.003,97.26
SADEP LTDA,2,0.003,97.26
CLINICA CLOFAN,2,0.003,97.26
UNIVERSIDAD AUTONOMA DE BARRANQUILLA,2,0.003,97.27
PADERBORN UNIVERSITAT,2,0.003,97.27
POLITECNICO DE LA COSTA ATLANTICA,2,0.003,97.27
INDEPENDIENTE,2,0.003,97.28
UNIVERSIDAD MARIANA PASTO,2,0.003,97.28
ARABLE LABS,2,0.003,97.28
UNIVERSITY OF GUELPH,2,0.003,97.28
DEPARTAMENTO DE INVESTIGACIONES FUNDACION CARDIOINFANTIL INSTITUTO DE CARDIOLOGIA (FUNDACION CARDIOINFANTIL INSTITUTO DE CARDIOLOGIA),2,0.003,97.29
RTS HOSPITAL MILITAR CENTRAL,2,0.003,97.29
UNIMINUTO CORPORACION UNIVERSITARIA MINUTO DE DIOS BOGOTA D C,2,0.003,97.29
INSTITUTO NACIONAL DE INVESTIGACIONES AGRICOLAS,2,0.003,97.3
CORPORACION POLITECNICO DE LA COSTA,2,0.003,97.3
SOCIEDAD COLOMBIANA DE LA CRUZ ROJA,2,0.003,97.3
ST. CHARLES COMMUNITY COLLEGE,2,0.003,97.31
UNIVERSIDAD DE ONTARIO INSTITUTO DE TECNOLOGIA,2,0.003,97.31
CLINICA MATERNO INFALTIL SAN LUIS,2,0.003,97.31
FUNDACION PARA LA CALIDAD DE LA SALUD Y LA PRESERVACION DEL AMBIENTE EN COL,2,0.003,97.31
INSTITUCION EDUCATIVA SANTO TOMAS,2,0.003,97.32
ESCUELA DE MEDICINA Y CIENCIAS DE LA SALUD,2,0.003,97.32
COORPORACION UNIVERSITARIA DEL CARIBE,2,0.003,97.32
INSTITUTO NACIONAL DE INVESTIGACION E INNOVACION SOCIAL,2,0.003,97.33
VALLEDUPAR DIGITAL,2,0.003,97.33
BANCOLOMBIA,2,0.003,97.33
INSTITUTO DE ERRORES INNATOS DEL METABOLISMO,2,0.003,97.34
AMERICAN MUSEUM OF NATUAL HISTORY,2,0.003,97.34
UNIVERSIDAD NACIONAL DE COLOMBIA SEDE ORINOQUIA (UNIVERSIDAD NACIONAL DE COLOMBIA),2,0.003,97.34
PATRIMONIO NATURAL,2,0.003,97.34
FACULTAD DE INGENIERIA-UDEA,2,0.003,97.35
CLINICA SALUDCOOP,2,0.003,97.35
SEGURA MORON CASTANEDA ASESORES EN SALUD,2,0.003,97.35
CENTRO DE COLUMNA JORALE S A S (JORALE S A S),2,0.003,97.36
POLITECNICA GRAN COLOMBIANO,2,0.003,97.36
MICHIGAN STATE UNIVERSITY,2,0.003,97.36
HOSPITAL MEISSEN E S E,2,0.003,97.37
UNIVERSIDAD DE DEUSTO DE BILBAO,2,0.003,97.37
UNIVERSIDAD DEL VALLE ESCUELA DE COMUNICACION SOCIAL (UNIVERSIDAD DEL VALLE),2,0.003,97.37
CINVESTAV IPN UNIDAD GUADALAJARA,2,0.003,97.37
TRIBUNAL DE ETICA MEDICA,2,0.003,97.38
STANFORD UNIVERSITY,2,0.003,97.38
CORPORACION UNIVERSIDAD REPUBLICANA,2,0.003,97.38
SERVICIOS MEDICOS YUNIS TURBAY INSTITUTO DE GENETICA,2,0.003,97.39
UNIVERSISDAD DE SANTANDER VALLEDUPAR,2,0.003,97.39
UNIVERSIDADE DE SAO PAULO,2,0.003,97.39
UNIVERSITY OF CONNECTICUT,2,0.003,97.4
ESE CLINICA MATERNIDAD RAFAEL CALVO,2,0.003,97.4
INSTITUTO NACIONAL DE TELECOMUNICACOES,2,0.003,97.4
FUNDACION ABUNDANCIA DE CORAZON,2,0.003,97.4
INSTITUTO DE ESTUDIOS POLITICOS,2,0.003,97.41
UNIVERSIDAD DE INVESTIGACION DE TECNOLOGIA EXPERIMENTAL YACHAY TECH,2,0.003,97.41
DEPURACION DE AGUAS DEL MEDITERRANEO,2,0.003,97.41
CONSULTORIO PARTICULAR,2,0.003,97.42
UNIVERISDADE DE BRASILIA,2,0.003,97.42
UNIVERSIDAD NACIONAL DE LA PLATA,2,0.003,97.42
CLINICAS COLSANITAS SA,2,0.003,97.43
THE UNIVERSITY O NORTH CAROLINA AT CHAPEL HILL,2,0.003,97.43
FUNDACION ECOSISTEMAS SECOS DE COLOMBIA,2,0.003,97.43
INSTITUTO DE TECNOLOGIA BIOMEDICA,2,0.003,97.43
RIESGO DE FRACTURA SA CAYRE IPS,2,0.003,97.44
UNIVERSIDADE FEDERAL DO ESPIRITO SANTO,2,0.003,97.44
SENA CENTRO DE BIOTECNOLOGIA INDUSTRIAL,2,0.003,97.44
CENTRO DE INVESTIGACION EN COMPORTAMIENTO ORGANIZACIONAL CINCEL SAS,2,0.003,97.45
DELFT UNIVERSITY OF TECHNOLOGY,2,0.003,97.45
SOLUCIONES AGROINDUSTRIALES DE COLOMBIA,2,0.003,97.45
CORPORACION BIENESTAR VERDE,2,0.003,97.46
FUNDACION INFO VIDA,2,0.003,97.46
ALSEC ALIMENTOS SECOS SAS,2,0.003,97.46
SEDE DE INVESTIGACION UNIVERSITARIA U DE A (UNIVERSIDAD DE ANTIOQUIA),2,0.003,97.46
COLEGIO LUIS CARLOS GALAN SARMIENTO,2,0.003,97.47
UNIVERSIDAD DE HUELVA,2,0.003,97.47
ADMINISTRADORA COUNTRY SAS OPERADOR CLINICA DEL COUNTRY,2,0.003,97.47
FORMAR INNOVAR COLEGIO CAMPESTRE,2,0.003,97.48
"UNIVERSIDADE FEDERAL DE MATO GROSSO, UFMT",2,0.003,97.48
UNIVERSITY OF MICHIGAN ANN ARBOR,2,0.003,97.48
BIOMAB IPS SAS,2,0.003,97.49
IPS UNIVERSITARIA SERVICIOS DE SALUD UNIVERSIDAD DE ANTIOQUIA (INSTITUCION PRESTADORA DE SERVICIOS DE SALUD UNIVERSIDAD DE ANTIOQUIA I P S UNIVERSITARIA),2,0.003,97.49
CONSULTOR INDEPENDIENTE,2,0.003,97.49
GRUPO REPRODUCCION,2,0.003,97.49
CORPORACION UNIVERSITARIA AMERICANA SELLO EDITORIAL CORUNIAMERICANA,2,0.003,97.5
ENDHO COLOMBIA,2,0.003,97.5
ESCUELA DE POLICIA SIMON BOLIVAR,2,0.003,97.5
UNIVERSIDAD DE ANTWERPEN,2,0.003,97.51
CENTRO DE EDUCACION MILITAR,2,0.003,97.51
SINERGIA GLOBAL EN SALUD SAS,2,0.003,97.51
UNIVERSIDAD AUTONOMA DE ZACATECAS,2,0.003,97.52
ORGANIZACION CORONA,2,0.003,97.52
ESCUELA NORMAL SUPERIOR DISTRITAL MARIA MONTESSORI,2,0.003,97.52
BRIGHAM AND WOMEN S HOSPITAL HARVARD UNIVERSITY,2,0.003,97.52
INSTITUTO DE GENETICA UNIVERSIDAD NACIONAL DE COLOMBIA (UNIVERSIDAD NACIONAL DE COLOMBIA),2,0.003,97.53
FORENPSIC,2,0.003,97.53
CORPORACION ESTUDIANTES UNIVERSITARIOS Y PROFESIONALES MARINILLA,2,0.003,97.53
HOSPITAL DEPARTAMENTAL TOMAS URIBE URIBE ESE,2,0.003,97.54
CIRAD FLHOR DE FRANCIA INSTITUTO DE INVESTIGACION Y COOPERACION EN EL CAMPO AGRONOMICO Y AGROALIMENTARIO,2,0.003,97.54
3D INGENIERIA BQ S A S,2,0.003,97.54
CATALAN INSTITUTE OF NANOSCIENCE AND NANOTECHNOLOGY,2,0.003,97.55
ACADEMIA SUPERIOR DE ARTES (CORPORACION ACADEMIA SUPERIOR DE ARTES),2,0.003,97.55
CENTRO DE LA INNOVACION LA AGROINDUSTRIA Y LA AVIACIN (SERVICIO NACIONAL DE APRENDIZAJE SENA),2,0.003,97.55
INSTITUCION EDUCATIVA TECNICO AGROPECUARIO,2,0.003,97.55
MAX PLANCK INSTITUT FUR ORNITHOLOGIE,2,0.003,97.56
POLITECNICO INTERNACIONAL,2,0.003,97.56
IED CEDID GUILLERMO CANO ISAZA,2,0.003,97.56
VISOR ABOGADOS SAS,2,0.003,97.57
SECRETARIA DISTRITAL DE INTEGRACION SOCIAL (ALCALDIA MAYOR DE BOGOTA),2,0.003,97.57
CLINICA GASTROMED INSTITUTO ZILBERSTEIN,2,0.003,97.57
CORPORACION COLOMBIANA DEL SABER CIENTIFICO SCIO,2,0.003,97.58
INSTITUTO DE ALTA TECNOLOGIA MEDICA DE ANTIOQUIA,2,0.003,97.58
FACULTAD DE CIENCIAS UNIVERSIDAD DE LA REPUBLICA,2,0.003,97.58
CAIMED SAS,2,0.003,97.58
HOSPITAL UNIVERSITARIO SAN JORGE,2,0.003,97.59
FORMARTE SA,2,0.003,97.59
PFIZER COLOMBIA,2,0.003,97.59
INSTITUTO DE ECORREGIONES ANDINAS,2,0.003,97.6
GRUPO DE INVESTIGACION INTERFASE,2,0.003,97.6
UNIVERSITY OF WARWICK,2,0.003,97.6
SECRETARIA DE EDUCACION MUNICIPAL DE CIENAGA,2,0.003,97.61
HOSPITAL VISTA HERMOSA PRIMER NIVEL DE ATENCION,2,0.003,97.61
BUSINESS INTELLIGENCE AND DEMOGRAPHY,2,0.003,97.61
UNIVERSIDAD AUTONOMA DE QUERETARO,2,0.003,97.61
COOPERATIVA EMPRESA SOLIDARIA DE SALUD Y DESARROLLO INTEGRAL COOSALUD EPS,2,0.003,97.62
INGENIO MANUELITA,2,0.003,97.62
UNIDAD QUIRURGICA AMBULATORIA SALUD SURA,2,0.003,97.62
FUNDACION CIENTIFICA SIETE,2,0.003,97.63
CENTRO DE DESARROLLO TECNOLOGICO AEROESPACIAL PARA LA DEFENSA,2,0.003,97.63
MINISTERIO DE DEFENSA NACIONAL FUERZA AEREA COLOMBIANA CACOM5 CETAD (CENTRO DE DESARROLLO AEROESPACIAL PARA LA DEFENSA CETADCACOM5),2,0.003,97.63
ARMADA NACIONAL DE COLOMBIA BOGOTA,2,0.003,97.64
PATOLOGOS VETERINARIOS ASOCIADOS,2,0.003,97.64
AGENCIA NACIONAL DE DEFENSA JURIDICA DEL ESTADO,2,0.003,97.64
TECHNISCHE UNIVERSITEIT DELFT,2,0.003,97.64
CORPORACION UNIFICADA NACIONAL DE EDUCACION SUPERIOR,2,0.003,97.65
SELVAGUA SAS,2,0.003,97.65
RMB TECNOLOGIA SAS,2,0.003,97.65
COMISION DE REGULACION DE COMUNICACIONES,2,0.003,97.66
INSTITUCION UNIVERSITARIA ESCUELA NACIONAL DEL DEPORTE,2,0.003,97.66
CORPORACION UNIVERSIDAD PILOTO DE COLOMBIA SEDE GIRARDOT (CORPORACION UNIVERSIDAD PILOTO DE COLOMBIA),2,0.003,97.66
MICROFERTISA,2,0.003,97.67
LABORATORIOS LAPROFF S A,2,0.003,97.67
VRIJE UNIVERSITEIT BRUSSELS,2,0.003,97.67
LIQUID CRYSTAL INSTITUTE,2,0.003,97.67
DIRECCIAN CENTRO DE REHABILITACIAN INCLUSIVA,2,0.003,97.68
INSTITUCION EDUCATIVA DISTRITAL NORMAL SUPERIOR MARIA AUXILIADORA,2,0.003,97.68
RED DE EDUCACION Y DESARROLLO HUMANO,2,0.003,97.68
UNIVERSIDAD DE PERNAMBUCO,2,0.003,97.69
ESCUELA INTERNACIONAL DE NEGOCIOS Y DESARROLLO EMPRESARIAL DE COLOMBIA,2,0.003,97.69
FOSUNAB INTERNACIONAL,2,0.003,97.69
INSTITUTE OF PHYSICAL CHEMISTRY OF THE POLISH ACADEMY OF SCIENCES,2,0.003,97.7
SAN FRANCISCO STATE UNIVERSITY,2,0.003,97.7
MIT ZARAGOZA LOGISTICS CENTER,2,0.003,97.7
UNIVERSIDADE FEDERAL DE SAO CARLOS,2,0.003,97.7
MINISTERIO DE EDUCACION DE CUBA,2,0.003,97.71
CENTRO DE AUTOMATIZACION INDUSTRIAL SERVICIO NACIONAL DE APRENDIZAJE (SERVICIO NACIONAL DE APRENDIZAJE SENA),2,0.003,97.71
COLEGIO BILINGUE CLERMONT,2,0.003,97.71
TULANE UNIVERSITY OF LOUISIANA,2,0.003,97.72
SERVICIO NACIONAL DE APRENDIZAJE (SERVICIO NACIONAL DE APRENDIZAJE SENA),2,0.003,97.72
ESCUELA DE LOGISTICA,2,0.003,97.72
HOSPITAL NAVAL DE CARTAGENA,2,0.003,97.73
INSTITUTO NACIONAL DE FORMACION TECNICA PROFESIONAL,2,0.003,97.73
SENA CENTRO AGROINDUSTRIAL Y PESQUERO DE LA COSTA PACIFICA,2,0.003,97.73
CAJA DE COMPENSACION FAMILIAR COMFENALCO VALLE,2,0.003,97.73
SERVICIOS ODONTOMEDICOS DEL CARIBE LTDA,2,0.003,97.74
INSTITUTO COLOMBIANO DEL DEPORTE,2,0.003,97.74
UNIVERSIDAD DE CIENCIAS EMPRESARIALES Y SOCIALES,2,0.003,97.74
ROBOTICA DEL CARIBE S A S,2,0.003,97.75
JAGIELLONIAN UNIVERSITY,2,0.003,97.75
LABORATORIO CLINICO CLINICA GENERAL DEL NORTE,2,0.003,97.75
UNIVERSIDAD CATOLICA DE ORIENTE U C O (UNIVERSIDAD CATOLICA DE ORIENTE),2,0.003,97.76
OKLAHOMA STATE UNIVERSITY,2,0.003,97.76
ROBERTET ANDINA,2,0.003,97.76
UNION DE CIRUJANOS GASTROENTEROLOGOS SAS,2,0.003,97.76
POLICIA NACIONAL DE COLOMBIA ESCUELA NACIONAL DE POLICIA GENERAL SANTANDE,2,0.003,97.77
TECHNICAL UNIVERSITY OF MUNICH,2,0.003,97.77
FUNDACION UNIVERSITARIAUNIMONSERRATE,2,0.003,97.77
SOSTELI GROUP,2,0.003,97.78
CARE4YOU,2,0.003,97.78
FUNDACION CLINICA VALLE DEL LILI,2,0.003,97.78
CORPORACION UNIVERSITARIA U DE COLOMBIA,2,0.003,97.79
INSTITUCION DE UDUCACION SUPERIO ITFIP,2,0.003,97.79
UNIVERSIDAD SANTIAGO DE CALI SECCIONAL PALMIRA (UNIVERSIDAD SANTIAGO DE CALI),2,0.003,97.79
PRODUCTOS ALIMENTICIOS DORIA SAS,2,0.003,97.79
UNIR,2,0.003,97.8
UMNG,2,0.003,97.8
GOBERNACION DE ANTIOQUIA SECRETARIA DE EDUCACION (GOBERNACION DE ANTIOQUIA),2,0.003,97.8
HOSPITAL SUSANA LOPEZ DE VALENCIA ESE,2,0.003,97.81
HEALTH Y PHARMA,2,0.003,97.81
UTRECHT UNIVERSITY,2,0.003,97.81
SERVICIO NACIONAL DE APRENDIZAJE SEDE POPAYAN (SERVICIO NACIONAL DE APRENDIZAJE SENA),2,0.003,97.82
NORTH CAROLINA STATE UNIVERSITY,2,0.003,97.82
THE UNIVERSITY OF TEXAS HEALTH SCIENCE CENTER AT HOUSTON UTHEALTH,2,0.003,97.82
ALIMENTOS PRODUCTOS E INGREDIENTES NATURALES EXAGON SAS,2,0.003,97.82
COMPANIA DE MEDICINA PREPAGADA COLSANITAS S A,2,0.003,97.83
UNIVERSIDAD DE LLEIDA,2,0.003,97.83
HOSPITAL INFANTIL LOS ANGELES,2,0.003,97.83
MED COLOMBIA SAS,2,0.003,97.84
ORGANIZACION INTERNACIONAL PARA LAS MIGRACIONES OIM,2,0.003,97.84
UNIVERSIDAD LIBRE DE COLOMBIA PEREIRA (UNIVERSIDAD LIBRE DE COLOMBIA),2,0.003,97.84
PROCAPS S A,2,0.003,97.85
NATIONAL INSTITUTES OF HEALTH (NIH),2,0.003,97.85
LABORATORIO DE INVESTIGACION HORMONAL LIH S A,2,0.003,97.85
COOPERATIVA DE TECNOLOGOS E INGENIEROS DE LA INDUSTRA DEL PETROLEO Y AFINES,2,0.003,97.85
TEXAS AYM UNIVERSITY COLLEGE STATION,2,0.003,97.86
ESCUELA POMPONAZZI,2,0.003,97.86
GOBERNACION DEL DEPARTAMENTO DEL CESAR,2,0.003,97.86
GATHERGEIST,2,0.003,97.87
USP - UNIVERSIDADE DE SAO PAULO,2,0.003,97.87
CAMPOALEGREHUILA CENTRO DE FORMACION AGROINDUSTRIAL,2,0.003,97.87
ENTIDAD PROMOTORA DE SALUD SANITAS S A,2,0.003,97.88
UNIVERSIDADE ESTADUAL DE CAMPINAS UNICAMP,2,0.003,97.88
UNIVERSIDAD DE MONTERREY,2,0.003,97.88
THE UNIVERSITY OF MELBOURNE,2,0.003,97.88
INSTITUTO DE TECNOLOGIAS EN DETECCION Y ASTROPARTICULAS ITEDA,2,0.003,97.89
S4L,2,0.003,97.89
PONTIFICA UNIVERSIDAD CATOLICA DE CHILE,2,0.003,97.89
CLINICA MEDILASER SA,2,0.003,97.9
UNIVERSIDAD CENTRAL DE VENEZUELA,2,0.003,97.9
ENVIRONMENT TECHNOLOGY FOUNDATION,2,0.003,97.9
FUNDACION UNIVERSITARIA SALESIANA,2,0.003,97.91
FUNDACION CARDIOMET CEQUIN,2,0.003,97.91
SCADIA SAS,1,0.001,97.91
FUNDACION ECOYACO,1,0.001,97.91
ASOCIACION COLOMBIANA PRO ENSENANZA DE LA CIENCIA BUINAIMA,1,0.001,97.91
CORPORACION COLOMBIA INTERNACIONAL,1,0.001,97.91
COOPERATIVA DE HOSPITALES DEL VALLE DEL CAUCA,1,0.001,97.91
FUNDACION HORIZONTE VERDE FHV,1,0.001,97.91
INSTITUTO COLOMBIANO DE INVESTIGACIONES BIOMEDICAS,1,0.001,97.92
HOSPITAL SAMARITANA (HOSPITAL UNIVERSITARIO DE LA SAMARITANA H U S),1,0.001,97.92
SEMILLAS VALLE S A,1,0.001,97.92
CORPORACION UNIVERSAL DE INVESTIGACION Y TECNOLOGIA,1,0.001,97.92
CORPORACION CENTRO DE DESARROLLO TECNOLOGICO PISCICOLA SURCOLOMBIANO ACUAPEZ,1,0.001,97.92
INSTITUCION DE EDUCACION SABER,1,0.001,97.92
INSTITUTO COLOMBIANO DE DESARROLLO RURAL INCODER,1,0.001,97.92
FUNDACION PARA LA RURALIDAD LA EDUCACION Y EL DESARROLLO,1,0.001,97.92
INSTITUTO DE CIENCIA Y TECNOLOGIA DE ALIMENTOS A C T A,1,0.001,97.92
TRIADA INTERNATIONAL CO S A S,1,0.001,97.92
BIOPOLIMEROS INDUSTRIALES,1,0.001,97.93
HOSPITAL INFANTIL UNIVERSITARIO RAFAEL HENAO TORO MANIZALES,1,0.001,97.93
SECRETARIA DE ASUNTOS PEDAGOGICOS Y EDUCACION SINDICAL ADIDA,1,0.001,97.93
FUNDACION MUSEO DEL MAR,1,0.001,97.93
HOSPITAL BOCAGRANDE,1,0.001,97.93
SOCIEDAD COLOMBIANA DE UROLOGIA,1,0.001,97.93
FUNDACION PROSIERRA NEVADA DE SANTA MARTA,1,0.001,97.93
CORPORACION EDUCATIVA COMBOS COMUNIDADES EDUCATIVAS DE BASE,1,0.001,97.93
HOSPITAL UNIVERSITARIO DE SINCELEJO ESE,1,0.001,97.93
GONAWINDUA ETTE ENNAKA IPS INDIGENA,1,0.001,97.93
LABORATORIO GILETE,1,0.001,97.94
ASOCIACION DE GRADUADOS DE ENFERMERIA,1,0.001,97.94
FUNDACION PARA EL AVANCE DE LA PSICOLOGIA,1,0.001,97.94
INSTITUTO SER DE INVESTIGACION,1,0.001,97.94
SECRETARIA DE SALUD DE SANTANDER S S S (GOBERNACION DE SANTANDER),1,0.001,97.94
UNIVERSITY OF SOUTH FLORIDA,1,0.001,97.94
CORPORACION GEMCI,1,0.001,97.94
BIOFILM S A,1,0.001,97.94
DUTO S A,1,0.001,97.94
CARBOQUIMICA SAS,1,0.001,97.94
CENTRO DE ESTUDIOS REGIONALES DEL SUR,1,0.001,97.95
CORPORACION NACIONAL DE INVESTIGACION Y FOMENTO FORESTAL CONIF,1,0.001,97.95
INSTITUTO DEPARTAMENTAL DE SALUD DE NARINO,1,0.001,97.95
ASOCIACION COLOMBIANA DE ORNITOLOGIA,1,0.001,97.95
FUNDACION VIDA SILVESTRE NEOTROPICAL,1,0.001,97.95
RED UNIVERSITARIA JOSE CELESTINO MUTIS,1,0.001,97.95
CENTRO DE MICROELECTRONICA DE LA UNIVERSIDAD DE LOS ANDES (UNIVERSIDAD DE LOS ANDES),1,0.001,97.95
INDUSTRIA MILITAR,1,0.001,97.95
REDES Y COMUNICACIONES DE COLOMBIA,1,0.001,97.95
UNIVERSIDAD DEL VALLE SEDE TULUA (UNIVERSIDAD DEL VALLE),1,0.001,97.95
CORPORACION AUTONOMA REGIONAL DE BOYACA CORPOBOYACA,1,0.001,97.96
INSTITUTO DEL CORAZON DE BUCARAMANGA,1,0.001,97.96
FUNDACION RED MUNDIAL PARA LA INVESTIGACION Y EL DESARROLLO DE LA SALUD PERINATAL Y REPRODUCTIVA,1,0.001,97.96
UNIVERSITY OF NOTTINGHAM,1,0.001,97.96
FUNDACION INNOVAGEN,1,0.001,97.96
PLAYASCOL CORPORATION LTDA,1,0.001,97.96
FUNDACION TOMODACHI,1,0.001,97.96
CENTRO INTERNACIONAL DE INVESTIGACION CLINICO PSICOLOGICA,1,0.001,97.96
CORPORACION GAEA,1,0.001,97.96
PINTUCO,1,0.001,97.96
MIC SYSTEM S A S,1,0.001,97.97
SOCIEDAD MEDICA ANTIOQUENA S A,1,0.001,97.97
GOBERNACION DE SANTANDER,1,0.001,97.97
TECSCORP,1,0.001,97.97
FUNDACION CARIBE EN LA SOCIEDAD DEL CONOCIMIENTO,1,0.001,97.97
3BIOMAT,1,0.001,97.97
UNIVERSIDAD NACIONAL ABIERTA Y A DISTANCIA UNAD SEDE POPAYAN (UNIVERSIDAD NACIONAL ABIERTA Y A DISTANCIA),1,0.001,97.97
ASOCIACION DE VETERINARIOS DE VIDA SILVESTRE,1,0.001,97.97
CONSTRUCSUELOS SUMINISTROS LTDA,1,0.001,97.97
SENA CENTRO PARA EL DESARROLLO DEL HABITAT Y LA CONSTRUCCION (SERVICIO NACIONAL DE APRENDIZAJE SENA),1,0.001,97.97
BIOFENIX S A S,1,0.001,97.98
FUNDACION MANDUCO PARA LA INVESTIGACION Y LA CONSTRUCCION DEL TEJIDO SOCIAL,1,0.001,97.98
UNIVERSITE DE RENNES 1 UPRES EA1254,1,0.001,97.98
CENTRO DE INVESTIGACIONES OCEANOGRAFICAS E HIDROGRAFICAS DEL PACIFICO,1,0.001,97.98
MONOMEROS COLOMBO VENEZOLANOS SA,1,0.001,97.98
INSTITUTO DE DESARROLLO URBANO IDU BOGOTA CO,1,0.001,97.98
MEDICIENCIAS NEUROLOGIA CLINICA Y FUNCIONAL LTDA,1,0.001,97.98
CENTRO DE INVESTIGACIONES Y ASESORIAS AGROINDUSTRIALES CIAA UNIVERSIDAD DE BOGOTA JORGE TADEO LOZANO (UNIVERSIDAD JORGE TADEO LOZANO),1,0.001,97.98
CORPORACION ECOFONDO,1,0.001,97.98
UNIVERSIDAD ANDINA SIMON BOLIVAR,1,0.001,97.98
EMPRESA BRASILEIRA PESQUISA AGROPECUARIA,1,0.001,97.99
CULTIVOS Y SEMILLAS EL ACEITUNO LTDA,1,0.001,97.99
SERVICIO NACIONAL DE APRENDIZAJE SENA TOLIMA CENTRO AGROPECUARIO LA GRANJA (SERVICIO NACIONAL DE APRENDIZAJE SENA),1,0.001,97.99
ASOCIACION DE INSTITUTORES DE ANTIOQUIA (SECRETARIA DE ASUNTOS PEDAGOGICOS Y EDUCACION SINDICAL ADIDA),1,0.001,97.99
HUMBOLDT UNIVERSITAT,1,0.001,97.99
ASOCIACION INTERNACIONAL DE GESTION CIENTIFICA TECNOLOGICA E INNOVACION SOCIAL,1,0.001,97.99
CORPORACION PATOLOGIA VETERINARIA,1,0.001,97.99
INSTITUTO NACIONAL DE INVESTIGACION EN OFTAMOLOGIA LTDA,1,0.001,97.99
CENTRO DE DESARROLLO TECNONOLOGICO DEL CESAR CDT CESAR,1,0.001,97.99
SAVE THE CHILDREN,1,0.001,97.99
ASOCIACION COLOMBIANA DE FACULTADES DE MEDICINA,1,0.001,98.0
INSTITUTO LATINOAMERICANO DE INVESTIGACION EN CUIDADOS DE LA SALUD,1,0.001,98.0
TELETID,1,0.001,98.0
DALHOUSIE UNIVERSITY,1,0.001,98.0
FUNDACION NACIONAL SOMOS,1,0.001,98.0
NATURALES CASVIOR S A S,1,0.001,98.0
CORPORACION PARQUE CULTURAL DEL CARIBE,1,0.001,98.0
ORACLE COLOMBIA LTDA,1,0.001,98.0
FUNDACION CONSULTORES DEL TALENTO HUMANO,1,0.001,98.0
FUNDACION SOCIAL BANACOL CORBANACOL,1,0.001,98.0
PRODUCTOS FAMILIA SA,1,0.001,98.01
CONGREGACION DE LOS HERMANOS DE LAS ESCUELAS CRISTIANAS,1,0.001,98.01
CAFESALUD EPS,1,0.001,98.01
CORPORACION PARA LA CIENCIA LA INVESTIGACION LA INNOVACION Y EL EMPRENDIMIENTO,1,0.001,98.01
SUME ENERGYC,1,0.001,98.01
PRODUCTOS QUIMICOS ANDINOS S A,1,0.001,98.01
SENADO DE LA REPUBLICA CENTRO DE ALTOS ESTUDIOS LEGISLATIVOS,1,0.001,98.01
FUNDACION INTERNACIONAL DE PEDAGOGIA CONCEPTUAL ALBERTO MERANI,1,0.001,98.01
ASOCIACION COLOMBIANA DE MEDICOS VETERINARIOS ESPECIALISTAS EN MEDICINAS COMPLEMENTARIAS Y TERAPIAS ALTERNATIVAS,1,0.001,98.01
GOTTA INGENIERIA,1,0.001,98.01
ISAGEN S A ESP,1,0.001,98.02
FUNDACION WISE INNOVATIONS,1,0.001,98.02
CORPORACION ESCUELA GALAN,1,0.001,98.02
QUIRURGICOS ESPECIALIZADOS S A S,1,0.001,98.02
ALMACENES EXITO S A,1,0.001,98.02
UNIVERSIDAD DE CHILE FACULTAD DE MEDICINA,1,0.001,98.02
KATHOLIEKE UNIVERSITEIT LEUVEN,1,0.001,98.02
UNIVERSIDAD DE JAEN,1,0.001,98.02
GOBERNACION DE CUNDINAMARCA,1,0.001,98.02
CORPORACION PARA EL DESARROLLO SOSTENIBLE DEL SUR DE LA AMAZONIA CORPOAMAZONIA,1,0.001,98.02
HOSPITAL DEL SUR E S E,1,0.001,98.03
CORPORACION AMBIENTAL EMPRESARIAL,1,0.001,98.03
UNIDAD ADMINISTRATIVA ESPECIAL DE AERONAUTICA CIVIL,1,0.001,98.03
SOLUCIONES INNOVADORAS EN TECNOLOGIA EMPRESARIAL S A S,1,0.001,98.03
CLINICA VERSALLES S A,1,0.001,98.03
FUNDACION CARTIF,1,0.001,98.03
HOSPITAL PABLO VI BOSA,1,0.001,98.03
ASOCIACION DE EGRESADOS DE LA UNIVERSIDAD DE LOS ANDES (UNIVERSIDAD DE LOS ANDES),1,0.001,98.03
UNIVERSIDAD NACIONAL DE COLOMBIA COLCIENCIAS,1,0.001,98.03
SWISS FEDERAL INSITITUTE OF TECHNOLOGY,1,0.001,98.03
SAMANEA FUNDACION DE APOYO EDUCATIVO E INVESTIGATIVO,1,0.001,98.04
COLORADO COLLEGE,1,0.001,98.04
CIRAD,1,0.001,98.04
CENTRO DE ATENCION PRIMARIA FACULTAD DE ENFERMERIA,1,0.001,98.04
SECRETARIA DE SALUD MUNICIPAL DE IBAGUE (ALCALDIA MUNICIPAL DE IBAGUE),1,0.001,98.04
HOSPITAL UNIVERSITARIO DE BARRANQUILLA,1,0.001,98.04
THE UNIVERSITY OF NORTH CAROLINA AT GREENSBORO,1,0.001,98.04
ORGANIZACION SER HUMANO S A S,1,0.001,98.04
PERSEUS ALLIANZ,1,0.001,98.04
INSTITUCION ETNOEDUCATIVA NUESTRA SENORA DE FATIMA,1,0.001,98.04
UNIVERSIDAD COOPERATIVA DE COLOMBIA SECCIONAL NEIVA,1,0.001,98.05
UNIVERSIDAD COLEGIO MAYOR DE NUESTRA SENORA DEL ROSARIO (COLEGIO MAYOR NUESTRA SENORA DEL ROSARIO),1,0.001,98.05
CENTRO NACIONAL DE INVESTIGACIONES CARDIOVASCULARES CARLOS LLERAS RESTREPO,1,0.001,98.05
SENA CENTRO INDUSTRIAL DE MANTENIMIENTO INTEGRAL,1,0.001,98.05
INTER AMERICAN DEVELOPMENT BANK,1,0.001,98.05
ASESORES EN INNOVACION Y GESTION EMPRESARIAL SAS,1,0.001,98.05
SECRETARIA DE SALUD PUBLICA MUNICIPAL DE CALI COOPERATIVA PSP,1,0.001,98.05
CENTRE EPIC INSTITUTO DE CARDIOLOGIA DE MONTREAL,1,0.001,98.05
REVISTA TERRITORIOS,1,0.001,98.05
UNIV NACIONAL ANDRES BELLO,1,0.001,98.05
UNIVERSIDAD AUTONOMA DE CHIAPAS,1,0.001,98.06
E S E HOSPITAL NAZARETH QUINCHIA,1,0.001,98.06
INSTITUTO DISTRITAL DE PATRIMONIO CULTURAL,1,0.001,98.06
LUMENS FIDEAS SAS,1,0.001,98.06
ASOCIACION ESPANOLA DE ESPECIALISTAS EN MEDICINA DEL TRABAJO,1,0.001,98.06
ESCUELA PEDAGOGICA EXPERIMETAL,1,0.001,98.06
JOHN URIBE E HIJOS S A,1,0.001,98.06
RED LATINOAMERICANA DE CIENCIAS BIOLOGICAS,1,0.001,98.06
C I MILPA S A,1,0.001,98.06
ASOCIACION COLOMBIANA DE TRASTORNOS DEL ANIMO,1,0.001,98.06
COMPENSAR EPS,1,0.001,98.07
FACULTAD DE INGENIERIA UNIVERSIDAD DE ANTIOQUIA,1,0.001,98.07
ASOCIACION COLOMBIANA DE CRIADORES DE BUFALOS ACB,1,0.001,98.07
CENTRO AGROEMPRESARIAL Y ACUICOLA REGIONAL LA GUAJIRA,1,0.001,98.07
VISTAMARINA SAS,1,0.001,98.07
ASOCIACION WAYUU ARAURAYU,1,0.001,98.07
ESCUELA DE AVIACION DEL EJERCITO,1,0.001,98.07
UNIVERSIDAD DEL ESTADO DE RIO DE JANEIRO,1,0.001,98.07
CLINICA MEDS,1,0.001,98.07
COLEGIO DE SANTANDER,1,0.001,98.07
SECRETARIA DE INTEGRACION SOCIAL DEL DISTRITAL,1,0.001,98.08
CENTRO AGROTURISTICO SENA SAN GIL,1,0.001,98.08
CLINICA NUESTRA SENORA DE LOS REMEDIOS,1,0.001,98.08
INSTITUTO DE INGENIERIA DE ALIMENTOS PARA EL DESARROLLO,1,0.001,98.08
UNIVERSITAT POLITECNICA DE VALENCIA,1,0.001,98.08
DIRECCION GENERAL PARA LA PREVENCION Y ATENCION DE DESASTRES,1,0.001,98.08
CENTRO DE ESTUDIOS EN CIENCIAS DEL MAR UNIVERSIDAD NACIONAL (UNIVERSIDAD NACIONAL DE COLOMBIA),1,0.001,98.08
SOCIEDAD DE INFECTOLOGOS DEL CARIBE COLOMBIANO S.A.S.,1,0.001,98.08
GRUPO DE INVESTIGACION EN BIOQUIMICA,1,0.001,98.08
UNIVERSIDAD DEL ISTMO,1,0.001,98.08
ASOCIACION BOGOTANA DE ORNITOLOGIA,1,0.001,98.09
LICEO FRANCES,1,0.001,98.09
BARRY UNIVERSITY,1,0.001,98.09
COLEGIO BILINGUE DE SANTA MARTA,1,0.001,98.09
CONSEJO LATINOAMERICANO DE CIENCIAS SOCIALES CLACSO,1,0.001,98.09
UNIVERSITATSSTADT TUBINGEN GLEICHSTELLUNG UND INTEGRATION,1,0.001,98.09
CENTRO DE INVESTIGACIONES UNIVERSIDAD DE MANIZALES,1,0.001,98.09
CENTRO DE ESTUDIOS AVANZADOS NINEZ Y JUVENTUD UNIVERSIDAD DE MANIZALES CINDE,1,0.001,98.09
CENTRO DE AUTOMATIZACION INDUSTRIAL SENA REGIONAL CALDS (SERVICIO NACIONAL DE APRENDIZAJE SENA),1,0.001,98.09
GIMNASIO MODERNO DE BOGOTA,1,0.001,98.09
CENTRO DE ESTUDIOS CIENTIFICOS EN EDUCACION Y PEDAGOGIA,1,0.001,98.1
ASOCIACION PISCICOLA EL VERGEL,1,0.001,98.1
DYNAMIC DEFENSE SOLUTIONS SAS,1,0.001,98.1
UNIVERSITY OF KENTUCKY,1,0.001,98.1
SOAS UNIVERSITY OF LONDON,1,0.001,98.1
SOCIEDAD RED COLOMBIANA DE OPTICA,1,0.001,98.1
ARTHROFOOD,1,0.001,98.1
FUNDACION CARDIOVASCULAR DE COLOMBIA ZONA FRANCA SAS,1,0.001,98.1
UNIVERSIDAD PRIVADA DR RAFAEL BELLOSO CHACIN,1,0.001,98.1
CENTRO DE CONSULTORIA Y SERVICIO,1,0.001,98.1
UNIVERSITY OF TEXAS DALLAS,1,0.001,98.11
HOSPITAL LASCARIO BARBOSA AVENDANO,1,0.001,98.11
ORGANIZACION INTERNACIONAL DEL TRABAJO,1,0.001,98.11
INSTITUCION EDUCATIVA TENICO INDUSTRIAL DIEZ DE MAYO,1,0.001,98.11
CENTRE INTERNACIONAL DE METODES NUMERICS EN ENGINYERIA,1,0.001,98.11
ORQUESTA CUERDAS FILARMONICAS DE PEREIRA,1,0.001,98.11
CLINICA LOS CONDES,1,0.001,98.11
UNIVERSIDADE FEDERAL DE VICOSA CENTRO DE CIENCIAS BIOLOGICAS E DA SAUDE,1,0.001,98.11
UNIV DEL ZULIA,1,0.001,98.11
UNIVERSIDADE FEDERAL RURAL DE PERNAMBUCO,1,0.001,98.11
REVISTA LATIN AMERICAN POLICY,1,0.001,98.12
INSTITUCION EDUCATIVA LA PRIMAVERA,1,0.001,98.12
ALBERT SABIN INSTITUTE,1,0.001,98.12
CLINICA SAMEIN,1,0.001,98.12
CORPORACION PARA LA INVESTIGACION ETNOMUSICAL SON DE NEGRO,1,0.001,98.12
ASOCIACION COLOMBIANA PYME,1,0.001,98.12
ELSAMEX INTERNACIONAL SUCURSAL COLOMBIA,1,0.001,98.12
DEPARTAMENTO DE POSGRADO CENTRO MEIRA DELMAR,1,0.001,98.12
BIOTRISKEL SAS,1,0.001,98.12
ESCUELA DE NUTRICION Y DIETETICA UNIVERSIDAD DE ANTIOAUIA,1,0.001,98.12
UNIVERSIDAD METROPOLITANA DE EDUCACION CIENCIA Y TECNOLOGIA,1,0.001,98.13
FUNDACION CENTRO DE ESTUDIOS EN ECONOMIA SISTEMICA,1,0.001,98.13
CORPORACION PARQUE TECNOLOGICO DE INNOVACION TECNICAFE,1,0.001,98.13
EMPRESER TEJIDO EMPRESARIAL LTDA,1,0.001,98.13
CLINICA DE MARLY S A,1,0.001,98.13
UNIVERSIDAD DE ILINOIS,1,0.001,98.13
ESCRITORIO JURIDICO NORONO SANCHEZ TREJO S C,1,0.001,98.13
FUNDACION RED COLOMBIANA DE SEMILLEROS DE INVESTIGACION REDCOLSI,1,0.001,98.13
SEDIC S A,1,0.001,98.13
FONDO DE LAS POBLACIONES UNIDAS,1,0.001,98.13
GRUPO EMPRESARIAL EMCOSALUD,1,0.001,98.14
INSIGNARES Y SILVA ABOGADOS ASOCIADOS,1,0.001,98.14
GRUPO RESERCA INSEGNAMENTO MATEMATICA,1,0.001,98.14
DIVISION DE HMANIDADES Y CIENCIAS SOCIALES,1,0.001,98.14
FUNDACION CENTRO DE PRIMATES,1,0.001,98.14
CONSORCIO PARA LA INVESTIGACION CIENTIFICA CAUCASECO,1,0.001,98.14
INSTITUTO DE ESTUDIOS SUPERORES EN EDUCACION,1,0.001,98.14
CORPORACION RED DE UNIVERSIDADES PUBLICAS DEL EJE CAFETERO ALMA MATER,1,0.001,98.14
ORGANIZACION CAMINERA DE ANTIOQUIA,1,0.001,98.14
INSTITUTO NACIONAL MATERNO PERINATAL,1,0.001,98.14
COLCIENCIAS UNIVERSIDAD DEL VALLE,1,0.001,98.15
FEDERACION ANDINA DE ASOCIACIONES NACIONALES DE EDUCACION SUPERIOR EN CIENC,1,0.001,98.15
CAMARA DE LA INDUSTRIA Y COMERCIO COLOMBO ALEMANA,1,0.001,98.15
FACULTAD DE INGENIRRIA,1,0.001,98.15
INSTITUTO NACIONAL DE BIODIVERSIDAD,1,0.001,98.15
UNIVERSIDAD NACIONAL EXPERIMENTAL RAFAEL MARIA BARALT,1,0.001,98.15
FUNDACION INFANCIA Y APRENDIZAJE,1,0.001,98.15
CENTRO DE ESTUDIOS AVANZADOS INSTITUTO VENEZOLANO DE INVESTIGACIONES CIENT,1,0.001,98.15
SOCIEDAD DE BIOFISICOS LATINOAMERICANOS,1,0.001,98.15
MACIAS GOMEZ ABOGADOS,1,0.001,98.15
PROGRAMA DE LAS NACIONES UNIDAS PARA EL DESARROLLO,1,0.001,98.16
INVESTIGACION UNIVERSIDAD LA SALLE,1,0.001,98.16
GRUPO DE INVESTIGACION EN PSICOLOGIA,1,0.001,98.16
UNIVERSIDAD TECNOLOGICA DEL CHOCO,1,0.001,98.16
SECRETARIA DE AGRICULTURA DE BOYACA,1,0.001,98.16
CENTRO BIOTECNOLOGIACO DEL CARIBE SENA REGIONAL CESAR,1,0.001,98.16
EMPRESA METRO DE BOGOTA SA,1,0.001,98.16
MUSEUM NATIONAL D HISTOIRE NATURELLE FRANCIA,1,0.001,98.16
ARISTIZABAL OCHOA INGENIEROS ASESORES,1,0.001,98.16
TECNIAMBIENTAL,1,0.001,98.16
CENTRO DE EXCELENCIA EN CIENCIAS MARINAS,1,0.001,98.17
INSTITUTO NACIONAL DE INVESTIGACION Y TECNOLOGIA AGRARIA Y ALIMENTARIA,1,0.001,98.17
FUNDACION CUANGARE,1,0.001,98.17
ASOCIACION PROFESIONAL IEEE COLOMBIA,1,0.001,98.17
COMPANIA GENERAL DE ACEROS S A,1,0.001,98.17
FUNDACION INSTITUCION PRESTADORA DE SERVICIOS DE SALUD DE LA UNIVERSIDAD DE PAMPLONA,1,0.001,98.17
TECHNISCHE UNIVERSITAT DRESDEN INSTITUTE OF FOOD TECHNOLOGY AND BIOPROCESS,1,0.001,98.17
SOCIEDAD INTERAMERICANA DE PSICOLOGIA,1,0.001,98.17
CENTRO DE INVESTIGACION Y DESARROLLO TECNOLOGICO PARA LA INDUSTRIA ELECTRON,1,0.001,98.17
UNIVERSIDAD DE LA FONTERA,1,0.001,98.17
SMURFIT KAPPA,1,0.001,98.18
ESCUELA NACIONAL DE CIENCIAS BIOLOGICAS,1,0.001,98.18
JUNTA REGIONAL DE CALIFICACION DE INVALIDEZ REGIONAL NARINO,1,0.001,98.18
TESLAB GEO AMBIENTAL,1,0.001,98.18
DEPAUL UNIVERSITY,1,0.001,98.18
CENTRO REGIONAL DE PRODUCCION MAS LIMPIA UTP,1,0.001,98.18
ASOCIACION COLOMBIANA DE DIABETES,1,0.001,98.18
ASOCIACION COLOMBIANA DE DIETISTAS Y NUTRICIONISTAS ACODIN,1,0.001,98.18
FUNDACION INSTITUTO DE ESTUDIOS POLITICOS Y RELACIONES INTERNACIONALES AMIGOS DEL IEPRI,1,0.001,98.18
ESCUELA DE ARTES Y LETRAS,1,0.001,98.18
ALCALDIA DE PAMPLONA,1,0.001,98.19
ASOCIACION COLOMBIANA DE LIMNOLOGIA,1,0.001,98.19
JOHNS HOPKINS UNIVERSITY SCHOOL OF PUBLIC HEALTH,1,0.001,98.19
CORPORACION PARA LA EDUCACION Y EL DESARROLLO SOSTENIBLE,1,0.001,98.19
CLINICA BAUTISTA,1,0.001,98.19
GUNMA UNIVERSITY GRADUATE SCHOOL OF MEDICINE,1,0.001,98.19
DEPARTAMENTO DE RADIOLOGIA CLINICA SOMA,1,0.001,98.19
WOMA S A S,1,0.001,98.19
UNIVERSIDAD ANTONIO NARINO IBAGUE (UNIVERSIDAD ANTONIO NARINO),1,0.001,98.19
BARRIOS COMUNICACIONES,1,0.001,98.19
UNIVERSIDAD DE LOS ANDES DEPARTAMENTO DE INGENERIA ELECTRICA,1,0.001,98.2
FACULTAD DE BIOLOGIA MARINA,1,0.001,98.2
GRUPO DE INVESTIGACION EN SISTEMATICA MOLECULAR UNAL,1,0.001,98.2
UNIVERSIDAD DE BOCHUM,1,0.001,98.2
GRUPO PARA EL CONTROL DE LA RESISTENCIA BACTERIANA BOGOTA,1,0.001,98.2
UNIVERSIDAD DE ALICANTE,1,0.001,98.2
UNIVERSITY OF LOUISIANA AT LAFAYETTE,1,0.001,98.2
CIUDAD DIGITAL ALCALDIA DE BUCARAMANGA,1,0.001,98.2
IPSOS NAPOLEON FRANCO,1,0.001,98.2
LATINOAMERICANA DE EDUCACION INVESTIGACION Y TECNOLOGIA,1,0.001,98.2
MEDICINA INTERNA Y CARDIOLOGIA,1,0.001,98.21
RED DE UNIVERSIDADES DEL DOCTORADO EN CIENCIAS DE LA EDUCACION,1,0.001,98.21
ABOGADO LITIGANTE,1,0.001,98.21
DRUGS JOURNAL SINCE,1,0.001,98.21
INSTITUTO MATERNO INFANTIL,1,0.001,98.21
COLEGIO REPUBLICA DE COLOMBIA IED,1,0.001,98.21
INSTITUTO NACIONAL DE REHABILITACION DE MEXICO,1,0.001,98.21
DEPARTAMENTO DE HISTORIA UNIVERSIDAD DE ANTIOQUIA,1,0.001,98.21
UNIVERSITY OF FREIBURG,1,0.001,98.21
CORPORACION AUTONOMA REGIONAL DEL VALLE DEL CAUCA CVC,1,0.001,98.21
DEPARTAMENTO ADMINISTRATIVO DEL MEDIO AMBIENTE,1,0.001,98.22
FAC DE EDUCACION FISICA (UNIV DE PLAYA ANCHA CS EDUCACION),1,0.001,98.22
CONSEJO NACIONAL DE EDUCACION SUPERIOR,1,0.001,98.22
UNIVERSIDAD DE NARINO DEPARTAMENTO DE BIOLOGIA,1,0.001,98.22
UNIVERSITY OF TEXAS AL SAN ANTONIO,1,0.001,98.22
FACULTAD DE EEDUCACION,1,0.001,98.22
SEMINARIO MAYOR VILLA PAUL CONGREGACION DE LA MISION DE PADRES VICENTINOS,1,0.001,98.22
CENTRO DE INFORMACION PSICOSOCIAL,1,0.001,98.22
FACULTAD DE CIENCIAS AGRARIAS UNIVERSIDAD DE ANTIOQUIA,1,0.001,98.22
CENTRO AGROEMPRESARIAL Y PECUARIO DEL HUILA,1,0.001,98.22
UNIVERSITY OF CALIFORNIA LOS ANGES,1,0.001,98.23
CENTRO MEDICO JULIAN CORONEL,1,0.001,98.23
DEPARTAMENTO DERECHO COMERCIAL,1,0.001,98.23
CORPOBIOTICA CORPORACION PARA EL DESARROLLO INVESTIGACION Y APLICACION,1,0.001,98.23
COOPERATIVA PARA EL DESARROLLO INTEGRAL DE SALUD DE CARTAGENA,1,0.001,98.23
FURGONES DEL ORIENTE S A,1,0.001,98.23
UNIVERSIDAD DE VALLADOLID,1,0.001,98.23
AUTORREGULADOR DEL MARCADO DE VALORES,1,0.001,98.23
FUNDACION REIKI MANOS DE LUZ,1,0.001,98.23
INSTITUTO FRANCES DE ESTUDIOS ANDINOS,1,0.001,98.23
CENTRO DE INVESTIGACIONES DEL CAFE,1,0.001,98.24
UNIVERSITAT BREMEN,1,0.001,98.24
BAYLOR COLLEGE OF MEDICINE,1,0.001,98.24
CONSERVATION INTERNATIONAL COLOMBIA,1,0.001,98.24
INSTITUCION EDUCATIVA JORGE ELIECER GAITAN,1,0.001,98.24
MUSEO CASA DE LA MEMORIA,1,0.001,98.24
COLEGIO TECNICO DE LA ESCUELA COLOMBIANA DE CARRERAS INDUSTRIALES (UNIVERSIDAD ECCI),1,0.001,98.24
FACULTAD DE DERECHO U EXTERNADO DE COLOMBIA DPTO DERECHO DE LOS NEGOCIOA,1,0.001,98.24
SECRETARIA DE EDUCACION DISTRITAL COLEGIO SAN BERNARDINO IED,1,0.001,98.24
CORPORACIAN FORMACIAN CIUDADANA,1,0.001,98.24
INTITUCION EDUCATIVA TECNICA JOSE IGNACIO DE MARQUEZ,1,0.001,98.25
INTERNATIONAL RESEARCH INSTITUTE FOR CLIMATE AND SOCIETY COLUMBIA UNIV,1,0.001,98.25
FUNDACION FUTURO COLOMBIANO,1,0.001,98.25
HOSPITAL PSIQUIATRICO SAN CAMILO,1,0.001,98.25
AMERICANA DE TRENZADOS,1,0.001,98.25
UNIGUAJIRA,1,0.001,98.25
ESCUELA SUPERIORES DE LA POLICIA NACIONAL,1,0.001,98.25
CENTRO DE TRANSFERENCIA DE CONOCIMIENTO E INNOVACION,1,0.001,98.25
INSTITUTO ESPECIALIZADO PARA LA FORMACION DIPLOMATICA,1,0.001,98.25
GANADERIA RIO GRANDE,1,0.001,98.25
ASOCIACION PANAMERICANA OTORRINOLARINGOLOGIA CABEZA Y CUELLO,1,0.001,98.26
IMPERIAL COLLEGE LONDON,1,0.001,98.26
ENSAMBLE INVESTIGACIONES (SALUD TRANSVERSAL),1,0.001,98.26
CENTRO DE INVESTIGACION DOCENCIA Y CONSULTORIA ADMINISTRATIVA F CIDCA,1,0.001,98.26
CENTRO NACIONAL DE EVALUACION PARA LA EDUCACION SUPERIOR A C,1,0.001,98.26
RED EDUCATIVA PARA LA TRANSFORMACION DOCENTE LATINOAMERICANA,1,0.001,98.26
CLINICA DE FRACTURAS,1,0.001,98.26
PROMEO,1,0.001,98.26
UNIVERSIDAD DE MONTEREY,1,0.001,98.26
CORPORACION IBEROAMERICANA PARA LA EDUCACION INTEGRAL,1,0.001,98.26
INSTITUCION EDUCATIVA LUIS CARLOS GALAN SARMIENTO,1,0.001,98.27
PROVINCIA SAN LUIS BERTRAN DE COLOMBIA,1,0.001,98.27
FUNDACION REANIMACION COLOMBIANA,1,0.001,98.27
CHINESE ACADEMY OF TROPICAL AGRICULTURAL SCIENCES CATAS,1,0.001,98.27
UNIVERSITY OF MISSOURI COLUMBIA USA,1,0.001,98.27
THE FOOD AND AGRICULTURE ORGANIZATION,1,0.001,98.27
CLADEA,1,0.001,98.27
THE UNIVERSITY OT TEXAS MEDICAL BRANCH,1,0.001,98.27
BIOS CENTRO DE BIOINFORMATICA Y BIOLOGIA COMPUTACIONAL DE COLOMBIA (CENTRO DE BIOINFORMATICA Y BIOLOGIA COMPUTACIONAL DE COLOMBIA),1,0.001,98.27
UNIVERSITY OF TENNESSEE HEALTH SCIENCE CENTER,1,0.001,98.27
HOSPITAL UNVIERSITARIO RAMON GONZALEZ VALENCIA,1,0.001,98.28
DIVISION DE CIENCIAS BASICAS UNIVERSIDAD DEL NORTE,1,0.001,98.28
CENTRO DE DIAGNOSTICO AUTOMOTOR MOTOSPORT LAS AMERICAS,1,0.001,98.28
ESCUELA NORMAL NACIONAL DE URIBIA,1,0.001,98.28
CLINICA UNIVERSITARIA TELETON,1,0.001,98.28
OFICINA EXPOSITO ABOGADOS,1,0.001,98.28
PROGRAMA DE ADMINISTRACION Y GESTION AMBIENTAL,1,0.001,98.28
INSTITUTO TECNICO DE ALTA TECNOLOGIA,1,0.001,98.28
UNIVERSITY OF NORTH CAROLINA,1,0.001,98.28
ASOCIACION DE MUNICIPIOS DELOS DEPARTAMENTOS DE CORDOBA Y SUCRE,1,0.001,98.28
ESCUELA DE SUBOFICIALES Y NIVEL EJECUTIVO GONZALO JIMENEZ DE QUESADA,1,0.001,98.29
GRUPO DE INVESTIGACION EN INGENIERIA Y TECNOLOGIA DE ALIMENTOS,1,0.001,98.29
CORPOACION ACADEMICA AMBIENTAL (UNIVERSIDAD DE ANTIOQUIA),1,0.001,98.29
INSTITUCION DEPARTAMENTAL SAN JOSE DE PUEBLOVIEJO,1,0.001,98.29
CENTRO SALUD MENTAL,1,0.001,98.29
FUNDACION SALUD PARA EL TROPICO,1,0.001,98.29
FUNDACION PROYECTO NAVIO,1,0.001,98.29
INSTITUTO SIMON RODRIGUEZ,1,0.001,98.29
FUNDACION ALEJANDRA ORTEGA LOPEZ,1,0.001,98.29
INSTITUTO NACIONAL DE VIAS,1,0.001,98.29
INEM FELIPE PEREZ DE PEREIRA,1,0.001,98.3
UNIVERSIDAD ESTADUAL PAULISTA JULIO MESTQUITA FILHO,1,0.001,98.3
CUARTA DE CUBIERTA SERVICIOS EDITORIALES,1,0.001,98.3
BIONANOTECH SAS,1,0.001,98.3
BIO SAFE,1,0.001,98.3
UNIVERSIDAD AGUSTINIANA UNIAGUSTINIANA,1,0.001,98.3
UNIVERSIDAD PEDAGOGICA Y EXPERIMENTAL EL LIBERTADOR,1,0.001,98.3
UNIVERSITY OF KANSAS,1,0.001,98.3
XARXA SOLIDARIA SABADELL COLOMBIA,1,0.001,98.3
CENTRO DE INVESTIGACION Y FORMACION DE TRANSITO Y TRANSPORTE,1,0.001,98.3
UNIVERSIDAD DEL SALVADOR,1,0.001,98.31
CORP COMUNITARIA ORDENADORA PARA EL BIENESTAR LA EDUCACION Y LA INVERSION,1,0.001,98.31
FUNDACION EDUCATIVA COLEGIO DIOCESANO RICAURTE,1,0.001,98.31
UNIVERSIDAD CATOLICA POPULAR DEL RISARALDA,1,0.001,98.31
ORGANIZACION DE NACIONES UNIDAS PARA LA AGRICULTURA Y LA ALIMTACION,1,0.001,98.31
INSTITUTO NACIONAL DE SALUD DE COLOMBIA,1,0.001,98.31
ANSCHUTZ MEDICAL CAMPUS UNIVERSITY OF COLORADO,1,0.001,98.31
COLGATE,1,0.001,98.31
UNIDAD DE CUIDADOS INTENSIVOS,1,0.001,98.31
COMITE INTERNACIONAL DE LA CRUZ ROJA,1,0.001,98.31
CENTRO AGROEMPRESARIAL,1,0.001,98.32
COOPERATIVA MEDICA DE ANTIOQUIA,1,0.001,98.32
UNIVERSIDAD DE POTSDAM,1,0.001,98.32
SENDEROS Y ENCUENTROS PARA UN DESARROLLO SUSTENTABLE,1,0.001,98.32
E S E HOSPITAL UNIVERSITARIO DEPARTAMENTAL DE NARINO,1,0.001,98.32
PONTIFICIA UNIVERSIDAD CATOLICA DE VALPARAISO,1,0.001,98.32
PARQUE TECNOLOGICO DEL SOFTWARE,1,0.001,98.32
CAPACITES,1,0.001,98.32
PROGRAMA NACIONES UNIDAS,1,0.001,98.32
UNIDAD ADMINISTRATIVA ESPECIAL DEL SISTEMA DE PARQUES NACIONALES NATURALES UAESPNN REGIONAL SURANDINA,1,0.001,98.32
UNIVERSIDAD NACIONAL ABIERTA Y A DISTANCIA UNAD SEDE MEDELLIN,1,0.001,98.33
THE GEISEL SCHOOL OF MEDICINE AT DARTMOUTH,1,0.001,98.33
VU MEDICAL CENTER,1,0.001,98.33
UNIVERSITY OF DELAWARE,1,0.001,98.33
THE NORWEGIAN UNIVERSITY OF LIFE SCIENCES,1,0.001,98.33
UNIVERSIDADE FEDERAL DE UBERLANDIA,1,0.001,98.33
ESCUELA DE DANZAS FOLCLORICAS PALMA AFRICANA,1,0.001,98.33
EMPRESA COOPERATIVA DE SERVICIOS DE EDUCACION Y SALUD,1,0.001,98.33
FUNDACION OAISIS DE AMOR,1,0.001,98.33
SECRETARIA DE GOBIERNO DISTRITAL (ALCALDIA MAYOR DE BOGOTA),1,0.001,98.33
SECRETARIA DE EDUCACION Y CULTURA DE ANTIOQUIA,1,0.001,98.34
FUNDACION INSTITUTO PARA LA INVESTIGACION DEL MEDICAMENTO EN LOS SISTEMAS,1,0.001,98.34
HOSPITAL LA FE ESPANA,1,0.001,98.34
INSTITUTO AMAZONICO DE INVESTIGACIONES IMANI,1,0.001,98.34
GERMAN INSTITUTE OF GLOBAL AND STUDIES AREA,1,0.001,98.34
XERES LO SAS,1,0.001,98.34
SECRETARIA DE EDUCACION DE TUNJA,1,0.001,98.34
NEOTROPICAL ORNITHOLOGICAL SOCIETY,1,0.001,98.34
UNIVERSIDAD DE ANTIOQUIA MAX PLANCK TANDEM GROUP,1,0.001,98.34
MINISTERIO DE CULTURA DE COLOMBIA,1,0.001,98.34
FIELD MUSEUM,1,0.001,98.35
INSTITUTO SUPERIOR FORMACION DOCENTE SALOME URENA,1,0.001,98.35
CORPORACION SOCIOECOLOGICA PARA EL FUTURO DE BOLIVAR ECOFUTURO,1,0.001,98.35
CONSULTARIO PRIVADO,1,0.001,98.35
M A S ESTUDIOS SAS,1,0.001,98.35
FACULTAD DE ODONTOLOGIA DE LA UNIVERSIDAD NACIONAL DE COLOMBIA,1,0.001,98.35
CONSEJO NACIONAL DE INVESTIGACIONES CIENTIFICAS Y TECNICAS,1,0.001,98.35
FACULTAD DE DERECHO Y CIENCIAS POLITICAS UNIVERSIDAD DE ANTIOQUIQ,1,0.001,98.35
ARQUITECTURA,1,0.001,98.35
UNIVERSITY OF FERRARA,1,0.001,98.35
UNIVERSIDAD PILOTO,1,0.001,98.36
UNIDAD ADMINISTRATIVA ESPECIAL DEL SISTEMA DE PARQUES NACIONALES NATURALES,1,0.001,98.36
UNIVERSITY OF WYOMING,1,0.001,98.36
SECRETARIA DE EDUCACION DEPARTAMENTAL DE BOYACA,1,0.001,98.36
UNIVERSITE DE PARIS IV PARIS SORBONNE,1,0.001,98.36
UNIVERSIDAD INDUSTRIAL DE SANTANDER ESCUELA DE FILOSOFIA,1,0.001,98.36
FUNDACION UNIVERSITARIA DE SAN GIL,1,0.001,98.36
FUNDACION TROPICO VIVO,1,0.001,98.36
AMOXTLI HISTORIA DE LA EDICION Y LA LECTURA,1,0.001,98.36
WWF COLOMBIA,1,0.001,98.36
ALCALDIA DE BUCARAMANGA,1,0.001,98.37
UNIVERSITY OF NEW MEXICO,1,0.001,98.37
FUNDACION ECOMARES,1,0.001,98.37
FUNDACION UCI DONA PILAR,1,0.001,98.37
INSTITUT DE CIENCIA I TECNOLOGIA AMBIENTAL,1,0.001,98.37
PRACTICA PROFESIONAL PRESTACION DE SERVICIOS,1,0.001,98.37
ESCUELA DE ARQUITECTURA Y DISENO DE AMERICA LATINA Y EL CARIBE ISTHMUS,1,0.001,98.37
CENTRO DE INVESTIGACIONES EN TECNOLOGIAS AMBIENTALES CITA,1,0.001,98.37
CITY UNIVERSITY OF NEW YORK,1,0.001,98.37
GRUPO DE INVESTIGACION EN MICROBIOLOGIA INDUSTRIA Y AMBIENTE,1,0.001,98.37
FORSCHUNGSZENTRUM JULICH,1,0.001,98.38
UFJC FACULTAD TECNOLOGICA,1,0.001,98.38
FUNDACION PARA LA INVESTIGACION Y LA CONSERVACION BIOLOGICA MARINA (FUNDACION ECOMARES),1,0.001,98.38
UNIVERSITY OF COPENHAGEN,1,0.001,98.38
CENTRO DE CIENCIAS GENOMICAS,1,0.001,98.38
CENTRO NACIONAL DE LOS RECURSOS RENOVABLES (SERVICIO NACIONAL DE APRENDIZAJE SENA),1,0.001,98.38
ADVECTOR S A S,1,0.001,98.38
ORGANIZACION SANITAS,1,0.001,98.38
UNIVERSITY OF UTAH,1,0.001,98.38
WESTERN SYDNEY UNIVERSITY,1,0.001,98.38
ESCUELA DE COMUNICACIONES MILITARES,1,0.001,98.39
FEDERACION COLOMBIANA DE GANADEROS,1,0.001,98.39
ANADARKO COLOMBIA COMPANY SUCURSAL COLOMBIA,1,0.001,98.39
COLEGIO GIMNASIO VERMONT SA,1,0.001,98.39
UNIVERSIDAD DE ANTIOQUIA SEDE MEDELLIN (UNIVERSIDAD DE ANTIOQUIA),1,0.001,98.39
HOSPITAL FERNANDO TROCONIS,1,0.001,98.39
NATIONAL LIBRARY OF NEW ZEALAND,1,0.001,98.39
CORPORACION PARA LA INVESTIGACION EL DESARROLLO CIENTIFICO Y LA INNOVACION,1,0.001,98.39
FUNDACION PUBLICA ANDALUZA PARA LA INVESTIGACION BIOSANITARIA DE ANDALUCIA,1,0.001,98.39
PONTIFICIA UNIVERSIDADE CATOLICA DO RIO DE JANEIRO,1,0.001,98.39
UNIVERSIDAD DEL PAIS VASCO,1,0.001,98.4
SECRETARIA DE EDUCACION MUNICIPAL DE FLORENCIA,1,0.001,98.4
UNIVERDOBASIDAD DE CORDOBA,1,0.001,98.4
ASSOCIATION POUR LA RECHERCHE ET LE DAVELOPPEMENT DES MATHODES ET PROCESSUS INDUSTRIELS,1,0.001,98.4
UNIVERSIDAD DE PUERTO RICO,1,0.001,98.4
SENA SERVICIO NACIONAL DE APRENDIZAJE REGIONAL HUILA,1,0.001,98.4
CENTRO COLOMBO AMERICANO,1,0.001,98.4
SUPERIOR ENERGY SERVICES,1,0.001,98.4
UNIVERSITY OF PRINCE EDWARD ISLAND,1,0.001,98.4
INSTITUTO NACIONAL DE PESQUISAS ESPACIAIS,1,0.001,98.4
FUNDACION UNIVERSITARIA BARCELO,1,0.001,98.41
AZIERTA SCIENCE HEALTH,1,0.001,98.41
CENTER FOR CHEMICAL SENSOR DEVELOPMENT,1,0.001,98.41
INSTITUCION EDUCATIVA DE ROZO,1,0.001,98.41
CENTRE INTERNATIONAL DE RECHERCHE EN AGRONOMIE POUR LE DEVELOPPEMENT,1,0.001,98.41
UNION TEMPORAL GUAYURIBA SOSTENIBLE,1,0.001,98.41
ESCUELA NORMAL SUPERIOR MARIA AUXILIADORA DE VILLAPINZON,1,0.001,98.41
CENTRO DE INNOVACION EDUCATIVA Y FORMACION PEDAGOGICA,1,0.001,98.41
CLINICA VETERINARIA ZOORICATOS,1,0.001,98.41
GOBERNACION DEL META,1,0.001,98.41
ADECCO SERVICIOS COLOMBIA S A,1,0.001,98.42
CENTRO DE INVESTIGACION DES CORDELIERS,1,0.001,98.42
ESCUELA DE DERECHOS HUMANOS Y DERECHO INTERNACIONAL HUMANITARIO DEL EJERCIT,1,0.001,98.42
MONTREAL CHILDREN S HOSPITAL,1,0.001,98.42
HOSPITAL GENERAL DE MEDELLIN,1,0.001,98.42
OPERADORA VIAL DE COLOMBIA,1,0.001,98.42
SECRETARIA DE EDUCACION DEL DISTRITO,1,0.001,98.42
FUNDACION TECNOLOGICO CONFENALCO (FUNDACION UNIVERSITARIA TECNOLOGICO COMFENALCO CARTAGENA),1,0.001,98.42
FUNDACION LABORATORIO DE FARMACOLOGIA VEGETAL LABFARVE,1,0.001,98.42
SERVICIO NACIONAL DE APRENDIZAJE SENA REGIONAL QUINDIO (SERVICIO NACIONAL DE APRENDIZAJE SENA),1,0.001,98.42
MUTUAL SER ESS,1,0.001,98.43
UNIVERSIDAD DE CONCORDIA,1,0.001,98.43
UNIVERSITAT TUEBINGEN EBERHARD KARLS,1,0.001,98.43
TECHNICAL UNIVERSITY OF BRAUNSCHWEIG,1,0.001,98.43
ASOCIACION PARA LA PROMOCION DE LA INNOVACION SOCIAL BASADA EN TICS,1,0.001,98.43
IDEOIDE S A S,1,0.001,98.43
DEPARTMENT OF PATHOBIOLOGY OVC UNIVERSITY OF GUELPH,1,0.001,98.43
U S SOYBEAN EXPORT COUNCIL,1,0.001,98.43
FUNDACION GRUPO ARGOS,1,0.001,98.43
EMPRESA SOCIAL DEL ESTADO SUROCCIDENTE,1,0.001,98.43
INSTITUCION EDUCATIVA JOSE ANTONIO GALAN,1,0.001,98.44
CENTRO DE FORMACION AGROINDUSTRIAL LA ANGOSTURA SENA REGIONAL HUILA,1,0.001,98.44
DEPARTAMENTO DE INVESTIGACIONES UNIVERSIDAD CENTRAL,1,0.001,98.44
STRATEGIC INTELLIGENCE,1,0.001,98.44
GOBERNACION DEL CAUCA SECRETARIA DE AGRICULTURA,1,0.001,98.44
DEPARTAMENTO ADMINISTRATIVO DEL DEPORTE LA RECREACIAN LA ACTIVIDAD FASICA Y EL APROVECHAMIENTO DEL TIEMPO LIBRE A COLDEPORTES,1,0.001,98.44
COLLEGE VOOR DE TOELATING VAN GEWASBESCHERMINGSMIDDELEN EN BIOCIDEN,1,0.001,98.44
UNIVERSIDAD FEDERAL RIO GRANDE DEL NORTE,1,0.001,98.44
MUNICIPIO DE SAN JOSE DE CUCUTA,1,0.001,98.44
CAJA DE COMPENSACION FAMILIAR DE BOYACA,1,0.001,98.44
GOTOMATIK S A S,1,0.001,98.45
APIARIOS EL PINAR CIA LTDA,1,0.001,98.45
UNIVERSIDAD NACIONAL DE QUILMES ARGENTINA,1,0.001,98.45
CODESIA LTDA,1,0.001,98.45
FUNDACION PROYECCION ECO SOCIAL,1,0.001,98.45
UNIVERSITY OF SYDNEY,1,0.001,98.45
THE JOHNS HOPKINS HOSPITAL,1,0.001,98.45
THE UNIVERSITY OF SYDNEY,1,0.001,98.45
CLINICA CARDIOVASCULAR,1,0.001,98.45
SECRETARIA DE EDUCACION PARA LA CULTURA,1,0.001,98.45
INSTITUTO DEL CORAZON,1,0.001,98.46
FUNDACION UNIVESIDAD CENTRAL,1,0.001,98.46
SEMINARIO TEOLOGICO REFORMADO DE COLOMBIA,1,0.001,98.46
INSTITUCION UNIVERSITARIA CENTRO DE ESTUDIOS,1,0.001,98.46
GRUPO DE ENFOQUE EN ENERGIA Y CAMBIO CLIMATICO,1,0.001,98.46
ROCCAP SAS,1,0.001,98.46
UNIVERSITY OF BIRMINGHAM,1,0.001,98.46
CNRS UNIVERISDAD DE TOULOUSE,1,0.001,98.46
FUNDACION MARIA CANO MEDELLIN,1,0.001,98.46
SECRETARIA DE EDUCACION DE FLORENCIA,1,0.001,98.46
FUNDACIAN KOBB,1,0.001,98.47
LEWIS AND CLARK COLLEGE,1,0.001,98.47
ESCUELA NORMAL SUPERIOR DEL QUNDIO,1,0.001,98.47
SERVICIO NACIONAL DE APRENDIZAJE CENTRO DE FORMACION AGROINDUSTRIAL,1,0.001,98.47
FUNDACION COLOMBIA EMPRENDE VI OPERADOR PAE BOYACA,1,0.001,98.47
NEWCASTLE UNIVERSITY,1,0.001,98.47
GRUPO DE BIOQUIMICA TEORICA UIS,1,0.001,98.47
HERES AVOCATS,1,0.001,98.47
COMITE NATIONAL DES CONSEILLERS DU COMMERCE EXTERIEUR DE LA FRANCE,1,0.001,98.47
JESUITAS AMAZONAS BRASIL,1,0.001,98.47
NORGTECH S A TECNOLOGIA EN NUTRICION ORGANICA,1,0.001,98.48
FARO TECNOLOGICO,1,0.001,98.48
CLINICA MADRE BERNARDA DE CARTAGENA,1,0.001,98.48
IED JOSE FELIX RESTREPO,1,0.001,98.48
ACADEMIA DE MEDICINA DE CALDAS,1,0.001,98.48
"CENTRAL INSTITUTE OF MENTAL HEALTH, MANNHEIM,",1,0.001,98.48
PLANT AND AGRIBIOSCIENCES RESEARCH CENTER NATIONAL UNIVERSITY OF IRELAND GALWAY,1,0.001,98.48
MUSEO CASA CULTURAL GUSTAVO ROJAS PINILLA,1,0.001,98.48
UNIVERSIDAD DE ALMERIA,1,0.001,98.48
COOMEVA SALUD,1,0.001,98.48
CENTRO JAVERIANO DE ONCOLOGIA,1,0.001,98.49
OBSERVATORIO REGIONAL DEL MERCADO DE TRABAJO DEL HUILA,1,0.001,98.49
UNIVERSIDAD DE LOS LAGOS,1,0.001,98.49
CORPORACION PARA EL DESARROLLO SOCIAL Y AMBIENTA,1,0.001,98.49
BIOCANNABICOL,1,0.001,98.49
INSTITUTO ALEXANDER VON HUMBOLDT MINISTERIO DEL MEDIO PETROLEOSE,1,0.001,98.49
SERVICIOS Y ASESORIAS EN INFECTOLOGIA,1,0.001,98.49
INSTITUTE OF MACROMOLECULAR CHEMISTRY PETRU PONI,1,0.001,98.49
EMPRESA SOCIAL DEL ESTADO HOSPITAL UNIVERSITARIO SAN JORGE,1,0.001,98.49
CIEN-FCEN UNIVERSIDAD DE ANTIOQUIA,1,0.001,98.49
MOFFATT NICHOL,1,0.001,98.5
UNIVERSIDAD DE CALDAS UNICALDAS,1,0.001,98.5
BIOTECNOLOGIA ALIMENTARIA,1,0.001,98.5
FUNDACION PLANETA AZUL CARIBE,1,0.001,98.5
UNIVERSIDAD AUTONOMA METROPOLITANA IZTAPALAPA,1,0.001,98.5
ESE HOSPITAL LOCAL CARTAGENA DE INDIAS,1,0.001,98.5
ESTUDIO LETRAK,1,0.001,98.5
ASESORES CONSULTORES E INTERVENTORES MACIAS SAS,1,0.001,98.5
FUNDACION CENTRO DE INVESTIGACIONES BIOMEDICAS RIESCARD,1,0.001,98.5
INSTITUTO ALEXANDER VON HUMBOLDT,1,0.001,98.5
UNIVERSIDAD INCCA DE COLOMBIA CORPAFE SEDE CONVENIO SOPO,1,0.001,98.51
POLITECNICO DE MILAN,1,0.001,98.51
NATIONAL HIGH MAGNETIC FIELD LABORATORY,1,0.001,98.51
ESCUELA DE TELEMATICA Y ELECTROCNICA,1,0.001,98.51
GRUPO DE INVESTIGACION EN PRODUCTOS NATURALES Y BIOQUIMICA DE MACROMOLECULA,1,0.001,98.51
IPS UNIVERSITARIA DE ANTIOQUIA,1,0.001,98.51
COMISION DE REGULACION DE ENERGIA Y GAS CREG,1,0.001,98.51
QUALITY VISION TECHNOLOGIES,1,0.001,98.51
SERVICIO NACIONAL DE APRENDIZAJE CENTRO NACIONAL COLOMBO ALEMAN (SERVICIO NACIONAL DE APRENDIZAJE SENA),1,0.001,98.51
ALCALDIA MUNICIPAL DE SANTIAGO DE CALI,1,0.001,98.51
COMERCIAL REDCOM CHILE RED DE COMUNIC,1,0.001,98.52
GESATH OUTSOURCING SAS,1,0.001,98.52
UNIVERSITE NICE SOPHIA ANTIPOLIS,1,0.001,98.52
QUADRANTI INGENIERIA SAS,1,0.001,98.52
CORPORACION AUTONOMA REGIONAL DE RISARALDA CARDER,1,0.001,98.52
SECRETARIA DE SALUD DEL META,1,0.001,98.52
ESCUELA DE MICROBIOLOGIA UDEA,1,0.001,98.52
ECONOMETRIA,1,0.001,98.52
ABBOTT LABORATORIES DE COLOMBIA,1,0.001,98.52
UNIVERSIDAD DE GOTEMBURGO,1,0.001,98.52
SHANGHAI UNITED INTERNATIONAL SCHOOL WANYUAN,1,0.001,98.53
ORGANIZACION DE LAS NACIONES UNIDAS FAO,1,0.001,98.53
LYCEE HAUTE FOLLIS,1,0.001,98.53
INSTITUCION EDUCATIVA DISTRITAL NUESTRA SENORA DEL ROSARIO,1,0.001,98.53
GOBERNACION DE LA GUAJIRA,1,0.001,98.53
UNIVERSIDADE ABERTA DO BRASIL,1,0.001,98.53
COLEGIO COLOMBIANO DE EDUCADORES FISICOS Y PROFESIONES AFINES,1,0.001,98.53
KCUMEN DIGITAL SAS,1,0.001,98.53
SAVIANDINA ORGANICS SAS,1,0.001,98.53
GRUPO SOLUCIONES INFORMATICAS EAT (GRUPO GSIMETA),1,0.001,98.53
FONDO SUECO NORUEGO DE COOPERACION CON LA SOCIEDAD CIVIL COLOMBIANA,1,0.001,98.54
FEDERACION NACIONAL DE COMERCIANTES SECCIONAL BOGOTA,1,0.001,98.54
CONSULTORIOS MEDICOS,1,0.001,98.54
R R INVESTIGACIONES Y CONSULTORIA LIMITADA,1,0.001,98.54
AYUNTAMIENTO DE CARCAIXENT,1,0.001,98.54
TRIBUNAL NACIONAL DE ETICA OPTOMETRICA,1,0.001,98.54
UNIVERSIDAD DE NUESTRA SENORA DEL ROSARIO,1,0.001,98.54
UNIVERSIDAD AUTONOMA DE MEDELLIN,1,0.001,98.54
SECRETARIA DE EDUCACION DE ANTIOQUIA (GOBERNACION DE ANTIOQUIA),1,0.001,98.54
FUNDACION PROSPECTIVA,1,0.001,98.54
ASESOR INDEPENDIENTE,1,0.001,98.55
ECOLE POLYTECHNIQUE FEDERALE DE LAUSANNE,1,0.001,98.55
INSTITUTO ALTUM,1,0.001,98.55
FUNDACION CUBO ABIERTO,1,0.001,98.55
UNIVERSIDAD LIBRE DE COLOMBIA CARTAGENA (UNIVERSIDAD LIBRE DE COLOMBIA),1,0.001,98.55
UNIVERSIDAD MARISTA DE GUADALAJARA,1,0.001,98.55
CENTRO NACIONAL DE ASISTENCIA TECNICA A LA INDUSTRIA,1,0.001,98.55
COLSANITAS CLINICENTRO CEDRO BOLIVAR,1,0.001,98.55
ABOGATO JURIDICO SAS,1,0.001,98.55
UNIVERISDAD DE PARIS I LA SORBONA,1,0.001,98.55
SUCROMILES S A,1,0.001,98.56
ASAYMA SAS,1,0.001,98.56
UNIVERSIDAD DE PERPIGNAN,1,0.001,98.56
OFICINA DE ABOGADOS,1,0.001,98.56
MURDOCH CHILDRENS RESEARCH INSTITUTE,1,0.001,98.56
NUCLEO DE MICROCOPIA Y MICROANALISIS,1,0.001,98.56
FUNDACION PARA LA FORMACION Y EL EMPLEO,1,0.001,98.56
PROMOTORA FERROCARRIL DE ANTIOQUIA S A S,1,0.001,98.56
D VIDA E U,1,0.001,98.56
POLITECNICO LOS ALPES,1,0.001,98.56
ULULA OFTALMOLOGIA VETERINARIA,1,0.001,98.57
UNIVERSIDADE FEDERAL DO ABC UFABC,1,0.001,98.57
RYERSON UNIVERSITY,1,0.001,98.57
PARQUES NACIONALES NATURALES DE COLOMBIA (UNIDAD ADMINISTRATIVA DE PARQUES NACIONALES NATURALES DIRECCION TERRITORIAL CARIBE),1,0.001,98.57
UNIVERSIDADE FEDERAL DO PARA,1,0.001,98.57
COLEGIO SANTOS APOSTOLES,1,0.001,98.57
INSTITUTO PARA LA INVESTIGACION EN CIENCIAS BIOMEDICAS SCI HELP S A S,1,0.001,98.57
FUNDACION TERRICOLA,1,0.001,98.57
CGIAR RESEARCH PROGRAM ON CLIMATE CHANGE AGRICULTURE AND FOOD SECURITY,1,0.001,98.57
SOUTHERN FEDERAL UNIVERSITY,1,0.001,98.57
ASOCIACION DE AUTORIDADES INDIGENAS DE LOS PASTOS,1,0.001,98.58
UNIVERSITY OF ICELAND,1,0.001,98.58
CARGILL ANIMAL NUTRITION,1,0.001,98.58
CONSULTORIO PRIVADO,1,0.001,98.58
TYCO SERVICES S A (ADT COLOMBIA),1,0.001,98.58
INGENIERA STRYCON LTDA,1,0.001,98.58
FUNDACION PARA EL ANALISIS DE LA SEGURIDAD Y LA ATENCION A POBLACIONES,1,0.001,98.58
OFICINA DE ARQUITECTURA SAS,1,0.001,98.58
UNIDAD ADMINISTRATIVA DE PARQUES NACIONALES NATURALES DIRECCION TERRITORIAL CARIBE,1,0.001,98.58
S S TECNOLOGIA Y SERVICIO,1,0.001,98.58
INSTITUCION EDUCATIVA LA MERCED,1,0.001,98.59
SYNERGY RESEARCH Y DEVELOPMENT GROUP,1,0.001,98.59
INSTITUTO NACIONAL DE PESQUISAS DA AMAZONIA,1,0.001,98.59
I3NET S A S,1,0.001,98.59
COLSEGUROS,1,0.001,98.59
MINISTERIO DE EDUCACION,1,0.001,98.59
AEQUOLEX ASESORIA JURIDICA,1,0.001,98.59
SENA CENTRO DE SERVICIOS Y GESTION EMPRESARIAL MEDELLIN (SERVICIO NACIONAL DE APRENDIZAJE SENA),1,0.001,98.59
UNIDAD ESPECIALIZADA EN REHABILITACION ORAL,1,0.001,98.59
IPS RODRIGO BOTERO SAS,1,0.001,98.59
SOCIEDAD MEXICANA DE BIOTECNOLOGIA Y BIOINGENIERIA,1,0.001,98.6
ECONOMETRIA CONSUTORES,1,0.001,98.6
PONTIFICIA UNIVERSIDAD CATOLICA DEL ECUADOR,1,0.001,98.6
FUNDEUIS,1,0.001,98.6
CENTRO DE FRACTURAS Y LESIONES DEPORTIVAS,1,0.001,98.6
SENA TECNOPARQUES,1,0.001,98.6
MALIK ON MANAGEMENT,1,0.001,98.6
ACADEMIA VILLA DANZA,1,0.001,98.6
INSTITUCION EDUCATIVA DISTRITAL SIMON RODRIGUEZ,1,0.001,98.6
BIOHIDROINGENIERIA SAS,1,0.001,98.6
CENTRO COLOMBIANO DE MEDICINA BASADA EN LA EVIDENCIA,1,0.001,98.61
UNIVERSITY OF TENNESSEE KNOXVILLE,1,0.001,98.61
CENTRO DE INVESTIGACION INNOVACION Y DESARROLLO,1,0.001,98.61
EMPRESA SOCIAL DEL ESTADO CARMEN EMILIA OSPINA,1,0.001,98.61
COINS S A S,1,0.001,98.61
LABORATORIO DE VIROLOGIA INSTITUTO NACIONAL DE SALUD,1,0.001,98.61
BIOPARQUE LA RESERVA,1,0.001,98.61
ESCUELA DE INFANTERIA,1,0.001,98.61
UNIVESITY OF MEMPHIS,1,0.001,98.61
UNIVERSITE GRENOBLE ALPES,1,0.001,98.61
UNIVERSIDAD NACIONAL NACIONAL ABIERTA Y A DISTANCIA UNAD SEDE SAHAGUN (UNIVERSIDAD NACIONAL ABIERTA Y A DISTANCIA),1,0.001,98.62
SECRETARIA DEPARTAMENTAL DE SALUD DEL CAUCA,1,0.001,98.62
UNIVERSIDAD LIBRE CUCUTA (UNIVERSIDAD LIBRE DE COLOMBIA),1,0.001,98.62
CORLANC S A S,1,0.001,98.62
BIOGEOECO,1,0.001,98.62
CENTRO DE COMERCIO Y SERVICIOS SENA IBAGUE TOLIMA (SERVICIO NACIONAL DE APRENDIZAJE SENA),1,0.001,98.62
ESCUELA NACIONAL DE POLICIA GENERAL SANTANDER,1,0.001,98.62
ALCALDIA DE NEIVA,1,0.001,98.62
RED EUROPEA PARA LA COOPERACION CULTURAL ENTRE EUROPA Y AMERICA LATINA,1,0.001,98.62
CNG CONSULTING SAS,1,0.001,98.62
SENA CENTRO DE LA INNOVACION AGROINDUSTRIA Y EL TURISMO,1,0.001,98.63
ANGGY SHOES,1,0.001,98.63
DINAE ESCUELA DE SEGURIDAD VIAL,1,0.001,98.63
ASOCIACION AGROPECUARIA UCEBUL,1,0.001,98.63
AGENCIA NACIONAL DE HIDROCARBUROS ANH,1,0.001,98.63
UNIVERSIDAD PEDAGOGICA NACIONAL DE COLOMBIA,1,0.001,98.63
SMART SIMPLE ENGINEERING,1,0.001,98.63
SENA CENTRO AGROTURISTICO,1,0.001,98.63
CENTRO DE FORMACION AGROINDUSTRIAL LA ANGOSTURA SENA (SERVICIO NACIONAL DE APRENDIZAJE SENA),1,0.001,98.63
INSTITUCION EDUCATIVA TECNICA INDUSTRIAL DE SOLEDAD MARIA AUXILIADORA,1,0.001,98.63
NORTHWESTERN UNIVERSITY,1,0.001,98.64
CENTRE DE RECHERCHE HICSA HISTOIRE CULTURELLE ET SOCIALE DES ARTS EA 4100 UNIVERSITE PARIS 1 PANTHEONSORBONNE,1,0.001,98.64
ARCHIVES DEPARTEMENTALES DE LA MANCHE,1,0.001,98.64
SENA CENTRO NACIONAL COLOMBO ALEMAN (SERVICIO NACIONAL DE APRENDIZAJE SENA),1,0.001,98.64
VENTURA FONTAN FONTAN Y CIA S C S,1,0.001,98.64
LABORATORIO CLINICO SANTA LUCIA,1,0.001,98.64
GESELLSCHAFT FUR INTERNATIONALE ZUSAMMENARBEIT,1,0.001,98.64
CORPORACION TECNOLOGICA INDUSTRIAL COLOMBIANA,1,0.001,98.64
UNICERVANTES FUNDACION UNIVERSITARIA,1,0.001,98.64
LABORATORIO DEPARTAMENTAL DE SALUD PUBLICA DE BOYACA,1,0.001,98.64
REVISTA DE LA UNIVERSIDAD INDUSTRIAL DE SANTANDER SALUD,1,0.001,98.65
CONCENTRACION ESCOLAR SAN JUAN,1,0.001,98.65
CENTRO INCA,1,0.001,98.65
ALEPH INGENIEROS CONSULTORES,1,0.001,98.65
INTERNATIONAL SOCIETY OF HOMOTOXICOLOGY AND HOMEOPATHY HEEL COLOMBIA LTDA,1,0.001,98.65
INDIGO PROMOTORA Y CONSTRUCTORA SAS,1,0.001,98.65
ESE HOSPITAL MENTAL DE ANTIOQUIA,1,0.001,98.65
CLINICA DEL COUNTRY,1,0.001,98.65
UNIVERSIDAD BOLIVARIANA DE VENEZUELA,1,0.001,98.65
ASTORGA,1,0.001,98.65
SEMILLERO DE NEUROCIENCIAS Y ENVEJECIMIENTO DE LA PUJ BOGOTA,1,0.001,98.66
FUNDACION PARA LA PREVENCION DE LA DISCAPACIDAD FUNDIS,1,0.001,98.66
KAISERSLAUTERN UNIVERSITY OF TECHNOLOGY,1,0.001,98.66
ALEVINOS EL TEJAR,1,0.001,98.66
COMITE PERMANENTE POR LA DEFENSA DE LOS DERECHOS HUMANOS,1,0.001,98.66
IEBS BUSSINESS SCHOOL,1,0.001,98.66
MINISTERIO DE MINAS Y ENERGIA MINMINAS,1,0.001,98.66
MTX NUTRITIONR,1,0.001,98.66
AUTOMOTRIZ TRANSMAR DE CORTES S A DE C V,1,0.001,98.66
EMPRESAS UPAEP,1,0.001,98.66
FISH Y GREENS,1,0.001,98.67
POLYAROMAS SAS,1,0.001,98.67
LAW OFFICES OF CARLOS MAURICIO DUQUE,1,0.001,98.67
SENA MULTISECTORIAL ORIENTE ANTIOQUENO,1,0.001,98.67
CENTRO ORIENTAL DE ECOSISTEMAS Y BIODIVERSIDAD BIOECO,1,0.001,98.67
VELASQUEZ Y ASOCIADOS ABOGADOS Y CONTADORES PUBLICOS SAS,1,0.001,98.67
TETRA PAK,1,0.001,98.67
UNIVERSIDAD NACIONAL EXPERIMENTAL RAFAEL MARIA BARALT UNERMB,1,0.001,98.67
INSTITUTO POLITECNICO NACIONAL,1,0.001,98.67
ORGANIZACION CLINICA GENERAL DEL NORTE,1,0.001,98.67
UNIVERSIDAD NACIONAL DE ROSARIO,1,0.001,98.68
MINISTERIO DE AMBIENTE Y DESARROLLO SOSTENIBLE,1,0.001,98.68
CORPORACION PARA ESTUDIOS EN SALUD CLINICA CES (CLINICA CES),1,0.001,98.68
FUNDACION COLOMBIANA DE PROFESIONALES PARA EL CUIDADO DE LA PIEL Y LAS HERIDAS FUNDEPIEL COLOMBIA,1,0.001,98.68
SERVICIOS INTEGRALES ORTOTRAUMA S A S Y CENTRO DE CELULAS MADRE Y BIOTECNOLOGIA CEMAB,1,0.001,98.68
UNIVERSIDAD INTERNACIONAL DE LA RIOJA,1,0.001,98.68
NEWYORK WEILL CORNELL MEDICAL CENTER,1,0.001,98.68
UNIVERSIDAD AUTONOMA MANIZALES,1,0.001,98.68
INSTITUCION EDUCATIVA PAZ Y ESPERANZA,1,0.001,98.68
CORPORACION ORQUIDEOLOGICA,1,0.001,98.68
SENA CENTRO DE SERVICIOS FINANCIEROS (SERVICIO NACIONAL DE APRENDIZAJE SENA),1,0.001,98.69
ASOCIACION DE OBSTETRICIA Y GINECOLOGIA DLEL,1,0.001,98.69
SERVICIO OCCIDENTAL DE SALUD E P S S A,1,0.001,98.69
PRAXIS AND TECHNOLOGY GROUP SAS,1,0.001,98.69
AGRISERVICE SPA,1,0.001,98.69
CORPORACION DE EDUCACION DEL NORTE DEL TOLIMA,1,0.001,98.69
IATA INSTITUTO DE AGROQUIMICA Y TECNOLOGIA DE ALIMENTOS,1,0.001,98.69
GIMNASIO BILINGUE CAMPESTRE MARIE CURIE,1,0.001,98.69
INSTITUCION EDUCATIVA MUNICIPAL CRISTO REY,1,0.001,98.69
UNIVERSIDAD DE LA FRONTERA,1,0.001,98.69
SPORTSQUEBEC,1,0.001,98.7
CIUDAD EDUCADORA ESPIRITU SANTO (INVERSIONES PARROD SAS),1,0.001,98.7
LONDON SCHOOL OF HYGIENE Y TROPICAL MEDICINE,1,0.001,98.7
ALCADIA MUNICIPAL DE VALLEDUPAR,1,0.001,98.7
UNIVERSITY OF ARKANSAS,1,0.001,98.7
I E COLEGIO ANDRES BELLO,1,0.001,98.7
UNIVERSIDAD DE LA RIOJA,1,0.001,98.7
CENTRO AGROPECUARIO Y DE SERVICIOS AMBIENTALES JIRIJIRIMO (SERVICIO NACIONAL DE APRENDIZAJE SENA),1,0.001,98.7
INSTITUCION EDUCATIVA MEGACOLEGIO MIA ROGERIO VELAZQUEZ MURILLO,1,0.001,98.7
TROPENBOS INTERNATIONAL,1,0.001,98.7
ZURCHER HOCHSCHULE DER KUNSTE,1,0.001,98.71
UNIVERSIDAD DEL META,1,0.001,98.71
LA ESCUELA SUPERIOR DE GUERRA,1,0.001,98.71
UNIVERSIDAD DE ALCALA,1,0.001,98.71
CENTRO EMPRESARIAL EDUCATIVO CEMPED,1,0.001,98.71
SOCIEDAD NACIONAL DE LA CRUZ ROJA COLOMBIANA,1,0.001,98.71
RTS COLOMBIA,1,0.001,98.71
RECONOSER ID SAS,1,0.001,98.71
UNIVERSIDAD PEDRO DE VALDIVIA,1,0.001,98.71
FUNDACION GLOBAL DISEASE RESEARCH COLOMBIA,1,0.001,98.71
CLINICA ERASMO LTDA,1,0.001,98.72
CORPORACION UNIVERSITARIA AUTONOMA DEL NORTE,1,0.001,98.72
GRUPO DE EVALUACION DE TECNOLOGIAS Y POLITICAS EN SALUD,1,0.001,98.72
CORPORACION ECOLOGICA Y CULTURAL PENCA DE SABILA,1,0.001,98.72
CENTRO PSICOSOCIAL ARGENTINO,1,0.001,98.72
HOSPITAL INFANTIL DE PASTO,1,0.001,98.72
DEPARTAMENTO ADMINISTRATIVO DE PLANEACION SANTIAGO DE CALI,1,0.001,98.72
ALCALDIA DE SAN JOSE DE CUCUTA,1,0.001,98.72
COLEGOA AGUSTINIANO DE PALMIRA,1,0.001,98.72
CENTRO INCA LTDA.,1,0.001,98.72
IED THELMA ROSA AREVALO,1,0.001,98.73
ESTRIOS SAS,1,0.001,98.73
SECRETARIA DISTRITAL DE INTEGRACION SOCIAL,1,0.001,98.73
SONO SAS,1,0.001,98.73
MEDICAL CENTER LITOTRICIA,1,0.001,98.73
CORPORACION PAISAJES RURALES,1,0.001,98.73
E S E HOSPITAL SAN RAFAEL DE TUNJA,1,0.001,98.73
ECOLE POLYTECHNIQUE,1,0.001,98.73
CLINICA SOMER,1,0.001,98.73
INSTITUTO CISALVA,1,0.001,98.73
SECRETARIA DE EDUCACION DE BARRANQUILLA,1,0.001,98.74
UNIMINUTO REGIONAL SUR (CORPORACION UNIVERSITARIA MINUTO DE DIOS UNIMINUTO),1,0.001,98.74
UROBOSQUE CENTRO UROLOGICO,1,0.001,98.74
UNIVERSIDAD PEDAGOGICA Y TECNOLOGICA DE COLOMBIA UPTC SEDE TUNJA,1,0.001,98.74
COMPENSAR,1,0.001,98.74
UNIVERSIDAD SURCOLOMBIANA USCO,1,0.001,98.74
HOSPITAL REGIONAL DE LA ORINOQUIA ESE,1,0.001,98.74
DENTIX COLOMBIA,1,0.001,98.74
THE HUMMINGBIRD CONSERVANCY FUNDACION COLIBRI,1,0.001,98.74
TEXAS STATE UNIVERSITY SAN MARCOS,1,0.001,98.74
COLEGIO EL DIVINO NINO,1,0.001,98.75
INSTITUTO MEDICO DE ALTA TECNOLOGIA,1,0.001,98.75
CENTRO LATINOAMERICANO DE ESTUDIOS AMBIENTALES,1,0.001,98.75
COMPANIA GRUPO ENEL,1,0.001,98.75
CLINICAS ODONTOLOGICAS ORALSMILE IPS,1,0.001,98.75
SERVICIO NACIONAL DE APRENDIZAJE SENA C D T I VALLE (SERVICIO NACIONAL DE APRENDIZAJE SENA),1,0.001,98.75
INSTITUTO COMPLUTENSE DE ESTUDIOS INTERNACIONALES,1,0.001,98.75
ECJRC,1,0.001,98.75
IDOM CONSULTING ENGINEERING ARCHITECTURE SAU,1,0.001,98.75
THE CHILDREN'S HOSPITAL OF PHILADELPHIA,1,0.001,98.75
PERSONERIA DE MEDELLIN,1,0.001,98.76
FUNDACION JAVERIANA DE SERVICIOS MEDICO ODONTOLOGICOS JAVESALUD,1,0.001,98.76
INSTITUTO TECNICO INDUSTRIAL SALESIANO,1,0.001,98.76
UNIVERSIDAD NUESTRA SENORA DEL ROSARIO,1,0.001,98.76
ADMINISTRACION DE NEGOCIOS S C LTDA,1,0.001,98.76
UNIVERSITY OF CALIFORNIA - SAN DIEGO,1,0.001,98.76
ECOSOCIAL CONSULTORES SAS,1,0.001,98.76
ESTANCIA POSDOCTORAL PROGRAMA DE POSGRADUACAO EM VETERINARIA UNIVERSIDADE FEDERAL DE PELOTAS PELOTAS RS BRASIL,1,0.001,98.76
CENTRO DE INVESTIGACION Y DESARROLLO EN CIENCIAS APLICADAS DR JORGE RONCO CINDECA,1,0.001,98.76
CORPORACION INSTITUTO SUPERIOR DE EDUCACION SOCIAL ISES,1,0.001,98.76
ALIMENTOS POLAR COLOMBIA S A S,1,0.001,98.77
ARMADA NACIONAL FUERZAS MILITARES DE COLOMBIA,1,0.001,98.77
INSTITUTO NACIONAL DE FORMACION TECNICA PROFESIONAL INFOTEP,1,0.001,98.77
UNIVERSIDAD DE PUERTO RICO RECINTO DE RIO PIEDRAS,1,0.001,98.77
UNIVERSIDAD DE SASKATCHEWAN,1,0.001,98.77
MASSACHUSETTS GENERAL HOSPITAL HARVARD MEDICAL SCHOOL,1,0.001,98.77
DEPARTAMENTO DISTRITAL DE SALUD DE BARRANQUILLA,1,0.001,98.77
PBX GRUPO DE INVESTIGACION EN COMUNICACION Y CULTURA,1,0.001,98.77
DIME CLINICA NEUROCARDIOVASCULAR,1,0.001,98.77
UNIMEQORL,1,0.001,98.77
CAMINERIACOLOMBIA SAS,1,0.001,98.78
FABA (FUNDACION TECNOLOGICA AUTONOMA DE BOGOTA FABA Y UNIVERSIDAD DE SANTANDER UDES SEDE BOGOTA),1,0.001,98.78
LOPEZ ASOCIADOS ABOGADOS S A S,1,0.001,98.78
FUNDACION REEDUCATIVA PROFUTURO,1,0.001,98.78
BIRMINGHAM CITY UNIVERSITY,1,0.001,98.78
SOCIEDAD COLOMBIANA DE ORQUIDEOLOGIA,1,0.001,98.78
ASOCIACION ALEMANA DE LUCHA AL ENFERMO DE LEPRA Y TUBERCULOSIS,1,0.001,98.78
UUNIVERSIDAD TECNOLOGICA DEL CHOCO,1,0.001,98.78
FUNDACION HISPANOAMERICANA CALI,1,0.001,98.78
UNIVERSITY OF CENTRAL FLORIDA,1,0.001,98.78
RED DE PEDAGOGIA S A S (RED DE PEDAGOGIA SAS),1,0.001,98.79
MINISTERIO DE TRANSPORTE,1,0.001,98.79
UNIVERSITY OF ILLINOIS AT URBABA CHAMPAIGN,1,0.001,98.79
UNIVERSIDAD AUTONOMA DE SAN LUIS POTOSI,1,0.001,98.79
NEW YORK UNIVERSITY,1,0.001,98.79
SYNERGY PUBLISHERS,1,0.001,98.79
PROSEARCH EUROPE,1,0.001,98.79
THE UNIVERSITY OF NEW SOUTH WALES,1,0.001,98.79
AALTO UNIVERSITY,1,0.001,98.79
SUBRED INTEGRADA DE SERVICIOS DE SALUD SUR ESE,1,0.001,98.79
FACULTAD DE ARTES ASAB UNIVERSIDAD DISTRITAL FRANCISCO JOSE DE CALDAS (UNIVERSIDAD DISTRITAL FRANCISCO JOSE DE CALDAS),1,0.001,98.8
AGRO360 SAS,1,0.001,98.8
INVESTIGADORA INDEPENDIENTE,1,0.001,98.8
ANLA AUTORIDAD NACIONAL DE LICENCIAS AMBIENTALES,1,0.001,98.8
INTERNATIONAL SCHOOL OF PENANG,1,0.001,98.8
INSTITUTO COLOMBIANO DEL SISTEMA NERVIOSO CLINICA MONTSERRAT,1,0.001,98.8
INSTITUTO DE ENVEJECIMIENTO,1,0.001,98.8
CORE BIOTECNOLOGIA BIOINGENIERIA S A,1,0.001,98.8
HONEYWELL INC,1,0.001,98.8
MEDICARTE S A,1,0.001,98.8
BIOMINERALESCOL SAS,1,0.001,98.81
ASOCIACION SOCIEDAD COLOMBIANA DE NEUROPSICOLOGIA,1,0.001,98.81
UNIVERSIDADE FEDERAL DO AMAZONAS MANAUS BRASIL,1,0.001,98.81
ISTITUTO NAZIONALE DI GEOFISICA E VULCANOLOGIA,1,0.001,98.81
TECHNOLOGICAL UNIVERSITY DUBLIN,1,0.001,98.81
GRUPO DE INVESTIGACION EN EDUCACION MATEMATICA MATEMATICA Y ESTADISTICA UP,1,0.001,98.81
MUSEO NACIONAL DE COLOMBIA,1,0.001,98.81
INSTITUTO MAX PLANCK PARA LA BIOGEOQUIMICA,1,0.001,98.81
GRUPO DE ECOLOGIA ANIMAL DE LA UNIVERSIDAD DEL VALLE,1,0.001,98.81
INSTITUCION EDUCATIVA COLEGIO ORIENTAL 26,1,0.001,98.81
UNIVERSITE DE NEUCHATEL,1,0.001,98.82
ALURA ANIMAL HEALTH & NUTRITION SAS,1,0.001,98.82
SERVICIO NACIONAL DE APRENDIZAJE SENA REGIONAL BOLIVAR CENTRO INTERNACIONAL NAUTICO FLUVIAL Y PORTUARIO (SERVICIO NACIONAL DE APRENDIZAJE SENA),1,0.001,98.82
INSTITUCION UNIVERSITARIA MARCO FIDEL SUAREZ,1,0.001,98.82
RANGEL REHABILITACION,1,0.001,98.82
THE UNIVERSITY OF NOTTINGHAM,1,0.001,98.82
BRAINCO SAS,1,0.001,98.82
INTERNATIONAL SOLUTIONS IN BUSINESS EDUCATION STRATEGIES AND TECHNOLOGIES SAS,1,0.001,98.82
ESCUELA NORMAL SUPERIOR FRANCISCO DE PAULA SANTANDER,1,0.001,98.82
BIOLOGIA Y CONTROL DE ENFERMEDADES INFECCIOSAS (UNIVERSIDAD DE ANTIOQUIA),1,0.001,98.82
UNIVERSIDAD DE ANTIOQUIA ESCUELA DE MICROBIOLOGIA,1,0.001,98.83
SERVICIO NACIONAL DE APRENDIZAJE SENA REGIONAL DE BOYACA (SERVICIO NACIONAL DE APRENDIZAJE SENA),1,0.001,98.83
FERMILAB,1,0.001,98.83
THE UNIVERSITY OF TENNESSEE,1,0.001,98.83
RUHRUNIVERSITAT BOCHUM,1,0.001,98.83
IMPERIAL COLLEGE OF SCIENCE TECHNOLOGY AND MEDICINE,1,0.001,98.83
INGREDIENTES Y PRODUCTOS FUNCIONALES SA,1,0.001,98.83
INSTITUTO DE BIOETICA,1,0.001,98.83
PFIZER S A S,1,0.001,98.83
UNIVERSIDAD DE SALZBURGO - UNIGIS,1,0.001,98.83
INSTITUCION EDUCATIVA INEM JOSE FELIX DE RESTREPO,1,0.001,98.84
FUNDACION CENTRO DE INVESTIGACION Y GESTION DEL CONOCIMIENTO,1,0.001,98.84
INSTITUCION EDUCATIVA BLANQUIZAL,1,0.001,98.84
E S E HOSPITAL MANUEL URIBE ANGEL,1,0.001,98.84
UNIVERSIDAD SANTO TOMAS SEDE BOGOTA,1,0.001,98.84
UNIFORMED SERVICES UNIVERSITY,1,0.001,98.84
CORPORACION INSTITUTO SUPERIOR MARTIN LUTHER KING (UNIVERSIDAD EVANGELICA NICARAGUENSE MARTIN LUTHER KING),1,0.001,98.84
UNIVERSITY OF MASSACHUSETTS AMHERST,1,0.001,98.84
CENTRO DE MICROSCOPIA Y MICROANALISIS,1,0.001,98.84
INSTITUTO TECNICO AGRICOLA DE CACHIRA,1,0.001,98.84
CORPORACION PENSER,1,0.001,98.85
INSTITUCION EDUCATIVA PRODENCIA DAZA,1,0.001,98.85
YARA DE COLOMBIA SA,1,0.001,98.85
DEJUSTICIA,1,0.001,98.85
NELSON MANDELA UNIVERSITY,1,0.001,98.85
JARDIN BOTANICO DE MEDELLIN,1,0.001,98.85
ICF,1,0.001,98.85
UNIVERSIDADE FEDERAL DA BAHIA,1,0.001,98.85
FUNDACION ANA HERRERA DE PARDO,1,0.001,98.85
"CENTRO DE ESTUDIOS DE DERECHO JUSTICIA Y SOCIEDAD (CENTRO DE ESTUDIOS DE DERECHO, JUSTICIA Y SOCIEDAD)",1,0.001,98.85
UNIVERSIDAD NACIONAL DE COLOMBIA SEDE MEDELLIN,1,0.001,98.86
SECRETARIA DE EDUCACION BELLO,1,0.001,98.86
HOSPITAL UNIVERSITARIO INFANTIL DE SAN JOSE,1,0.001,98.86
INALDE,1,0.001,98.86
ASOCIACION IBEROAMERICANA DE ECONOMIA ADMINISTRACION Y MARKETING,1,0.001,98.86
RUTGERS THE STATE UNIVERSITY OF NEW JERSEY,1,0.001,98.86
UNIVERSIDAD SURCOLOMBIANA PROGRAMA DE PSICOLOGIA,1,0.001,98.86
UNILABS ASESORIA E INVESTIGACION SAS,1,0.001,98.86
CENTRO INTERDISCIPLINARIO DE ESTUDIOS SOBRE DESARROLLO (UNIVERSIDAD DE LOS ANDES),1,0.001,98.86
UNIVERSITAT ERLANGEN NURNBERG FRIEDRICH ALEXANDER,1,0.001,98.86
INSTITUTO JOSE ANTONIO GALAN,1,0.001,98.87
UNIVERSIDAD DE ANTIOQUIA GRUPO DE INVEST BIOGENESIS,1,0.001,98.87
CALIFORNIA STATE UNIVERSITY DOMINGUEZ HILLS,1,0.001,98.87
CONCEJO NACIONAL DE CIENCIA Y TECNOLOGIA,1,0.001,98.87
UNIVERSIDAD PONTIFICIA BOLIVARIANA SEDE FLORIDABLANCA (UNIVERSIDAD PONTIFICIA BOLIVARIANA),1,0.001,98.87
UNIDAD NACIONAL PARA LA GESTION DEL RIESGO DE DESASTRES,1,0.001,98.87
CSIC,1,0.001,98.87
CONSULTORIA Y MEDIO AMBIENTE LTDA.,1,0.001,98.87
INSTITUTO NACIONAL DE SALUD PUBLICA DE MEXICO,1,0.001,98.87
HUMAX PHARMACEUTICAL S A S,1,0.001,98.87
UNIDAD DE INVESTIGACION CRIMINAL DE LA DEFENSA,1,0.001,98.88
LEIBNIZINSTITUT FUR NATURSTOFFFORSCHUNG UND INFEKTIONSBIOLOGIE,1,0.001,98.88
INTEL CORPORATION,1,0.001,98.88
SECRETARIA DEPARTAMENTAL DE SALUD DEL VALLE DEL CAUCA (GOBERNACION DEL VALLE DEL CAUCA),1,0.001,98.88
LIFEFACTORS ZONA FRANCA (LIFEFACTORS SAS),1,0.001,98.88
INSTITUTO DE PARASITOLOGIA Y BIOMEDICINA LOPEZ NEIRA,1,0.001,98.88
DARTMOUTH COLLEGE,1,0.001,98.88
INDUSTRIA,1,0.001,98.88
FRANCISCAN UNIVERSITY OF STEUBENVILLE,1,0.001,98.88
CENTRO DE INVESTIGACION EN ECOSISTEMAS DE LA PATAGONIA,1,0.001,98.88
MARQUETTE UNIVERSITY,1,0.001,98.89
SANOFI PASTEUR,1,0.001,98.89
JM DATA LABS,1,0.001,98.89
SUNY DOWNSTATE MEDICAL CENTER,1,0.001,98.89
UNIVERSIDAD DE MICHIGAN,1,0.001,98.89
FUNINDES,1,0.001,98.89
LV CONSULTORES,1,0.001,98.89
ESSEC BUSINESS SCHOOL,1,0.001,98.89
LADYS CONFECCIONES SAS,1,0.001,98.89
CROP ENHANCEMENT INC,1,0.001,98.89
FUNDACION CHILLOA,1,0.001,98.9
INSTITUTO SUPERIOR DE FORMACION DOCENTE SALOME URENA ISFODOSU,1,0.001,98.9
UNITED STATES DEPARTMENT OF AGRICULTURE USDA,1,0.001,98.9
ACKER LEBEN LTDA,1,0.001,98.9
CENTRO INTERNACIONAL DE RESTAURACION NEUROLOGICA,1,0.001,98.9
UNIVERSIDAD DEL VALLE SEDE NORTE DEL CAUCA (UNIVERSIDAD DEL VALLE),1,0.001,98.9
FUNDACION PARA LA INVESTIGACION Y CONSERVACION BIOLOGICA MARINA ECOMARES,1,0.001,98.9
FUNDACION INTERFACE CENTRO DE INNOVACION,1,0.001,98.9
MINERALES INDUSTRIALES S A,1,0.001,98.9
INSTITUTO CIFE S A S,1,0.001,98.9
GENETICA ANIMAL DE COLOMBIA SAS,1,0.001,98.91
UNIVERSIDAD NACIONAL DE MAR DEL PLATA,1,0.001,98.91
GREENCAP,1,0.001,98.91
VIRGINIA COMMONWEALTH UNIVERSITYCOLLEGE OF ENGINEERING,1,0.001,98.91
COLEGIO NACIONAL DE QUIMICOS FARMACEUTICOS DE COLOMBIA,1,0.001,98.91
UNIVERSIDAD DE GUANAJUATO CAMPUS CELAYA SALVATIERRA,1,0.001,98.91
INSTITUCION UNIVERSITARIA AUTONOMA DE LAS AMERCIAS,1,0.001,98.91
FRUBANA SAS,1,0.001,98.91
INSTITUTO DE TECNOLOGIA EN POLIMEROS Y NANOTECNOLOGIA ITPN CONICET UBA,1,0.001,98.91
PROGRAMA PARA EL TRATAMIENTO Y ESTUDIO DE ENFERMEDADES HEMATOLOGICAS Y ONCOLOGICAS DE SANTANDER LTDA,1,0.001,98.91
ASOCIACION COLOMBIANA DE NEUROCIRUGIA,1,0.001,98.92
CREANDO SOLUCIONES INFORMATICAS LTDA,1,0.001,98.92
INSTITUTO NEUMOLOGICO DEL ORIENTE SA,1,0.001,98.92
ELECTROCAQUETA,1,0.001,98.92
MINISTERIO DE AMBIENTE Y DESARROLLO TERRITORIAL,1,0.001,98.92
FUNDACION CENTRO DE FORMACION E INVESTIGACION DE CORDOBA,1,0.001,98.92
HOSPITAL UNIVERSITARIO DEL CARIBE,1,0.001,98.92
MUSEUM FUR NATURKUNDE,1,0.001,98.92
CENTRO DE CIENCIAS GENOMICAS - UNAM,1,0.001,98.92
ITOPF,1,0.001,98.92
UNIVERSIDAD DE CRANFIELD,1,0.001,98.93
INSTITUTO UNIVERSITARIO DE EDUCACION FISICA DE LA UNIVERSIDAD DE ANTIOQUIA (UNIVERSIDAD DE ANTIOQUIA),1,0.001,98.93
ALCALDIA DE SINCELEJO,1,0.001,98.93
HUMBOLDT UNIVERSITY OF BERLIN,1,0.001,98.93
"CENTRO DE ESTUDIOS DE DERECHO JUSTICIA Y SOCIEDAD DEJUSTICIA (CENTRO DE ESTUDIOS DE DERECHO, JUSTICIA Y SOCIEDAD)",1,0.001,98.93
INSTITUTO FRANCES DE ESTUDIOS ANATOLICOS,1,0.001,98.93
GENCELL PHARMA SAS,1,0.001,98.93
INSTITUCION TECNICA COMERCIAL SANTA RITA,1,0.001,98.93
UNIVERSIDAD AUTONOMA DE ENTRE RIOS,1,0.001,98.93
FUNDACION NACIONAL BATUTA,1,0.001,98.93
PROEXCAR SAS,1,0.001,98.94
CETIE-UNIVERSIDAD DE VALLADOLID,1,0.001,98.94
ASOCIACION DE PROFESIONALES EN MEDICINA VETERINARIA Y ZOOTECNIA DE LA AMAZONIA,1,0.001,98.94
ETH ZURICH,1,0.001,98.94
ONU MUJERES,1,0.001,98.94
UNIVERSIDAD AGUSTINIANA,1,0.001,98.94
UNIVERSITY OF MINNESOTA,1,0.001,98.94
UNIVERSITY OF LIEGE,1,0.001,98.94
UNIVERSIDAD DE LAS AMERICAS PUEBLA MEXICO,1,0.001,98.94
UNIVERSIDADE ESTADUAL DO NORTE FLUMINENSE DARCY RIBEIRO,1,0.001,98.94
CENTRO DE INVESTIGACIONES Y DE ESTUDIOS AVANZADOS DEL INSTITUTO POLITECNICO NACIONAL CINVESTAV,1,0.001,98.95
UNIVERSITY OF ILLINOIS AT URBANA-CHAMPAIGN,1,0.001,98.95
OKA CONSULTORES S A S,1,0.001,98.95
CENTRO DE INVESTIGACIONES Y FORMACION AVANZADA CIEACCODEMA (COOPERATIVA DEL MAGISTERIO),1,0.001,98.95
UNIVERSITY OF SUSSEX,1,0.001,98.95
INALDE ESCUELA DE DIRECCION Y NEGOCIOS,1,0.001,98.95
SUPERINTENDENCIA GENERAL DE PUERTOS,1,0.001,98.95
DIDACONTROL SAS,1,0.001,98.95
UNIVERSITE D ORLEANS,1,0.001,98.95
TIP LTDA,1,0.001,98.95
CELSIA S A E S P,1,0.001,98.96
UNIVERSIDAD DE AARHUS,1,0.001,98.96
FUNDACION UNIVERSITARIA CATOLICA,1,0.001,98.96
CORPORACION DE CIENCIA Y TECNOLOGIA AMBIENTAL MACARENIA,1,0.001,98.96
MEDICINA MATERNO FETAL CARTAGENA DE INDIAS DIAGNOSTICO PRENATAL AVANZADO Y TERAPIA FETAL SAS,1,0.001,98.96
RAMA JUDICIAL COLOMBIA,1,0.001,98.96
ROCHE DIAGNOSTICS GMBH,1,0.001,98.96
STANLEY S SCOTT CANCER CENTER LOUISIANA STATE UNIVERSITY HEALTH SCIENCES CENTER,1,0.001,98.96
CENTRO DE AUTOMATIZACION INDUSTRIAL SENA REGIONAL CALDAS (SERVICIO NACIONAL DE APRENDIZAJE SENA),1,0.001,98.96
CENTRO COLOMBIANO DE TECNOLOGIA SAS CECOLTEC SAS,1,0.001,98.96
DIRECCION TERRITORIAL DE SALUD DE CALDAS,1,0.001,98.97
INSTITUCION EDUCATIVA SURORIENTAL DE PEREIRA,1,0.001,98.97
UNIVERSIDAD DE LOS ANDES FACULTAD DE ARQUITECTURA Y DISENO,1,0.001,98.97
ALVARO VARGAS ABOGADOS,1,0.001,98.97
AGENCIA DE ESTADOS UNIDOS PARA EL DESARROLLO INTERNACIONAL COLOMBIA,1,0.001,98.97
UNIVERSITY OF PORTSMOUTH,1,0.001,98.97
ESCUELA NORMAL SUPERIOR SAGRADO CORAZON R,1,0.001,98.97
PHMET PROYECTOS HIDROMETEOROLOGICOS,1,0.001,98.97
PROYECTO DE CONSERVACION DE AGUAS Y TIERRAS COLOMBIA,1,0.001,98.97
PETROMARKERS INC,1,0.001,98.97
HOSPITAL INFANTIL DE MEDELLIN,1,0.001,98.98
D4X INGENIERIA SAS,1,0.001,98.98
UNIVERSIDAD DE BELLAS ARTES Y CIENCIAS DE BOLIVAR,1,0.001,98.98
CENTRO DE BIOLOGIA MARINHA DA UNIVERSIDADE DE SAO PAULO,1,0.001,98.98
UNIVERSITE DE NAMUR,1,0.001,98.98
FINANCIERA DEL DESARROLLO TERRITORIAL SA,1,0.001,98.98
UNIVERSIDAD DE VALENCIA LAB FISIOPATOLOGIA DE ENFERMEDADES RARAS,1,0.001,98.98
FACULTAD DE CIENCIAS UNIVERSIDAD NACIONAL AUTONOMA DE MEXICO,1,0.001,98.98
LA CORPORACION UNIVERSITARIA DEL HUILA,1,0.001,98.98
UNIVERSITY OF ILLINOIS AT CHICAGO,1,0.001,98.98
BROAD INSTITUTE OF MIT AND HARVARD,1,0.001,98.99
UNIVERSIDAD DE QUEENSLAND,1,0.001,98.99
ASOCIACION COLOMBIANA DE NEFROLOGIA E HIPERTENSION ARTERIAL,1,0.001,98.99
SMITHSONIAN INSTITUTION. NATIONAL MUSEUM OF NATURAL HISTORY,1,0.001,98.99
INSTITUTO DE FISICA - UNAM,1,0.001,98.99
FUNDACION PARA LA FORMACION INTEGRAL Y EL DESARROLLO HUMANO,1,0.001,98.99
UNIVERSIDAD UTEC,1,0.001,98.99
CREAINN SAS,1,0.001,98.99
PONTIFICIA UNIVERSIDAD CATOLICA DEL PERU,1,0.001,98.99
CONSEJO NACIONAL DE CIENCIA Y TECNOLOGIA CONACYT,1,0.001,98.99
CLINICA SAN JUAN DE DIOS,1,0.001,99.0
LABORATORIO DE INVESTIGACION Y DESARROLLO DE TOLU SAS,1,0.001,99.0
"ROYAL BOTANIC GARDENS, KEW",1,0.001,99.0
EMPRESAS MUNICIPALES DE CALI EMCALI,1,0.001,99.0
CORPORACION UNIVERSITARIA REMINGTON SEDE BOGOTA CUNDINAMARCA (CORPORACION UNIVERSITARIA REMINGTON),1,0.001,99.0
INDISA S A,1,0.001,99.0
BIOGRASS SAS,1,0.001,99.0
UNIP - UNIVERSIDADE PAULISTA,1,0.001,99.0
UNIVERSIDAD ACADEMIA DE HUMANISMO CRISTIANO,1,0.001,99.0
ALIANZA TEAM,1,0.001,99.0
INSTITUTE OF CLINICAL MOLECULAR BIOLOGY,1,0.001,99.01
INDULACTEOS DE COLOMBIA SAS,1,0.001,99.01
INSTITUTO NACIONAL DE PESQUISAS DA AMAZONIAINPA,1,0.001,99.01
FUNDACION PARA EL FOMENTO DE LA INVESTIGACION CIENTIFICA Y TECNOLOGICA,1,0.001,99.01
THERMOFISHER SCIENTIFIC,1,0.001,99.01
FUNDACION SYNAPSE,1,0.001,99.01
GOBERNACION DE BOLIVAR,1,0.001,99.01
AUSTRALIAN NATIONAL UNIVERSITY,1,0.001,99.01
CORPORACIÓN COLOMBIANA DE INVESTIGACIÓN AGROPECUARIA AGROSAVIA SEDE CENTRAL  (CORPORACION COLOMBIANA DE INVESTIGACION AGROPECUARIA AGROSAVIA),1,0.001,99.01
CENTRO DE INVESTIGACION Y ASISTENCIA EN TECNOLOGIA Y DISENO DEL ESTADO DE JALISCO AC,1,0.001,99.01
TECHNOLOGY INNOVATION INSTITUTE,1,0.001,99.02
UNIVERSITY OF SZEGED,1,0.001,99.02
INSTITUTO DE ESTUDIOS AMBIENTALES,1,0.001,99.02
GONZALEZ TASCON SAS,1,0.001,99.02
SECRETARIA DE EDUCACION DE CUNDINAMARCA (GOBERNACION DE CUNDINAMARCA),1,0.001,99.02
CLINICA TRAUMANORTE,1,0.001,99.02
UNIVERSIDAD DE ANTIOQUIA SEDE ANDES (UNIVERSIDAD DE ANTIOQUIA),1,0.001,99.02
HEALTHY MEDICAL CENTER S.A.S.,1,0.001,99.02
SECRETARIA DE EDUCACION DEL MUNICIPIO DE CALI,1,0.001,99.02
FUNDACION GAIA AMAZONAS,1,0.001,99.02
UNIVERSITAT POLITECNICA DE CATALUNYA,1,0.001,99.03
ASOCIACION COLOMBIANA DE NEUROLOGIA,1,0.001,99.03
KARLSRUHE INTITUTE OF TECHNOLOGY,1,0.001,99.03
EMILIO GARCIA ABOGADOS SAS,1,0.001,99.03
INSTITUTE FOR SYSTEMS AND COMPUTER ENGINEERING TECHNOLOGY AND SCIENCE,1,0.001,99.03
UNIVERSIDAD DE AYSEN,1,0.001,99.03
HOSPITAL DE CALDAS,1,0.001,99.03
UNIVERSIDAD TECNICA DE MANABI,1,0.001,99.03
F INICIATIVAS SAS,1,0.001,99.03
RESEARCH INSTITUTE OF UNITED STATES SPANISH,1,0.001,99.03
ESCUELA NACIONAL DE ANTROPOLOGIA E HISTORIA ENAH,1,0.001,99.04
CINARA,1,0.001,99.04
INSTITUCION EDUCATIVA TRICENTENARIO,1,0.001,99.04
UNIVERSITY OF LIVERPOOL,1,0.001,99.04
HORIZON MEDICAL,1,0.001,99.04
CLEMSON UNIVERSITY,1,0.001,99.04
REGISTRADURIA NACIONAL DEL ESTADO CIVIL,1,0.001,99.04
UNIDAD ONCOLOGICA SURCOLOMBIANA,1,0.001,99.04
BAIRESDEV,1,0.001,99.04
GIMNASIO CAMPESTRE STEPHEN HAWKING,1,0.001,99.04
UNIVERSITY OF LEEDS,1,0.001,99.05
CENTRO DE INNOVACION E INVESTIGACION EN METABOLISMO Y DIABETES SAS,1,0.001,99.05
UNIVERSIDAD NACIONAL DEL CENTRO DE LA PROVINCIA DE BUENOS AIRES,1,0.001,99.05
UNIVERSITAT PADERBORN,1,0.001,99.05
UNIVERSITY OF THE WEST OF ENGLAND,1,0.001,99.05
SMITHSONIAN TROPICAL RESEARCH INSTITUTE,1,0.001,99.05
AGROIDEA SAS,1,0.001,99.05
BRNO UNIVERSITY OF TECHNOLOGY,1,0.001,99.05
FUNDACION DE ESTUDIOS SUPERIORES COMFANORTE FESC,1,0.001,99.05
AGROGLOBAL SA,1,0.001,99.05
OKINAWA INSTITUTE OF SCIENCE AND TECHNOLOGY GRADUATE UNIVERSITY,1,0.001,99.06
EL COLEGIO DE MICHOACAN,1,0.001,99.06
INSTITUTO UNIVERSITARIO DE ELECTROQUIMICA,1,0.001,99.06
COLGENES,1,0.001,99.06
INSTITUTO DE INGENIERIA DE LA UNAM,1,0.001,99.06
SECRETARIA DE EDUCACION (ALCALDIA DE MEDELLIN),1,0.001,99.06
GFZ,1,0.001,99.06
SECRETARIA DE SALUD PUBLICA MUNICIPIO DE CALI,1,0.001,99.06
FEDERACION NACIONAL DE CULTIVADORES DE PALMA DE ACEITE FEDEPALMA,1,0.001,99.06
GRIFFITH UNIVERSITY,1,0.001,99.06
BIOEMBRIO FIV SAS,1,0.001,99.07
PROGRAMA OFIDISMO ESCORPIONISMO,1,0.001,99.07
GLASST INNOVATION COMPANY,1,0.001,99.07
FUNDACION UNIVERSITARIA INTERNACIONAL DEL TROPICO AMERICANO,1,0.001,99.07
FUNDACION JARDIN BOTANICO GUILLERMO PINERES,1,0.001,99.07
UNIVERSIDAD DE ANTOFAGASTA,1,0.001,99.07
MUSEO NACIONAL DE CIENCIAS NATURALES,1,0.001,99.07
ORGANIZACION PAJONALES S A S,1,0.001,99.07
PROGRAMA DE NACIONES UNIDAS PARA EL DESARROLLO (PROGRAMA DE LAS NACIONES UNIDAS PARA EL DESARROLLOPNUD),1,0.001,99.07
VERGARA S GROUP TRAINING CONSULTING RESEARCH,1,0.001,99.07
HAUTE ECOLE DINGENIERIE ET DARCHITECTURE FRIBOURG SUISSE,1,0.001,99.08
UNIVERSIDAD ESTATAL DE SONORA,1,0.001,99.08
CENTRO DE ESTUDIOS SUPERIORES MARIA GORETTI (UNIVERSIDAD CESMAG),1,0.001,99.08
PROGRAMA INOVASOCIAL,1,0.001,99.08
NORTHERN ARIZONA UNIVERSITY,1,0.001,99.08
UNIVERSIDADE DE PERNAMBUCO,1,0.001,99.08
UNAD UNIVERSIDAD NACIONAL A DISTANCIA FLORIDA,1,0.001,99.08
UNIVERSIDAD DE LA GUAJIRA VILLANUEVA (UNIVERSIDAD DE LA GUAJIRA),1,0.001,99.08
VITAL CARE CENTRO DE SIMULACION CLINICA,1,0.001,99.08
INSTITUT NATIONAL DES SCIENCES APPLIQUEES DE LYON,1,0.001,99.08
JARDIN BOTANICO DEL QUINDIO,1,0.001,99.09
NOVO NORDISK CENTER FOR BIOSUSTAINABILITY,1,0.001,99.09
ORGANIZACION DE LA NACIONES UNIDAS,1,0.001,99.09
JISO INGENIERIA AVANZADA SAS,1,0.001,99.09
THE ELITE FLOWER LTDA C I,1,0.001,99.09
PLANTA PILOTO DE INGENIERIA QUIMICA UNIVERSIDAD NACIONAL DEL SUR,1,0.001,99.09
REFORESTADORA DE LA COSTA S A GRUPO SANTODOMINGO,1,0.001,99.09
RYR KNOWLEDGE ENGINEERING Y LAB SAS,1,0.001,99.09
INSTITUT FUR BIOMATERIALFORSCHUNG HELMHOLTZ ZENTRUM GEESTHACHT,1,0.001,99.09
CENTRO DE INVESTIGACIONES TECNOLOGICAS DE LA COSTA ATLANTICA CITCA,1,0.001,99.09
SECRETARIA DE EDUCACION DE MEDELLIN,1,0.001,99.1
NEURO CLINICA,1,0.001,99.1
AGENCIA PARA LA RENOVACION DEL TERRITORIO,1,0.001,99.1
INSTITUTO MEXICANO DEL SEGURO SOCIAL,1,0.001,99.1
INVESTIGADOR INDEPENDIENTE,1,0.001,99.1
CORPORACION HUILTUR,1,0.001,99.1
GATEWAY TI MONTERIA S A S,1,0.001,99.1
DIRECCION DE INVESTIGACION CRIMINAL E INTERPOL,1,0.001,99.1
TECNOLOGIAS MARTE S A S,1,0.001,99.1
UNIVERSIDAD NACIONAL AUTONOMA DE MEXICO UNAM,1,0.001,99.1
LABORATORIO DE SUELOS UNIVERSIDAD NACIONAL DE COLOMBIA (UNIVERSIDAD NACIONAL DE COLOMBIA),1,0.001,99.11
SENA CENTRO DE DISENO TECNOLOGICO INDUSTRIAL (SERVICIO NACIONAL DE APRENDIZAJE SENA),1,0.001,99.11
SALGADO MELENDEZ Y ASOCIADOS,1,0.001,99.11
GHENT UNIVERSITY,1,0.001,99.11
FACULDADE PITAGORAS,1,0.001,99.11
FUNDACION HOSPITAL UNIVERSIDAD DEL NORTE,1,0.001,99.11
UNIVERSIDAD IBEROAMERICANA DE MEXICO,1,0.001,99.11
UNIVERSITY OF EASTERN FINLAND,1,0.001,99.11
UNIVERSIDAD PUBLICA DE NAVARRA,1,0.001,99.11
GAIA GREENTECH,1,0.001,99.11
I E D JACKELINE KENNEDY SEDE 2 PREESCOLAR LA CANDELARIA,1,0.001,99.12
EASY SOLUTIONS,1,0.001,99.12
CORPORACION COLEGIO INTERNACIONAL ALTAMIRA,1,0.001,99.12
CHARITE UNIVERSITATSMEDIZIN BERLIN,1,0.001,99.12
UNIVERSITE DE GENEVE,1,0.001,99.12
UNIVERZITA PARDUBICE,1,0.001,99.12
FONDO DE EMPLEADOS DE LA UNIVERSIDAD CATOLICA DE PEREIRA,1,0.001,99.12
UNIVERSITE TOULOUSE III PAUL SABATIER,1,0.001,99.12
UNIVERSITE DU LUXEMBOURG,1,0.001,99.12
IE MARIA INMACULADA,1,0.001,99.12
UNIVERSIDAD DE LESS ILLES BALEARS,1,0.001,99.13
DEAKIN UNIVERSITY,1,0.001,99.13
SESAME WORKSHOP,1,0.001,99.13
CENTRO DE LA INNOVACION LA AGROINDUSTRIA Y LA AVIACION REGIONAL ANTIOQUIA (SERVICIO NACIONAL DE APRENDIZAJE SENA),1,0.001,99.13
CONCORDIA UNIVERSITY,1,0.001,99.13
ITALCOL,1,0.001,99.13
UNIDAD DE FERTILIDAD DEL COUNTRY LTDA,1,0.001,99.13
UNIVERSITY OF TWENTE,1,0.001,99.13
UNIVERSIDAD AUTONOMA DE BAJA CALIFORNIA,1,0.001,99.13
INSTITUCION EDUCATIVA FRANCISCO MIRANDA,1,0.001,99.13
CIENCIA Y TECNOLOGIA DE FAGOS SCIPHAGE SAS,1,0.001,99.14
IED LICEO FEMENINO MERCEDES NARINO,1,0.001,99.14
HOKKAIDO UNIVERSITY,1,0.001,99.14
FUGRO,1,0.001,99.14
CARLOS RESTREPO ARAUJO,1,0.001,99.14
QUADRAM INSTITUTE BIOSCIENCE,1,0.001,99.14
INSTITUTO DE INVESTIGACION Y TECNOLOGIA AGROALIMENTARIAS IRTA,1,0.001,99.14
INSTITUTO PARA LA INVESTIGACION Y PRESERVACION DEL PATRIMONIO CULTURAL Y NATURAL DEL VALLE DEL CAUCA,1,0.001,99.14
UNIVERSITY OF ESSEX,1,0.001,99.14
BIOMANDARINO,1,0.001,99.14
COLEGIONUEVOGIMNASIO EDU CO,1,0.001,99.15
VIRGINIA TECH,1,0.001,99.15
UNIVERSITAT JAUME I DE CASTELLON,1,0.001,99.15
UNIVERSIDAD DE DEUSTO ESPANA,1,0.001,99.15
UNIVERSIDAD SANTIAGO DE CHILE,1,0.001,99.15
BIEKOS,1,0.001,99.15
UNIVERSITE DE PARIS VI PIERRE ET MARIE CURIE,1,0.001,99.15
TECNOLOGIAS ARISTA SAS,1,0.001,99.15
UNIVERSIDAD AUTONOMA DE COAHUILA MEXICO,1,0.001,99.15
UNIVERSIDAD DISTRITAL FRANCISCO JOSE DE CALCAS,1,0.001,99.15
THE UNIVERSITY OF AUCKLAND,1,0.001,99.16
I E VALENTIN CARABALI,1,0.001,99.16
IPS DIAGNOSTISALUD EU,1,0.001,99.16
UNIVERSIDADE DO PORTO,1,0.001,99.16
CENTRO DE ATENCION AL SECTOR AGROPECUARIOCASA,1,0.001,99.16
DEPARTAMENTO ADMINISTRATIVO DE LA PRESIDENCIA DE LA REPUBLICA DAPRE,1,0.001,99.16
CLEAN TECHNOLOGY PARTNERS,1,0.001,99.16
LYCEE NOTRE DAME DE NAZARETH,1,0.001,99.16
FACTORED,1,0.001,99.16
HOCHSCHULE FURTWANGEN UNIVERSITY,1,0.001,99.16
UNIVERSIDAD LIBRE CALI,1,0.001,99.17
LEGAL SHIELD,1,0.001,99.17
CAMPUS VIRTUAL UDES,1,0.001,99.17
TEXAS A M UNIVERSITY SYSTEM,1,0.001,99.17
SERVICIOS GRUPO BIOS SAS,1,0.001,99.17
REDES Y SISTEMAS INTEGRADOS SAS,1,0.001,99.17
UNIVERSIDAD AUTONOMA DE LAS AMERICAS,1,0.001,99.17
UNIVERSITY OF MASSACHUSSETS,1,0.001,99.17
SECRETARIA DE EDUCACION Y CULTURA MUNICIPIO DE SOACHA (MUNICIPIO DE SOACHA),1,0.001,99.17
NEXENTIA SAS,1,0.001,99.17
TECHNISCHE UNIVERSITAT MUNCHEN,1,0.001,99.18
UNIVERSITY OF MEMPHIS,1,0.001,99.18
NEW MEXICO INSTITUTE OF MINING AND TECHNOLOGY,1,0.001,99.18
INSTITUT DE RECHERCHE POUR LE DEVELOPPEMENT IRD,1,0.001,99.18
CENTROS ESPECIALIZADOS DE SAN VICENTE FUNDACION,1,0.001,99.18
GRAMMO SAS,1,0.001,99.18
MAYNOOTH UNIVERSITY,1,0.001,99.18
INSTITUCION EDUCATIVA TIERRA BAJA,1,0.001,99.18
COLEGIO GIMNASIO CAMPESTRE,1,0.001,99.18
SPECTRA INGENIERIA,1,0.001,99.18
UNIVERSITY OF QUEENSLAND CENTRE OF EXCELLENCE FOR ENVIRONMENTAL DECISIONS,1,0.001,99.19
GRUPO EMPRESARIAL HEMPTEC SAS,1,0.001,99.19
ASOCIACION PLATAFORMA LGBTI SANTANDER,1,0.001,99.19
MD ANDERSON CANCER CENTER,1,0.001,99.19
GRUPO DE INVESTIGACION CARLOS FINLAY,1,0.001,99.19
ARGUS COLOMBIA SA,1,0.001,99.19
CENTRO DE INVESTIGACIONES EN ENFERMEDADES TROPICALES UNIVERSIDAD INDUSTRI,1,0.001,99.19
CORPORACION UNIFICADA NACIONAL DE EDUCACION SUPERIOR CUN,1,0.001,99.19
INSTITUCION EDUCATIVA DISTRITAL REUVEN FEURSTEIN,1,0.001,99.19
SUPERINTENDENCIA NACIONAL DE SALUD,1,0.001,99.19
DEPARTAMENTO CONJUNTO DE COMUNICACIONES DE LAS FUERZAS MILITARES,1,0.001,99.2
CENTRO DE INVESTIGACIONES DEL BANANO CENIBANANO,1,0.001,99.2
UPQUA,1,0.001,99.2
MACQUARIE UNIVERSITY,1,0.001,99.2
ORQUESTA FILARMONICA DE BOGOTA,1,0.001,99.2
INSTITUTE FOR AUSTRIAN AND INTERNATIONAL TAX LAW,1,0.001,99.2
CORPORACION UNIVERSITARIA AGRARIA DE COLOMBIA UNIAGRARIA,1,0.001,99.2
1 2 TREE S A S,1,0.001,99.2
LUKER AGRICOLA,1,0.001,99.2
CONTINENTAL GOLD LTDA,1,0.001,99.2
DRUMMOND LTD,1,0.001,99.21
UNIVERSITA DEGLI STUDI DI BERGAMO,1,0.001,99.21
UNIVERSITE PARIS 1 PANTHEONSORBONNE,1,0.001,99.21
UFMG,1,0.001,99.21
BOTANIC GARDEN AND BOTANICAL MUSEUM,1,0.001,99.21
PIEL JOVEN DERMATOLOGIA,1,0.001,99.21
PLEXOS SOFTWARE SAS,1,0.001,99.21
THE BAMBOO FIBRE COMPANY BFC S A S,1,0.001,99.21
HOSPITAL SAN RAFAEL DE PASTO,1,0.001,99.21
UNIVERSIDAD ANDRES BELLO,1,0.001,99.21
ALZAK GROUP SAS,1,0.001,99.22
THINK LINK SAS,1,0.001,99.22
CORPORACION ARMARIO ABIERTO,1,0.001,99.22
EJERCITO NACIONAL,1,0.001,99.22
ADMINISTRATIVE MANAGEMENT CONSULTANTS SAS,1,0.001,99.22
CI INTER APEX SAS,1,0.001,99.22
CENTRO EDUCATIVO JUAN XXIII,1,0.001,99.22
PHARMAPRO S A,1,0.001,99.22
SOUTH POLE ASSET MANAGEMENT S A S,1,0.001,99.22
INCOMBUSTION FASE II,1,0.001,99.22
CORPORACION CULTURAL MUNISIPAL DE VILLAVICENCIO,1,0.001,99.23
CNRS,1,0.001,99.23
GRUPO PROYECTAME,1,0.001,99.23
ESCUELA SUPERIOR DE ADMINISTRACION PUBLICA ESAP SEDE NARINO (ESCUELA SUPERIOR DE ADMINISTRACION PUBLICA),1,0.001,99.23
UNIVERSIDAD CATOLICA DEL MAULE,1,0.001,99.23
SENADO DE LA REPUBLICA,1,0.001,99.23
MERTON COLLEGE,1,0.001,99.23
INSTITUTO TECNICO INDUSTRIAL PASCUAL BRAVO,1,0.001,99.23
HOSPITAL VISTA HERMOSA,1,0.001,99.23
UNIVERSTITAT AUTONOMA DE BARCELONA,1,0.001,99.23
IED SAN ISIDRO SO,1,0.001,99.24
QUEEN MARY AND WESTFIELD COLLEGE,1,0.001,99.24
TECHNISCHE UNIVERSITAT GRAZ,1,0.001,99.24
DUMIAN MEDICAL SAS,1,0.001,99.24
FEDERACION INTERNACIONAL DE LA CRUZ ROJA Y DE LA MEDIA LUNA ROJA,1,0.001,99.24
COLEGIO INTEGRADO NACIONAL ORIENTE DE CALDAS,1,0.001,99.24
UNIVERSIDAD DE CANTABRIA,1,0.001,99.24
UNIVERSIDAD DE BIELEFELD,1,0.001,99.24
FUNDACION IN JU HUELLAS,1,0.001,99.24
IPS YENNY ZORAYA SALAZAR GOLEMAN,1,0.001,99.24
CORPORACION ARTISTICA POLYMNIA TEATRO,1,0.001,99.25
PROYECTOS Y SOLUCIONES AGROINDUSTRIALES,1,0.001,99.25
LEUPHANA UNIVERSITAT OF LUNEBURG,1,0.001,99.25
CENTRO DE INVESTIGACIONES BIOMEDICAS DEL CENTRO DE DIAGNOSTICO CARDIOLOGICO,1,0.001,99.25
CASTILLO ORGANIZACION,1,0.001,99.25
SECRETARIA DE EDUCACION MUNICIPAL MONTERIA,1,0.001,99.25
PDVSA,1,0.001,99.25
ACOCIB ASOCIACION COLOMBIANA DE OBESIDAD Y CIRUGIA BARIATRICA,1,0.001,99.25
DEPARTAMENTO DEL CAUCA,1,0.001,99.25
MEDISANITAS,1,0.001,99.25
UNIVERSIDADE FEDERAL FLUMINENSE UFF,1,0.001,99.26
CEDIMED S.A.S,1,0.001,99.26
EMORY UNIVERSITY,1,0.001,99.26
VALDOSTA STATE UNIVERSITY,1,0.001,99.26
UNIVERSIDADE FEDERAL DO PARANA,1,0.001,99.26
CORPORACION INTERUNIVERSITARIA DE SERVICIOS,1,0.001,99.26
UNIVERSITY OF BERGEN,1,0.001,99.26
COLEGIO ALMIRANTE PADILLA,1,0.001,99.26
CENTRO DE INVESTIGACION Y EDUCACION POPULAR PROGRAMA POR LA PAZ CINEP (FUNDACION CENTRO DE INVESTIGACION Y EDUCACION POPULAR C I N E P),1,0.001,99.26
WYDEA SAS,1,0.001,99.26
REVISTA COPALA,1,0.001,99.27
POLITECNICO DI TORINO,1,0.001,99.27
CRUZ ROJA COLOMBIANA SECCIONAL CUNDINAMARCA Y BOGOTA D C,1,0.001,99.27
CORPORACION UNIVERSITARIA MINUTO DE DIOS VICERRECTORIA REGIONAL SANTANDERES (CORPORACION UNIVERSITARIA MINUTO DE DIOS UNIMINUTO),1,0.001,99.27
HOSPITAL DE KENNEDY,1,0.001,99.27
CENTRO DE INVESTIGACION Y EDUCACION POPULAR,1,0.001,99.27
PARC SANITARI SANT JOAN DE DEU,1,0.001,99.27
SERVICIO NACIONAL DE APRENDIZAJE SENA REGIONAL SANTA MARTA (SERVICIO NACIONAL DE APRENDIZAJE SENA),1,0.001,99.27
UNIVERSIDAD DISTRITAL DOCTORADO EN INGENIERIA (UNIVERSIDAD DISTRITAL FRANCISCO JOSE DE CALDAS),1,0.001,99.27
CLINICA SAHAGUN IPS SA,1,0.001,99.27
MAX PLANCK INSTITUTE FOR DEMOGRAPHIC RESEARCH,1,0.001,99.28
JUI LI ENTERPRISE CORPORATION,1,0.001,99.28
FUNDACION UNIVERSITARIA CATOLICA DEL SUR,1,0.001,99.28
ECOLE NATIONAL SUPERIEURE DES ARTS DECORATIFS ENSAD,1,0.001,99.28
CHILDREN INTERNATIONAL COLOMBIA,1,0.001,99.28
SYDES SAS,1,0.001,99.28
DBSS INTERNATIONAL SAS,1,0.001,99.28
INSTITUTO DE INVESTIGACIONES AMBIENTALES DEL PACIFICO JOHN VON NEUMANN IIAP,1,0.001,99.28
CORTE CONSTITUCIONAL,1,0.001,99.28
DEFENSORIA DEL PUEBLO DE COLOMBIA,1,0.001,99.28
UNIVERSIDAD NACIONAL DE MISIONES,1,0.001,99.29
SURATEP ADMINISTRADORA DE RIESGOS PROFESIONALES,1,0.001,99.29
CGR BIOTECNOLOGIA EMPRESA,1,0.001,99.29
IMAT INSTITUTO MEDICO DE ALTA TECNOLOGIA ONCOMEDICA S A,1,0.001,99.29
INSTITUCION EDUCATIVA DISTRITAL FRANCISCO ANTONIO ZEA DE USME,1,0.001,99.29
ZOOLOGICO DE BARRANQUILLA,1,0.001,99.29
VICOMTECH,1,0.001,99.29
LEIBNIZ UNIVERSITY HANNOVER,1,0.001,99.29
ENSENA POR COLOMBIA TEACH FOR ALL,1,0.001,99.29
ENGIE LAB CRIGEN,1,0.001,99.29
DUQUEKELLEY AND ASSOCIATES PLLC,1,0.001,99.3
UBILEX CENTRO DE NEGOCIOS SAS,1,0.001,99.3
CLINICA SANTA MARIA,1,0.001,99.3
FUNDACION CULTURAL Y SOCIAL COFRADIA TEATRAL,1,0.001,99.3
SENA REGIONAL MAGDALENA (SERVICIO NACIONAL DE APRENDIZAJE SENA),1,0.001,99.3
UNION DE CIRUJANOS S A S MANIZALES,1,0.001,99.3
CORPORACION AUTONOMA REGIONAL PARA EL DESARROLLO DE CALDAS CORPOCALDAS ANTES CRAMSA,1,0.001,99.3
OLIMPIA MANAGEMENT,1,0.001,99.3
INSTITUCION EDUCATIVA SAGRADO CORAZON DE JESUS,1,0.001,99.3
FUNDACION CENTRO DE ESTIMULACION NIVELACION Y DESARROLLO,1,0.001,99.3
MAXPLANCKINSTITUT FUR AUSLANDISCHES OFFENTLICHES RECHT UND VOLKERRECHT,1,0.001,99.31
SOCIEDAD RUEDA GALOFRE E HIJOS SAS,1,0.001,99.31
IGLESIA CENTRO INTERNACIONAL TABERNACULO DE ADORACION,1,0.001,99.31
MUNICIPIO DE ENVIGADO,1,0.001,99.31
CENTRO LATINOAMERICANO DE NUTRICION CELAN,1,0.001,99.31
ESCUELA SUPERIOR DE EMPRESA INGENIERIA Y TECNOLOGIA,1,0.001,99.31
FUNDACION FACTORIA L EXPLOSE,1,0.001,99.31
UNIVERSIDAD AUTONOMA DE GUERRERO,1,0.001,99.31
LABORATORIOS FARMAVIC SA,1,0.001,99.31
FELICIDADCOM SAS,1,0.001,99.31
MAP CENTRE FOR URBAN HEALTH SOLUTIONS LI KA SHING KNOWLEDGE INSTITUTE,1,0.001,99.32
ASESORIAS ACADEMICAS MILTON OCHOA Y BOGOTA SAS,1,0.001,99.32
BIOVERSITY INTERNATIONAL,1,0.001,99.32
INSTITUTO PROFESIONAL IACC,1,0.001,99.32
WAGENINGEN UNIVERSITY Y RESEARCH,1,0.001,99.32
UNIVERSIDAD CIENTIFICA DEL SUR,1,0.001,99.32
UNIVERSITY OF SOUTH CAROLINA,1,0.001,99.32
ALIANZA DE INVESTIGADORES INTERNACIONALES SAS,1,0.001,99.32
CLINICA COLSUBSIDIO,1,0.001,99.32
FUNDACION ZOOLOGICA DE CALI,1,0.001,99.32
CENTRO DE ORTOPEDIA Y REHABILITACION ORTOVITAL INTEGRAL SAS,1,0.001,99.33
UNIVERSIDAD DE GUANAJUATO CAMPUS IRAPUATOSALAMANCA,1,0.001,99.33
UNIVERSIDAD POLITECNICA DEL BICENTENARIO,1,0.001,99.33
SERVICIOS Y ASESORIAS CONSTRUMEGACOSAS,1,0.001,99.33
